,PROMPT,CRP_ID,UPDATE_SOURCE,RECORD_STATUS,LAST_UPDATED_BY,LAST_UPDATE_DATE,CREATION_DATE,CREATED_BY,DELETE_FLAG,BU_ID,ORDER_BY,SL_NO,CMRR_REPORT_ID,CMP_PARAMETER_ID,DEFAULT_VALUE
0,                              ,843,API,I,nan,2011-05-09 19:03:09,2011-05-09 19:03:09,nan,None,None,DESC,2,146,41,None
1,                              ,844,API,I,nan,2011-06-08 10:22:23,2011-06-08 10:22:23,nan,None,None,DESC,5,141,56,None
2,                              ,853,API,I,nan,2011-06-25 10:18:57,2011-06-25 10:18:57,nan,None,None,DESC,1,150,2,None
3,                              ,854,API,I,nan,2011-06-25 10:18:57,2011-06-25 10:18:57,nan,None,None,DESC,3,150,35,None
4,                              ,855,API,I,nan,2011-06-25 10:18:57,2011-06-25 10:18:57,nan,None,None,DESC,4,150,34,None
5,                              ,856,API,I,nan,2011-06-25 10:18:57,2011-06-25 10:18:57,nan,None,None,DESC,2,150,3,None
6,                              ,857,API,I,nan,2011-06-25 10:18:57,2011-06-25 10:18:57,nan,None,None,DESC,5,150,37,None
7,                              ,858,API,I,nan,2011-09-10 11:25:49,2011-09-10 11:25:49,nan,None,None,DESC,1,151,8,None
8,                              ,859,API,I,nan,2011-09-10 11:25:49,2011-09-10 11:25:49,nan,None,None,DESC,2,151,7,None
9,                              ,860,API,I,nan,2011-09-10 11:25:49,2011-09-10 11:25:49,nan,None,None,DESC,4,151,42,None
10,                              ,861,API,I,nan,2011-09-10 11:25:49,2011-09-10 11:25:49,nan,None,None,DESC,3,151,45,None
11,                              ,862,API,I,nan,2011-09-10 11:25:49,2011-09-10 11:25:49,nan,None,None,DESC,4,152,42,None
12,                              ,863,API,I,nan,2011-09-10 11:25:49,2011-09-10 11:25:49,nan,None,None,DESC,1,152,8,None
13,                              ,864,API,I,nan,2011-09-10 11:25:49,2011-09-10 11:25:49,nan,None,None,DESC,2,152,7,None
14,                              ,865,API,I,nan,2011-09-10 11:25:49,2011-09-10 11:25:49,nan,None,None,DESC,3,152,45,None
15,                              ,866,API,I,nan,2011-09-10 11:25:49,2011-09-10 11:25:49,nan,None,None,DESC,4,72,7,None
16,                              ,867,API,I,nan,2011-09-10 11:25:49,2011-09-10 11:25:49,nan,None,None,DESC,5,72,23,None
17,                              ,868,API,I,nan,2011-09-10 11:25:49,2011-09-10 11:25:49,nan,None,None,DESC,6,72,24,None
18,                              ,869,API,I,nan,2011-09-10 11:25:49,2011-09-10 11:25:49,nan,None,None,DESC,3,72,8,None
19,                              ,870,API,I,nan,2011-09-10 11:25:49,2011-09-10 11:25:49,nan,None,None,DESC,2,153,7,None
20,                              ,871,API,I,nan,2011-09-10 11:25:49,2011-09-10 11:25:49,nan,None,None,DESC,1,153,8,None
21,                              ,872,API,I,nan,2011-09-10 11:25:49,2011-09-10 11:25:49,nan,None,None,DESC,3,153,45,None
22,                              ,873,API,I,nan,2011-09-10 11:25:49,2011-09-10 11:25:49,nan,None,None,DESC,3,154,45,None
23,                              ,874,API,I,nan,2011-09-10 11:25:49,2011-09-10 11:25:49,nan,None,None,DESC,1,154,8,None
24,                              ,875,API,I,nan,2011-09-10 11:25:49,2011-09-10 11:25:49,nan,None,None,DESC,2,154,7,None
25,                              ,876,API,I,nan,2011-09-10 11:25:49,2011-09-10 11:25:49,nan,None,None,DESC,2,155,7,None
26,                              ,877,API,I,nan,2011-09-10 11:25:49,2011-09-10 11:25:49,nan,None,None,DESC,1,155,8,None
27,                              ,878,API,I,nan,2011-09-10 11:25:49,2011-09-10 11:25:49,nan,None,None,DESC,3,155,45,None
28,                              ,879,API,I,nan,2011-09-10 11:25:49,2011-09-10 11:25:49,nan,None,None,DESC,1,156,42,None
29,                              ,880,API,I,nan,2011-09-10 11:25:49,2011-09-10 11:25:49,nan,None,None,DESC,1,157,15,None
30,                              ,881,API,I,nan,2011-09-21 18:43:17,2011-09-21 18:43:17,nan,None,None,DESC,2,158,7,None
31,                              ,882,API,I,nan,2011-09-21 18:43:17,2011-09-21 18:43:17,nan,None,None,DESC,4,158,42,None
32,                              ,883,API,I,nan,2011-09-21 18:43:17,2011-09-21 18:43:17,nan,None,None,DESC,1,158,8,None
33,                              ,884,API,I,nan,2011-09-21 18:43:17,2011-09-21 18:43:17,nan,None,None,DESC,3,158,45,None
34,                              ,885,API,I,nan,2011-09-21 18:43:17,2011-09-21 18:43:17,nan,None,None,DESC,1,159,8,None
35,                              ,886,API,I,nan,2011-09-21 18:43:17,2011-09-21 18:43:17,nan,None,None,DESC,2,159,7,None
36,                              ,887,API,I,nan,2011-09-21 18:43:17,2011-09-21 18:43:17,nan,None,None,DESC,4,159,42,None
37,                              ,888,API,I,nan,2011-09-21 18:43:17,2011-09-21 18:43:17,nan,None,None,DESC,3,159,45,None
38,                              ,889,API,I,nan,2011-09-21 18:43:17,2011-09-21 18:43:17,nan,None,None,DESC,1,160,8,None
39,                              ,890,API,I,nan,2011-09-21 18:43:17,2011-09-21 18:43:17,nan,None,None,DESC,2,160,7,None
40,                              ,891,API,I,nan,2011-09-21 18:43:17,2011-09-21 18:43:17,nan,None,None,DESC,4,160,42,None
41,                              ,892,API,I,nan,2011-09-21 18:43:17,2011-09-21 18:43:17,nan,None,None,DESC,3,160,45,None
42,                              ,893,API,I,nan,2011-09-21 18:43:17,2011-09-21 18:43:17,nan,None,None,DESC,4,161,42,None
43,                              ,894,API,I,nan,2011-09-21 18:43:17,2011-09-21 18:43:17,nan,None,None,DESC,1,161,8,None
44,                              ,895,API,I,nan,2011-09-21 18:43:17,2011-09-21 18:43:17,nan,None,None,DESC,2,161,7,None
45,                              ,896,API,I,nan,2011-09-21 18:43:17,2011-09-21 18:43:17,nan,None,None,DESC,3,161,45,None
46,PAYMENT METHOD                ,902,API,I,nan,2011-11-02 20:17:07,2011-11-02 20:17:07,nan,None,None,DESC,3,109,62,None
47,                              ,898,API,I,nan,2011-09-28 21:06:07,2011-09-28 21:06:07,nan,None,None,DESC,1,162,26,None
48,                              ,899,API,I,nan,2011-09-28 21:06:07,2011-09-28 21:06:07,nan,None,None,DESC,2,162,12,None
49,                              ,900,API,I,nan,2011-09-28 21:06:07,2011-09-28 21:06:07,nan,None,None,DESC,1,163,5,None
50,SUMMARY ONLY                  ,901,None,U,29.0,2011-09-29 13:20:24,2011-09-29 13:17:55,29.0,N,1,ASC,5,97,12,NO
51,WEB ORDER NUMBER              ,903,API,I,nan,2011-11-25 23:38:03,2011-11-25 23:38:03,nan,None,None,DESC,11,164,63,None
52,OTHER CRITERIA                ,904,API,I,nan,2011-11-25 23:38:03,2011-11-25 23:38:03,nan,None,None,DESC,8,164,64,None
53,LINE STATUS                   ,905,API,I,nan,2011-11-25 23:38:03,2011-11-25 23:38:03,nan,None,None,DESC,6,164,66,None
54,LINE PHASE                    ,906,API,I,nan,2011-11-25 23:38:03,2011-11-25 23:38:03,nan,None,None,DESC,7,164,65,None
55,ORDER STATUS                  ,907,API,I,nan,2011-11-25 23:38:03,2011-11-25 23:38:03,nan,None,None,DESC,4,164,68,None
56,LABEL TYPE                    ,964,API,I,nan,2015-10-02 18:51:08,2015-10-02 18:51:08,nan,None,None,DESC,3,175,74,None
57,ITEM NUMBER FROM              ,965,API,I,nan,2015-10-02 18:51:08,2015-10-02 18:51:08,nan,None,None,DESC,1,175,8,None
58,ITEM NUMBER TO                ,966,API,I,nan,2015-10-02 18:51:08,2015-10-02 18:51:08,nan,None,None,DESC,2,175,7,None
59,ITEM NUMBER FROM              ,967,API,I,nan,2015-10-02 18:51:08,2015-10-02 18:51:08,nan,None,None,DESC,1,176,8,None
60,ITEM NUMBER TO                ,968,API,I,nan,2015-10-02 18:51:08,2015-10-02 18:51:08,nan,None,None,DESC,2,176,7,None
61,ITEM BATCH                    ,969,API,I,nan,2015-10-02 18:51:08,2015-10-02 18:51:08,nan,None,None,DESC,3,176,45,None
62,BOM ONLY                      ,970,API,I,nan,2015-10-02 18:51:08,2015-10-02 18:51:08,nan,None,None,DESC,5,167,75,NO
63,SUPPLIER                      ,971,API,I,nan,2015-10-02 18:51:08,2015-10-02 18:51:08,nan,None,None,DESC,1,177,30,None
64,STATUS                        ,972,API,I,nan,2015-10-02 18:51:08,2015-10-02 18:51:08,nan,None,None,DESC,2,177,57,None
65,PAYMENT METHOD                ,973,API,I,nan,2015-10-02 18:51:08,2015-10-02 18:51:08,nan,None,None,DESC,3,177,62,None
66,                              ,845,API,I,nan,2011-06-09 23:18:13,2011-06-09 23:18:13,nan,None,None,DESC,1,148,8,None
67,                              ,846,API,I,nan,2011-06-09 23:18:13,2011-06-09 23:18:13,nan,None,None,DESC,3,148,45,None
68,                              ,847,API,I,nan,2011-06-09 23:18:13,2011-06-09 23:18:13,nan,None,None,DESC,4,148,42,None
69,                              ,848,API,I,nan,2011-06-09 23:18:13,2011-06-09 23:18:13,nan,None,None,DESC,2,148,7,None
70,                              ,849,API,I,nan,2011-06-09 23:18:13,2011-06-09 23:18:13,nan,None,None,DESC,3,149,45,None
71,                              ,850,API,I,nan,2011-06-09 23:18:13,2011-06-09 23:18:13,nan,None,None,DESC,4,149,42,None
72,                              ,851,API,I,nan,2011-06-09 23:18:13,2011-06-09 23:18:13,nan,None,None,DESC,1,149,8,None
73,                              ,852,API,I,nan,2011-06-09 23:18:13,2011-06-09 23:18:13,nan,None,None,DESC,2,149,7,None
74,ITEM NUMBER FROM              ,908,API,I,nan,2011-11-25 23:38:03,2011-11-25 23:38:03,nan,None,None,DESC,1,164,8,None
75,ITEM NUMBER TO                ,909,API,I,nan,2011-11-25 23:38:03,2011-11-25 23:38:03,nan,None,None,DESC,2,164,7,None
76,ORDER NUMBER                  ,910,API,I,nan,2011-11-25 23:38:03,2011-11-25 23:38:03,nan,None,None,DESC,3,164,4,None
77,CUSTOMER TO                   ,911,API,I,nan,2011-11-25 23:38:03,2011-11-25 23:38:03,nan,None,None,DESC,10,164,3,None
78,ORDER PHASE                   ,912,API,I,nan,2011-11-25 23:38:03,2011-11-25 23:38:03,nan,None,None,DESC,5,164,67,None
79,CUSTOMER FROM                 ,913,API,I,nan,2011-11-25 23:38:03,2011-11-25 23:38:03,nan,None,None,DESC,9,164,2,None
80,ORDER NUMBER                  ,914,API,I,nan,2011-11-25 23:38:03,2011-11-25 23:38:03,nan,None,None,DESC,13,165,4,None
81,ORDER PHASE                   ,915,API,I,nan,2011-11-25 23:38:03,2011-11-25 23:38:03,nan,None,None,DESC,10,165,67,None
82,LINE STATUS                   ,916,API,I,nan,2011-11-25 23:38:03,2011-11-25 23:38:03,nan,None,None,DESC,11,165,66,None
83,LINE PHASE                    ,917,API,I,nan,2011-11-25 23:38:03,2011-11-25 23:38:03,nan,None,None,DESC,12,165,65,None
84,ITEM NUMBER FROM              ,918,API,I,nan,2011-11-25 23:38:03,2011-11-25 23:38:03,nan,None,None,DESC,1,165,8,None
85,ITEM NUMBER TO                ,919,API,I,nan,2011-11-25 23:38:03,2011-11-25 23:38:03,nan,None,None,DESC,2,165,7,None
86,ORDER STATUS                  ,920,API,I,nan,2011-11-25 23:38:03,2011-11-25 23:38:03,nan,None,None,DESC,9,165,68,None
87,CATEGORY TO                   ,921,API,I,nan,2011-11-25 23:38:03,2011-11-25 23:38:03,nan,None,None,DESC,6,165,31,None
88,SUB CATEGORY TO               ,922,API,I,nan,2011-11-25 23:38:03,2011-11-25 23:38:03,nan,None,None,DESC,8,165,29,None
89,SUB CATEGORY FROM             ,923,API,I,nan,2011-11-25 23:38:03,2011-11-25 23:38:03,nan,None,None,DESC,7,165,28,None
90,SUPPLIER TO                   ,924,API,I,nan,2011-11-25 23:38:03,2011-11-25 23:38:03,nan,None,None,DESC,4,165,24,None
91,SUPPLIER FROM                 ,925,API,I,nan,2011-11-25 23:38:03,2011-11-25 23:38:03,nan,None,None,DESC,3,165,23,None
92,CATEGORY FROM                 ,926,API,I,nan,2011-11-25 23:38:03,2011-11-25 23:38:03,nan,None,None,DESC,5,165,32,None
93,CUSTOMER NUMBER               ,927,API,I,nan,2012-01-29 16:13:17,2012-01-29 16:13:17,nan,None,None,DESC,8,166,70,None
94,CATEGORY FROM                 ,928,API,I,nan,2012-01-29 16:13:17,2012-01-29 16:13:17,nan,None,None,DESC,3,166,32,None
95,ITEM NUMBER TO                ,929,API,I,nan,2012-01-29 16:13:18,2012-01-29 16:13:18,nan,None,None,DESC,2,166,7,None
96,ITEM NUMBER FROM              ,930,API,I,nan,2012-01-29 16:13:18,2012-01-29 16:13:18,nan,None,None,DESC,1,166,8,None
97,SUB CATEGORY FROM             ,931,API,I,nan,2012-01-29 16:13:18,2012-01-29 16:13:18,nan,None,None,DESC,5,166,28,None
98,SUB CATEGORY TO               ,932,API,I,nan,2012-01-29 16:13:18,2012-01-29 16:13:18,nan,None,None,DESC,6,166,29,None
99,CATEGORY TO                   ,933,API,I,nan,2012-01-29 16:13:18,2012-01-29 16:13:18,nan,None,None,DESC,4,166,31,None
100,ITEM BATCH                    ,934,API,I,nan,2012-01-29 16:13:18,2012-01-29 16:13:18,nan,None,None,DESC,7,166,45,None
101,ITEM BATCH                    ,935,API,I,nan,2012-01-29 16:13:18,2012-01-29 16:13:18,nan,None,None,DESC,3,167,45,None
102,INCLUDE PICTURE               ,936,API,I,nan,2012-01-29 16:13:18,2012-01-29 16:13:18,nan,None,None,DESC,4,167,42,None
103,ITEM NUMBER TO                ,937,API,I,nan,2012-01-29 16:13:18,2012-01-29 16:13:18,nan,None,None,DESC,2,167,7,None
104,ITEM NUMBER FROM              ,938,API,I,nan,2012-01-29 16:13:18,2012-01-29 16:13:18,nan,None,None,DESC,1,167,8,None
105,ITEM NUMBER FROM              ,939,API,I,nan,2012-01-29 16:13:18,2012-01-29 16:13:18,nan,None,None,DESC,1,168,8,None
106,ITEM BATCH                    ,940,API,I,nan,2012-01-29 16:13:18,2012-01-29 16:13:18,nan,None,None,DESC,3,168,45,None
107,ITEM NUMBER TO                ,941,API,I,nan,2012-01-29 16:13:18,2012-01-29 16:13:18,nan,None,None,DESC,2,168,7,None
108,LOCATION                      ,942,API,I,nan,2012-03-01 21:43:58,2012-03-01 21:43:58,nan,None,None,DESC,1,169,26,None
109,CATEGORY FROM                 ,943,API,I,nan,2012-03-18 18:34:31,2012-03-18 18:34:31,nan,None,None,DESC,13,144,32,None
110,CATEGORY TO                   ,944,API,I,nan,2012-03-18 18:34:31,2012-03-18 18:34:31,nan,None,None,DESC,14,144,31,None
111,SUMMARY ONLY                  ,945,API,I,nan,2012-04-21 18:55:33,2012-04-21 18:55:33,nan,None,None,DESC,1,170,12,None
112,ITEM NUMBER TO                ,946,API,I,nan,2012-07-21 13:48:56,2012-07-21 13:48:56,nan,None,None,DESC,2,171,7,None
113,ITEM NUMBER FROM              ,947,API,I,nan,2012-07-21 13:48:56,2012-07-21 13:48:56,nan,None,None,DESC,1,171,8,None
114,ITEM BATCH                    ,948,API,I,nan,2012-07-21 13:48:56,2012-07-21 13:48:56,nan,None,None,DESC,3,171,45,None
115,LOCATION                      ,949,API,I,nan,2012-07-21 13:48:56,2012-07-21 13:48:56,nan,None,None,DESC,1,172,26,None
116,GRN NUMBER                    ,950,API,I,nan,2012-07-21 13:48:56,2012-07-21 13:48:56,nan,None,None,DESC,4,172,14,None
117,SUPPLIER FROM                 ,951,API,I,nan,2012-07-21 13:48:56,2012-07-21 13:48:56,nan,None,None,DESC,2,172,23,None
118,SUPPLIER TO                   ,952,API,I,nan,2012-07-21 13:48:56,2012-07-21 13:48:56,nan,None,None,DESC,3,172,24,None
119,CUSTOMER FROM                 ,953,API,I,nan,2012-07-21 13:48:56,2012-07-21 13:48:56,nan,None,None,DESC,1,173,2,None
120,CUSTOMER TO                   ,954,API,I,nan,2012-07-21 13:48:56,2012-07-21 13:48:56,nan,None,None,DESC,2,173,3,None
121,CHECK IMAGE                   ,955,API,I,nan,2013-08-03 09:35:18,2013-08-03 09:35:18,nan,None,None,DESC,9,167,73,None
122,CATEGORY TO                   ,956,API,I,nan,2013-08-03 09:35:18,2013-08-03 09:35:18,nan,None,None,DESC,6,167,31,None
123,SUB CATEGORY FROM             ,957,API,I,nan,2013-08-03 09:35:18,2013-08-03 09:35:18,nan,None,None,DESC,7,167,28,None
124,CATEGORY FROM                 ,958,API,I,nan,2013-08-03 09:35:18,2013-08-03 09:35:18,nan,None,None,DESC,5,167,32,None
125,SUB CATEGORY TO               ,959,API,I,nan,2013-08-03 09:35:18,2013-08-03 09:35:18,nan,None,None,DESC,8,167,29,None
126,ITEM NUMBER FROM              ,960,API,I,nan,2013-08-03 09:35:18,2013-08-03 09:35:18,nan,None,None,DESC,1,174,8,None
127,ITEM BATCH                    ,961,API,I,nan,2013-08-03 09:35:18,2013-08-03 09:35:18,nan,None,None,DESC,3,174,45,None
128,ITEM NUMBER TO                ,962,API,I,nan,2013-08-03 09:35:18,2013-08-03 09:35:18,nan,None,None,DESC,2,174,7,None
129,INVOICE NUMBER                ,963,API,I,nan,2013-08-03 09:35:18,2013-08-03 09:35:18,nan,None,None,DESC,3,141,5,None
130,                              ,658,API,I,nan,2010-08-17 16:50:28,2010-08-17 16:50:28,nan,None,None,DESC,3,99,41,None
131,                              ,659,API,I,nan,2010-08-17 16:50:28,2010-08-17 16:50:28,nan,None,None,DESC,2,99,3,None
132,                              ,660,API,I,nan,2010-08-17 16:50:28,2010-08-17 16:50:28,nan,None,None,DESC,1,99,2,None
133,                              ,661,API,I,nan,2010-08-17 16:50:28,2010-08-17 16:50:28,nan,None,None,DESC,1,100,42,None
134,                              ,662,API,I,nan,2010-08-17 16:50:28,2010-08-17 16:50:28,nan,None,None,DESC,2,101,42,None
135,                              ,663,API,I,nan,2010-08-17 16:50:28,2010-08-17 16:50:28,nan,None,None,DESC,1,101,43,None
136,                              ,676,API,I,nan,2010-09-08 18:19:48,2010-09-08 18:19:48,nan,None,None,DESC,5,104,45,None
137,                              ,677,API,I,nan,2010-09-08 18:19:48,2010-09-08 18:19:48,nan,None,None,DESC,4,102,45,None
138,                              ,678,API,I,nan,2010-09-13 17:59:15,2010-09-13 17:59:15,nan,None,None,DESC,4,107,45,None
139,                              ,679,API,I,nan,2010-09-13 17:59:15,2010-09-13 17:59:15,nan,None,None,DESC,3,107,7,None
140,                              ,680,API,I,nan,2010-09-13 17:59:15,2010-09-13 17:59:15,nan,None,None,DESC,1,107,44,None
141,                              ,681,API,I,nan,2010-09-13 17:59:15,2010-09-13 17:59:15,nan,None,None,DESC,2,107,8,None
142,                              ,682,API,I,nan,2010-09-13 17:59:15,2010-09-13 17:59:15,nan,None,None,DESC,3,106,7,None
143,                              ,683,API,I,nan,2010-09-13 17:59:15,2010-09-13 17:59:15,nan,None,None,DESC,2,106,8,None
144,                              ,684,API,I,nan,2010-09-13 17:59:15,2010-09-13 17:59:15,nan,None,None,DESC,1,106,44,None
145,                              ,685,API,I,nan,2010-09-13 17:59:15,2010-09-13 17:59:15,nan,None,None,DESC,4,106,45,None
146,                              ,686,API,I,nan,2010-10-14 15:23:18,2010-10-14 15:23:18,nan,None,None,DESC,4,96,3,None
147,                              ,687,API,I,nan,2010-10-14 15:23:18,2010-10-14 15:23:18,nan,None,None,DESC,3,96,2,None
148,                              ,688,API,I,nan,2010-10-14 15:23:18,2010-10-14 15:23:18,nan,None,None,DESC,1,108,30,None
149,                              ,689,API,I,nan,2010-10-14 15:23:18,2010-10-14 15:23:18,nan,None,None,DESC,1,110,12,None
150,                              ,690,API,I,nan,2010-10-14 15:23:18,2010-10-14 15:23:18,nan,None,None,DESC,1,109,30,None
151,                              ,691,API,I,nan,2010-11-25 22:11:26,2010-11-25 22:11:26,nan,None,None,DESC,3,74,46,None
152,                              ,692,API,I,nan,2010-11-25 22:11:26,2010-11-25 22:11:26,nan,None,None,DESC,1,111,47,None
153,CREDIT NOTE NUMBER            ,541,API,I,nan,2010-01-08 18:01:24,2010-01-08 18:01:24,nan,None,None,DESC,1,57,1,None
154,SUPPLIER TO                   ,542,API,I,nan,2010-01-08 18:01:24,2010-01-08 18:01:24,nan,None,None,DESC,2,58,24,None
155,SUPPLIER FROM                 ,543,API,I,nan,2010-01-08 18:01:24,2010-01-08 18:01:24,nan,None,None,DESC,1,58,23,None
156,SUPPLIER FROM                 ,544,API,I,nan,2010-01-08 18:01:24,2010-01-08 18:01:24,nan,None,None,DESC,1,59,23,None
157,SUPPLIER TO                   ,545,API,I,nan,2010-01-08 18:01:24,2010-01-08 18:01:24,nan,None,None,DESC,2,59,24,None
158,CUSTOMER FROM                 ,546,API,I,nan,2010-01-08 18:01:24,2010-01-08 18:01:24,nan,None,None,DESC,1,60,2,None
159,CUSTOMER TO                   ,547,API,I,nan,2010-01-08 18:01:24,2010-01-08 18:01:24,nan,None,None,DESC,2,60,3,None
160,CUSTOMER FROM                 ,548,API,I,nan,2010-01-08 18:01:24,2010-01-08 18:01:24,nan,None,None,DESC,1,61,2,None
161,CUSTOMER TO                   ,549,API,I,nan,2010-01-08 18:01:24,2010-01-08 18:01:24,nan,None,None,DESC,2,61,3,None
162,ORDER NUMBER                  ,550,API,I,nan,2010-01-08 18:01:24,2010-01-08 18:01:24,nan,None,None,DESC,1,62,4,None
163,ORDER NUMBER                  ,551,API,I,nan,2010-01-08 18:01:24,2010-01-08 18:01:24,nan,None,None,DESC,1,64,4,None
164,ORDER NUMBER                  ,552,API,I,nan,2010-01-08 18:01:24,2010-01-08 18:01:24,nan,None,None,DESC,1,65,4,None
165,INVOICE NUMBER                ,553,API,I,nan,2010-01-08 18:01:24,2010-01-08 18:01:24,nan,None,None,DESC,1,63,5,None
166,LOCATION                      ,554,API,I,nan,2010-01-08 18:01:24,2010-01-08 18:01:24,nan,None,None,DESC,1,67,26,None
167,LOCATION                      ,555,API,I,nan,2010-01-08 18:01:24,2010-01-08 18:01:24,nan,None,None,DESC,1,66,26,None
168,MOVEMENT TYPE                 ,556,API,I,nan,2010-01-08 18:01:24,2010-01-08 18:01:24,nan,None,None,DESC,5,80,6,None
169,ITEM NUMBER TO                ,557,API,I,nan,2010-01-08 18:01:24,2010-01-08 18:01:24,nan,None,None,DESC,5,68,7,None
170,GRN NUMBER                    ,558,API,I,nan,2010-01-08 18:01:24,2010-01-08 18:01:24,nan,None,None,DESC,6,68,14,None
171,ITEM NUMBER FROM              ,559,API,I,nan,2010-01-08 18:01:24,2010-01-08 18:01:24,nan,None,None,DESC,4,68,8,None
172,SUPPLIER FROM                 ,560,API,I,nan,2010-01-08 18:01:24,2010-01-08 18:01:24,nan,None,None,DESC,2,68,23,None
173,SUPPLIER TO                   ,561,API,I,nan,2010-01-08 18:01:24,2010-01-08 18:01:24,nan,None,None,DESC,3,68,24,None
174,LOCATION                      ,562,API,I,nan,2010-01-08 18:01:24,2010-01-08 18:01:24,nan,None,None,DESC,1,68,26,None
175,ITEM NAME FROM                ,563,API,I,nan,2010-01-08 18:01:24,2010-01-08 18:01:24,nan,None,None,DESC,4,69,21,None
176,ITEM NAME TO                  ,564,API,I,nan,2010-01-08 18:01:24,2010-01-08 18:01:24,nan,None,None,DESC,5,69,20,None
177,LOCATION                      ,565,API,I,nan,2010-01-08 18:01:24,2010-01-08 18:01:24,nan,None,None,DESC,1,69,26,None
178,SUPPLIER FROM                 ,566,API,I,nan,2010-01-08 18:01:24,2010-01-08 18:01:24,nan,None,None,DESC,2,69,23,None
179,SUPPLIER TO                   ,567,API,I,nan,2010-01-08 18:01:24,2010-01-08 18:01:24,nan,None,None,DESC,3,69,24,None
180,DAYS OLD                      ,568,API,I,nan,2010-01-08 18:01:24,2010-01-08 18:01:24,nan,None,None,DESC,2,70,9,None
181,LOCATION                      ,569,API,I,nan,2010-01-08 18:01:24,2010-01-08 18:01:24,nan,None,None,DESC,1,70,26,None
182,LOCATION                      ,570,API,I,nan,2010-01-08 18:01:24,2010-01-08 18:01:24,nan,None,None,DESC,1,71,26,None
183,ALL ITEMS                     ,571,API,I,nan,2010-01-08 18:01:24,2010-01-08 18:01:24,nan,None,None,DESC,11,81,10,None
184,SUMMARY ONLY                  ,572,API,I,nan,2010-01-08 18:01:24,2010-01-08 18:01:24,nan,None,None,DESC,2,83,12,None
185,LOCATION                      ,573,API,I,nan,2010-01-08 18:01:24,2010-01-08 18:01:24,nan,None,None,DESC,3,77,26,None
186,BATCH NAME                    ,574,API,I,nan,2010-01-08 18:01:24,2010-01-08 18:01:24,nan,None,None,DESC,2,77,11,None
187,SUMMARY ONLY                  ,575,API,I,nan,2010-01-08 18:01:24,2010-01-08 18:01:24,nan,None,None,DESC,2,72,12,None
188,LOCATION                      ,576,API,I,nan,2010-01-08 18:01:24,2010-01-08 18:01:24,nan,None,None,DESC,1,72,26,None
189,BATCH NAME                    ,577,API,I,nan,2010-01-08 18:01:24,2010-01-08 18:01:24,nan,None,None,DESC,1,73,13,None
190,GRN NUMBER                    ,578,API,I,nan,2010-01-08 18:01:24,2010-01-08 18:01:24,nan,None,None,DESC,1,74,14,None
191,PO NUMBER                     ,579,API,I,nan,2010-01-08 18:01:24,2010-01-08 18:01:24,nan,None,None,DESC,2,74,15,None
192,PO NUMBER                     ,580,API,I,nan,2010-01-08 18:01:24,2010-01-08 18:01:24,nan,None,None,DESC,1,75,15,None
193,DIFF QTY                      ,581,API,I,nan,2010-01-08 18:01:24,2010-01-08 18:01:24,nan,None,None,DESC,2,76,16,None
194,STOCK TAKE TYPE               ,582,API,I,nan,2010-01-08 18:01:24,2010-01-08 18:01:24,nan,None,None,DESC,1,76,17,None
195,LOCATION                      ,583,API,I,nan,2010-01-08 18:01:24,2010-01-08 18:01:24,nan,None,None,DESC,3,76,26,None
196,STOCK TAKE TYPE               ,584,API,I,nan,2010-01-08 18:01:24,2010-01-08 18:01:24,nan,None,None,DESC,1,77,17,None
197,CATEGORY FROM                 ,585,API,I,nan,2010-01-08 18:01:24,2010-01-08 18:01:24,nan,None,None,DESC,1,78,32,None
198,LOCATION                      ,586,API,I,nan,2010-01-08 18:01:24,2010-01-08 18:01:24,nan,None,None,DESC,5,78,26,None
199,SUB CATEGORY TO               ,587,API,I,nan,2010-01-08 18:01:24,2010-01-08 18:01:24,nan,None,None,DESC,4,78,29,None
200,SUB CATEGORY FROM             ,588,API,I,nan,2010-01-08 18:01:24,2010-01-08 18:01:24,nan,None,None,DESC,3,78,28,None
201,CATEGORY TO                   ,589,API,I,nan,2010-01-08 18:01:24,2010-01-08 18:01:24,nan,None,None,DESC,2,78,31,None
202,CATEGORY FROM                 ,592,API,I,nan,2010-01-08 18:01:24,2010-01-08 18:01:24,nan,None,None,DESC,1,79,32,None
203,SUPPLIER TO                   ,593,API,I,nan,2010-01-08 18:01:24,2010-01-08 18:01:24,nan,None,None,DESC,6,79,24,None
204,ITEM NAME FROM                ,594,API,I,nan,2010-01-08 18:01:24,2010-01-08 18:01:24,nan,None,None,DESC,7,79,21,None
205,SUPPLIER FROM                 ,595,API,I,nan,2010-01-08 18:01:24,2010-01-08 18:01:24,nan,None,None,DESC,5,79,23,None
206,SUB CATEGORY TO               ,596,API,I,nan,2010-01-08 18:01:24,2010-01-08 18:01:24,nan,None,None,DESC,4,79,29,None
207,SUB CATEGORY FROM             ,597,API,I,nan,2010-01-08 18:01:24,2010-01-08 18:01:24,nan,None,None,DESC,3,79,28,None
208,CATEGORY TO                   ,598,API,I,nan,2010-01-08 18:01:24,2010-01-08 18:01:24,nan,None,None,DESC,2,79,31,None
209,ITEM NAME TO                  ,599,API,I,nan,2010-01-08 18:01:24,2010-01-08 18:01:24,nan,None,None,DESC,8,79,20,None
210,SOURCE LOCATION FROM          ,600,API,I,nan,2010-01-08 18:01:24,2010-01-08 18:01:24,nan,None,None,DESC,1,80,18,None
211,DEST LOCATION NAME            ,601,API,I,nan,2010-01-08 18:01:24,2010-01-08 18:01:24,nan,None,None,DESC,2,80,19,None
212,ITEM NAME FROM                ,602,API,I,nan,2010-01-08 18:01:24,2010-01-08 18:01:24,nan,None,None,DESC,3,80,21,None
213,ITEM NAME TO                  ,603,API,I,nan,2010-01-08 18:01:24,2010-01-08 18:01:24,nan,None,None,DESC,4,80,20,None
214,ITEM NAME TO                  ,604,API,I,nan,2010-01-08 18:01:24,2010-01-08 18:01:24,nan,None,None,DESC,10,81,20,None
215,ITEM NAME FROM                ,605,API,I,nan,2010-01-08 18:01:24,2010-01-08 18:01:24,nan,None,None,DESC,9,81,21,None
216,SUGGESTED FORMULA             ,606,API,I,nan,2010-01-08 18:01:24,2010-01-08 18:01:24,nan,None,None,DESC,8,81,22,None
217,SUB CATEGORY FROM             ,607,API,I,nan,2010-01-08 18:01:24,2010-01-08 18:01:24,nan,None,None,DESC,3,81,28,None
218,CATEGORY FROM                 ,608,API,I,nan,2010-01-08 18:01:24,2010-01-08 18:01:24,nan,None,None,DESC,1,81,32,None
219,CATEGORY TO                   ,609,API,I,nan,2010-01-08 18:01:24,2010-01-08 18:01:24,nan,None,None,DESC,2,81,31,None
220,SUPPLIER TO                   ,610,API,I,nan,2010-01-08 18:01:24,2010-01-08 18:01:24,nan,None,None,DESC,7,81,24,None
221,LOCATION                      ,611,API,I,nan,2010-01-08 18:01:24,2010-01-08 18:01:24,nan,None,None,DESC,5,81,26,None
222,SUPPLIER FROM                 ,612,API,I,nan,2010-01-08 18:01:24,2010-01-08 18:01:24,nan,None,None,DESC,6,81,23,None
223,SUB CATEGORY TO               ,613,API,I,nan,2010-01-08 18:01:24,2010-01-08 18:01:24,nan,None,None,DESC,4,81,29,None
224,SUPPLIER TO                   ,614,API,I,nan,2010-01-08 18:01:24,2010-01-08 18:01:24,nan,None,None,DESC,6,82,24,None
225,SUPPLIER TO                   ,615,API,I,nan,2010-01-08 18:01:24,2010-01-08 18:01:24,nan,None,None,DESC,6,84,24,None
226,QTY CRITERIA                  ,616,API,I,nan,2010-01-08 18:01:24,2010-01-08 18:01:24,nan,None,None,DESC,7,82,25,None
227,CATEGORY FROM                 ,617,API,I,nan,2010-01-08 18:01:24,2010-01-08 18:01:24,nan,None,None,DESC,1,82,32,None
228,CATEGORY TO                   ,618,API,I,nan,2010-01-08 18:01:24,2010-01-08 18:01:24,nan,None,None,DESC,2,82,31,None
229,SUB CATEGORY TO               ,619,API,I,nan,2010-01-08 18:01:24,2010-01-08 18:01:24,nan,None,None,DESC,4,82,29,None
230,SUPPLIER                      ,620,API,I,nan,2010-01-08 18:01:24,2010-01-08 18:01:24,nan,None,None,DESC,6,82,23,None
231,SUB CATEGORY FROM             ,621,API,I,nan,2010-01-08 18:01:24,2010-01-08 18:01:24,nan,None,None,DESC,3,82,28,None
232,LOCATION                      ,622,API,I,nan,2010-01-08 18:01:24,2010-01-08 18:01:24,nan,None,None,DESC,5,82,26,None
233,LOCATION                      ,623,API,I,nan,2010-01-08 18:01:24,2010-01-08 18:01:24,nan,None,None,DESC,1,83,26,None
234,SUB LOCATION                  ,624,API,I,nan,2010-01-08 18:01:24,2010-01-08 18:01:24,nan,None,None,DESC,7,84,27,None
235,LOCATION                      ,625,API,I,nan,2010-01-08 18:01:24,2010-01-08 18:01:24,nan,None,None,DESC,6,84,26,None
236,SUB CATEGORY TO               ,626,API,I,nan,2010-01-08 18:01:24,2010-01-08 18:01:24,nan,None,None,DESC,4,84,29,None
237,SUB CATEGORY FROM             ,627,API,I,nan,2010-01-08 18:01:24,2010-01-08 18:01:24,nan,None,None,DESC,3,84,28,None
238,SUPPLIER                      ,628,API,I,nan,2010-01-08 18:01:24,2010-01-08 18:01:24,nan,None,None,DESC,5,84,23,None
239,CATEGORY TO                   ,629,API,I,nan,2010-01-08 18:01:24,2010-01-08 18:01:24,nan,None,None,DESC,2,84,31,None
240,CATEGORY FROM                 ,630,API,I,nan,2010-01-08 18:01:24,2010-01-08 18:01:24,nan,None,None,DESC,1,84,32,None
241,SAVED QUERY                   ,631,API,I,nan,2010-03-16 20:47:19,2010-03-16 20:47:19,nan,None,None,DESC,1,85,33,None
242,                              ,632,API,I,nan,2010-08-03 07:58:31,2010-08-03 07:58:31,nan,None,None,DESC,4,86,34,None
243,                              ,633,API,I,nan,2010-08-03 07:58:31,2010-08-03 07:58:31,nan,None,None,DESC,2,86,3,None
244,CUSTOMER COVER LETTER         ,634,API,I,nan,2010-08-03 07:58:31,2010-08-03 07:58:31,nan,None,None,DESC,3,86,35,None
245,                              ,635,API,I,nan,2010-08-03 07:58:31,2010-08-03 07:58:31,nan,None,None,DESC,1,86,2,None
246,                              ,636,API,I,nan,2010-08-03 07:58:31,2010-08-03 07:58:31,nan,None,None,DESC,2,87,36,None
247,                              ,637,API,I,nan,2010-08-03 07:58:31,2010-08-03 07:58:31,nan,None,None,DESC,3,87,37,None
248,                              ,638,API,I,nan,2010-08-03 07:58:31,2010-08-03 07:58:31,nan,None,None,DESC,1,87,5,None
249,                              ,639,API,I,nan,2010-08-03 07:58:31,2010-08-03 07:58:31,nan,None,None,DESC,1,88,5,None
250,                              ,640,API,I,nan,2010-08-03 07:58:31,2010-08-03 07:58:31,nan,None,None,DESC,1,89,38,None
251,                              ,641,API,I,nan,2010-08-03 07:58:31,2010-08-03 07:58:31,nan,None,None,DESC,1,90,23,None
252,                              ,642,API,I,nan,2010-08-03 07:58:31,2010-08-03 07:58:31,nan,None,None,DESC,2,90,24,None
253,                              ,643,API,I,nan,2010-08-03 07:58:31,2010-08-03 07:58:31,nan,None,None,DESC,1,91,2,None
254,                              ,644,API,I,nan,2010-08-03 07:58:31,2010-08-03 07:58:31,nan,None,None,DESC,2,91,3,None
255,                              ,645,API,I,nan,2010-08-03 07:58:31,2010-08-03 07:58:31,nan,None,None,DESC,1,92,2,None
256,                              ,646,API,I,nan,2010-08-03 07:58:31,2010-08-03 07:58:31,nan,None,None,DESC,2,92,3,None
257,                              ,647,API,I,nan,2010-08-03 07:58:31,2010-08-03 07:58:31,nan,None,None,DESC,3,94,26,None
258,                              ,648,API,I,nan,2010-08-03 07:58:31,2010-08-03 07:58:31,nan,None,None,DESC,3,93,26,None
259,                              ,649,API,I,nan,2010-08-03 07:58:31,2010-08-03 07:58:31,nan,None,None,DESC,2,93,7,None
260,                              ,650,API,I,nan,2010-08-03 07:58:31,2010-08-03 07:58:31,nan,None,None,DESC,1,93,8,None
261,                              ,651,API,I,nan,2010-08-03 07:58:31,2010-08-03 07:58:31,nan,None,None,DESC,1,94,8,None
262,                              ,652,API,I,nan,2010-08-03 07:58:31,2010-08-03 07:58:31,nan,None,None,DESC,2,94,7,None
263,                              ,653,API,I,nan,2010-08-03 07:58:31,2010-08-03 07:58:31,nan,None,None,DESC,1,95,5,None
264,                              ,654,API,I,nan,2010-08-03 07:58:31,2010-08-03 07:58:31,nan,None,None,DESC,2,96,39,None
265,                              ,655,API,I,nan,2010-08-03 07:58:31,2010-08-03 07:58:31,nan,None,None,DESC,1,96,40,None
266,                              ,656,API,I,nan,2010-08-03 07:58:31,2010-08-03 07:58:31,nan,None,None,DESC,2,97,39,None
267,                              ,657,API,I,nan,2010-08-03 07:58:31,2010-08-03 07:58:31,nan,None,None,DESC,1,97,40,None
268,                              ,664,API,I,nan,2010-08-24 09:43:32,2010-08-24 09:43:32,nan,None,None,DESC,1,102,44,None
269,                              ,665,API,I,nan,2010-08-24 09:43:32,2010-08-24 09:43:32,nan,None,None,DESC,2,102,8,None
270,                              ,666,API,I,nan,2010-08-24 09:43:32,2010-08-24 09:43:32,nan,None,None,DESC,3,102,7,None
271,                              ,667,API,I,nan,2010-08-24 09:43:32,2010-08-24 09:43:32,nan,None,None,DESC,2,103,27,None
272,                              ,668,API,I,nan,2010-08-24 09:43:32,2010-08-24 09:43:32,nan,None,None,DESC,1,103,26,None
273,                              ,669,API,I,nan,2010-08-24 09:43:32,2010-08-24 09:43:32,nan,None,None,DESC,3,104,44,None
274,                              ,670,API,I,nan,2010-08-24 09:43:32,2010-08-24 09:43:32,nan,None,None,DESC,1,104,8,None
275,                              ,671,API,I,nan,2010-08-24 09:43:32,2010-08-24 09:43:32,nan,None,None,DESC,2,104,7,None
276,                              ,672,API,I,nan,2010-08-24 09:43:32,2010-08-24 09:43:32,nan,None,None,DESC,4,104,34,None
277,                              ,673,API,I,nan,2010-09-03 15:32:05,2010-09-03 15:32:05,nan,None,None,DESC,1,105,26,None
278,                              ,674,API,I,nan,2010-09-03 15:32:05,2010-09-03 15:32:05,nan,None,None,DESC,3,105,7,None
279,                              ,675,API,I,nan,2010-09-03 15:32:05,2010-09-03 15:32:05,nan,None,None,DESC,2,105,8,None
280,                              ,693,API,I,nan,2010-12-05 16:26:05,2010-12-05 16:26:05,nan,None,None,DESC,3,112,41,None
281,                              ,694,API,I,nan,2010-12-05 16:26:05,2010-12-05 16:26:05,nan,None,None,DESC,1,112,2,None
282,                              ,695,API,I,nan,2010-12-05 16:26:05,2010-12-05 16:26:05,nan,None,None,DESC,2,112,3,None
283,                              ,696,API,I,nan,2010-12-06 22:53:07,2010-12-06 22:53:07,nan,None,None,DESC,8,114,51,None
284,                              ,697,API,I,nan,2010-12-06 22:53:07,2010-12-06 22:53:07,nan,None,None,DESC,7,114,50,None
285,                              ,698,API,I,nan,2010-12-06 22:53:07,2010-12-06 22:53:07,nan,None,None,DESC,6,114,49,None
286,                              ,699,API,I,nan,2010-12-06 22:53:07,2010-12-06 22:53:07,nan,None,None,DESC,5,114,48,None
287,                              ,700,API,I,nan,2010-12-06 22:53:07,2010-12-06 22:53:07,nan,None,None,DESC,8,115,51,None
288,                              ,701,API,I,nan,2010-12-06 22:53:07,2010-12-06 22:53:07,nan,None,None,DESC,7,115,50,None
289,                              ,702,API,I,nan,2010-12-06 22:53:07,2010-12-06 22:53:07,nan,None,None,DESC,6,115,49,None
290,                              ,703,API,I,nan,2010-12-06 22:53:07,2010-12-06 22:53:07,nan,None,None,DESC,5,115,48,None
291,                              ,704,API,I,nan,2010-12-06 22:53:07,2010-12-06 22:53:07,nan,None,None,DESC,1,113,8,None
292,                              ,705,API,I,nan,2010-12-06 22:53:07,2010-12-06 22:53:07,nan,None,None,DESC,5,113,48,None
293,                              ,706,API,I,nan,2010-12-06 22:53:07,2010-12-06 22:53:07,nan,None,None,DESC,4,113,42,None
294,                              ,707,API,I,nan,2010-12-06 22:53:07,2010-12-06 22:53:07,nan,None,None,DESC,2,113,7,None
295,                              ,708,API,I,nan,2010-12-06 22:53:07,2010-12-06 22:53:07,nan,None,None,DESC,6,113,49,None
296,                              ,709,API,I,nan,2010-12-06 22:53:07,2010-12-06 22:53:07,nan,None,None,DESC,7,113,50,None
297,                              ,710,API,I,nan,2010-12-06 22:53:07,2010-12-06 22:53:07,nan,None,None,DESC,8,113,51,None
298,                              ,711,API,I,nan,2010-12-06 22:53:07,2010-12-06 22:53:07,nan,None,None,DESC,3,113,45,None
299,                              ,712,API,I,nan,2010-12-06 22:53:07,2010-12-06 22:53:07,nan,None,None,DESC,4,114,42,None
300,                              ,713,API,I,nan,2010-12-06 22:53:07,2010-12-06 22:53:07,nan,None,None,DESC,4,115,42,None
301,                              ,714,API,I,nan,2010-12-06 22:53:07,2010-12-06 22:53:07,nan,None,None,DESC,1,114,8,None
302,                              ,715,API,I,nan,2010-12-06 22:53:07,2010-12-06 22:53:07,nan,None,None,DESC,2,114,7,None
303,                              ,716,API,I,nan,2010-12-06 22:53:07,2010-12-06 22:53:07,nan,None,None,DESC,3,114,45,None
304,                              ,717,API,I,nan,2010-12-06 22:53:07,2010-12-06 22:53:07,nan,None,None,DESC,3,115,45,None
305,                              ,718,API,I,nan,2010-12-06 22:53:07,2010-12-06 22:53:07,nan,None,None,DESC,1,115,8,None
306,                              ,719,API,I,nan,2010-12-06 22:53:07,2010-12-06 22:53:07,nan,None,None,DESC,2,115,7,None
307,                              ,720,API,I,nan,2010-12-14 11:47:26,2010-12-14 11:47:26,nan,None,None,DESC,1,116,52,None
308,                              ,721,API,I,nan,2010-12-15 20:19:38,2010-12-15 20:19:38,nan,None,None,DESC,8,117,51,None
309,                              ,722,API,I,nan,2010-12-15 20:19:38,2010-12-15 20:19:38,nan,None,None,DESC,7,117,50,None
310,                              ,723,API,I,nan,2010-12-15 20:19:38,2010-12-15 20:19:38,nan,None,None,DESC,6,117,49,None
311,                              ,724,API,I,nan,2010-12-15 20:19:38,2010-12-15 20:19:38,nan,None,None,DESC,5,117,48,None
312,                              ,725,API,I,nan,2010-12-15 20:19:38,2010-12-15 20:19:38,nan,None,None,DESC,1,117,8,None
313,                              ,726,API,I,nan,2010-12-15 20:19:38,2010-12-15 20:19:38,nan,None,None,DESC,2,117,7,None
314,                              ,727,API,I,nan,2010-12-15 20:19:38,2010-12-15 20:19:38,nan,None,None,DESC,4,117,42,None
315,                              ,728,API,I,nan,2010-12-15 20:19:38,2010-12-15 20:19:38,nan,None,None,DESC,3,117,45,None
316,                              ,738,API,I,nan,2011-01-03 18:42:59,2011-01-03 18:42:59,nan,None,None,DESC,1,120,5,None
317,                              ,739,API,I,nan,2011-01-19 17:13:49,2011-01-19 17:13:49,nan,None,None,DESC,1,121,8,None
318,                              ,740,API,I,nan,2011-01-19 17:13:49,2011-01-19 17:13:49,nan,None,None,DESC,3,121,45,None
319,                              ,741,API,I,nan,2011-01-19 17:13:49,2011-01-19 17:13:49,nan,None,None,DESC,2,121,7,None
320,                              ,742,API,I,nan,2011-01-19 17:13:49,2011-01-19 17:13:49,nan,None,None,DESC,2,122,7,None
321,                              ,743,API,I,nan,2011-01-19 17:13:49,2011-01-19 17:13:49,nan,None,None,DESC,1,122,8,None
322,                              ,744,API,I,nan,2011-01-19 17:13:49,2011-01-19 17:13:49,nan,None,None,DESC,3,122,45,None
323,                              ,745,API,I,nan,2011-01-19 17:13:49,2011-01-19 17:13:49,nan,None,None,DESC,3,123,45,None
324,                              ,746,API,I,nan,2011-01-19 17:13:49,2011-01-19 17:13:49,nan,None,None,DESC,2,123,7,None
325,                              ,747,API,I,nan,2011-01-19 17:13:49,2011-01-19 17:13:49,nan,None,None,DESC,1,123,8,None
326,                              ,748,API,I,nan,2011-01-19 17:13:49,2011-01-19 17:13:49,nan,None,None,DESC,3,124,45,None
327,                              ,749,API,I,nan,2011-01-19 17:13:49,2011-01-19 17:13:49,nan,None,None,DESC,1,124,8,None
328,                              ,750,API,I,nan,2011-01-19 17:13:49,2011-01-19 17:13:49,nan,None,None,DESC,2,124,7,None
329,                              ,751,API,I,nan,2011-01-19 17:13:49,2011-01-19 17:13:49,nan,None,None,DESC,3,125,45,None
330,                              ,752,API,I,nan,2011-01-19 17:13:49,2011-01-19 17:13:49,nan,None,None,DESC,4,125,42,None
331,                              ,753,API,I,nan,2011-01-19 17:13:49,2011-01-19 17:13:49,nan,None,None,DESC,2,125,7,None
332,                              ,754,API,I,nan,2011-01-19 17:13:49,2011-01-19 17:13:49,nan,None,None,DESC,1,125,8,None
333,                              ,759,API,I,nan,2011-02-10 21:11:45,2011-02-10 21:11:45,nan,None,None,DESC,6,127,7,None
334,CUSTOMER FROM                 ,974,API,I,nan,2019-04-20 13:25:42,2019-04-20 13:25:42,nan,None,None,DESC,1,178,2,None
335,CUSTOMER TO                   ,975,API,I,nan,2019-04-20 13:25:42,2019-04-20 13:25:42,nan,None,None,DESC,2,178,3,None
336,ADDITIONAL INFO               ,976,API,I,nan,2019-04-20 13:25:42,2019-04-20 13:25:42,nan,None,None,DESC,6,99,76,None
337,ITEM NUMBER TO                ,977,API,I,nan,2019-04-20 13:25:42,2019-04-20 13:25:42,nan,None,None,DESC,2,179,7,None
338,ITEM BATCH                    ,978,API,I,nan,2019-04-20 13:25:42,2019-04-20 13:25:42,nan,None,None,DESC,3,179,45,None
339,ITEM NUMBER FROM              ,979,API,I,nan,2019-04-20 13:25:42,2019-04-20 13:25:42,nan,None,None,DESC,1,179,8,None
340,ITEM NUMBER TO                ,980,API,I,nan,2019-04-20 13:25:42,2019-04-20 13:25:42,nan,None,None,DESC,2,180,7,None
341,ITEM BATCH                    ,981,API,I,nan,2019-04-20 13:25:42,2019-04-20 13:25:42,nan,None,None,DESC,3,180,45,None
342,ITEM NUMBER FROM              ,982,API,I,nan,2019-04-20 13:25:42,2019-04-20 13:25:42,nan,None,None,DESC,1,180,8,None
343,SUPPLIER FROM                 ,983,API,I,nan,2019-04-20 13:25:42,2019-04-20 13:25:42,nan,None,None,DESC,1,182,23,None
344,OUTSTANDING ONLY              ,984,API,I,nan,2019-04-20 13:25:42,2019-04-20 13:25:42,nan,None,None,DESC,3,182,41,YES
345,SUPPLIER TO                   ,985,API,I,nan,2019-04-20 13:25:42,2019-04-20 13:25:42,nan,None,None,DESC,2,182,24,None
346,                              ,760,API,I,nan,2011-02-10 21:11:45,2011-02-10 21:11:45,nan,None,None,DESC,5,127,8,None
347,                              ,761,API,I,nan,2011-02-10 21:11:45,2011-02-10 21:11:45,nan,None,None,DESC,2,127,14,None
348,                              ,762,API,I,nan,2011-02-10 21:11:45,2011-02-10 21:11:45,nan,None,None,DESC,3,127,23,None
349,                              ,763,API,I,nan,2011-02-10 21:11:45,2011-02-10 21:11:45,nan,None,None,DESC,4,127,24,None
350,                              ,764,API,I,nan,2011-02-10 21:11:45,2011-02-10 21:11:45,nan,None,None,DESC,1,127,26,None
351,                              ,765,API,I,nan,2011-02-10 21:11:45,2011-02-10 21:11:45,nan,None,None,DESC,5,99,53,None
352,                              ,766,API,I,nan,2011-02-10 21:11:45,2011-02-10 21:11:45,nan,None,None,DESC,4,99,54,None
353,                              ,767,API,I,nan,2011-02-20 18:04:08,2011-02-20 18:04:08,nan,None,None,DESC,1,129,5,None
354,                              ,768,API,I,nan,2011-02-20 18:04:08,2011-02-20 18:04:08,nan,None,None,DESC,1,130,5,None
355,                              ,769,API,I,nan,2011-02-20 18:04:08,2011-02-20 18:04:08,nan,None,None,DESC,4,131,44,None
356,                              ,770,API,I,nan,2011-02-20 18:04:08,2011-02-20 18:04:08,nan,None,None,DESC,2,131,7,None
357,                              ,771,API,I,nan,2011-02-20 18:04:08,2011-02-20 18:04:08,nan,None,None,DESC,1,131,8,None
358,                              ,772,API,I,nan,2011-02-20 18:04:08,2011-02-20 18:04:08,nan,None,None,DESC,3,131,45,None
359,                              ,773,API,I,nan,2011-02-20 18:04:08,2011-02-20 18:04:08,nan,None,None,DESC,4,132,44,None
360,                              ,774,API,I,nan,2011-02-20 18:04:08,2011-02-20 18:04:08,nan,None,None,DESC,3,132,45,None
361,                              ,775,API,I,nan,2011-02-20 18:04:08,2011-02-20 18:04:08,nan,None,None,DESC,2,132,7,None
362,                              ,776,API,I,nan,2011-02-20 18:04:08,2011-02-20 18:04:08,nan,None,None,DESC,1,132,8,None
363,                              ,777,API,I,nan,2011-02-20 18:04:08,2011-02-20 18:04:08,nan,None,None,DESC,2,133,36,None
364,                              ,778,API,I,nan,2011-02-20 18:04:08,2011-02-20 18:04:08,nan,None,None,DESC,3,133,37,None
365,                              ,779,API,I,nan,2011-02-20 18:04:08,2011-02-20 18:04:08,nan,None,None,DESC,1,133,5,None
366,                              ,780,API,I,nan,2011-02-20 18:04:08,2011-02-20 18:04:08,nan,None,None,DESC,3,134,45,None
367,                              ,781,API,I,nan,2011-02-20 18:04:08,2011-02-20 18:04:08,nan,None,None,DESC,2,134,7,None
368,                              ,782,API,I,nan,2011-02-20 18:04:08,2011-02-20 18:04:08,nan,None,None,DESC,1,134,8,None
369,                              ,783,API,I,nan,2011-02-20 18:04:08,2011-02-20 18:04:08,nan,None,None,DESC,3,135,45,None
370,                              ,784,API,I,nan,2011-02-20 18:04:08,2011-02-20 18:04:08,nan,None,None,DESC,2,135,7,None
371,                              ,785,API,I,nan,2011-02-20 18:04:08,2011-02-20 18:04:08,nan,None,None,DESC,1,135,8,None
372,                              ,786,API,I,nan,2011-02-20 18:04:08,2011-02-20 18:04:08,nan,None,None,DESC,1,136,8,None
373,                              ,787,API,I,nan,2011-02-20 18:04:08,2011-02-20 18:04:08,nan,None,None,DESC,2,136,7,None
374,                              ,788,API,I,nan,2011-02-20 18:04:08,2011-02-20 18:04:08,nan,None,None,DESC,3,136,45,None
375,                              ,789,API,I,nan,2011-02-20 18:04:08,2011-02-20 18:04:08,nan,None,None,DESC,1,137,8,None
376,                              ,790,API,I,nan,2011-02-20 18:04:08,2011-02-20 18:04:08,nan,None,None,DESC,2,137,7,None
377,                              ,791,API,I,nan,2011-02-20 18:04:08,2011-02-20 18:04:08,nan,None,None,DESC,3,137,45,None
378,                              ,792,API,I,nan,2011-02-20 18:04:08,2011-02-20 18:04:08,nan,None,None,DESC,1,138,55,None
379,                              ,793,API,I,nan,2011-03-11 20:54:56,2011-03-11 20:54:56,nan,None,None,DESC,2,139,24,None
380,                              ,794,API,I,nan,2011-03-11 20:54:56,2011-03-11 20:54:56,nan,None,None,DESC,1,139,23,None
381,                              ,795,API,I,nan,2011-03-11 20:54:56,2011-03-11 20:54:56,nan,None,None,DESC,3,139,35,None
382,                              ,796,API,I,nan,2011-03-11 20:54:56,2011-03-11 20:54:56,nan,None,None,DESC,3,140,35,None
383,                              ,797,API,I,nan,2011-03-11 20:54:56,2011-03-11 20:54:56,nan,None,None,DESC,1,140,2,None
384,                              ,798,API,I,nan,2011-03-11 20:54:56,2011-03-11 20:54:56,nan,None,None,DESC,2,140,3,None
385,                              ,799,API,I,nan,2011-03-11 20:54:56,2011-03-11 20:54:56,nan,None,None,DESC,5,97,56,None
386,                              ,800,API,I,nan,2011-03-11 20:54:56,2011-03-11 20:54:56,nan,None,None,DESC,4,97,3,None
387,                              ,801,API,I,nan,2011-03-11 20:54:56,2011-03-11 20:54:56,nan,None,None,DESC,3,97,2,None
388,SUPPLIER FROM                 ,802,None,I,2.0,2011-03-17 10:05:21,2011-03-17 10:05:21,2.0,N,1,ASC,8,78,23,None
389,SUPPLIER TO                   ,803,None,I,2.0,2011-03-17 10:05:21,2011-03-17 10:05:21,2.0,N,1,DESC,9,78,24,None
390,ITEM NUMBER FROM              ,804,None,I,2.0,2011-03-17 10:07:44,2011-03-17 10:07:44,2.0,N,1,None,10,78,8,None
391,ITEM NUMBER TO                ,805,None,I,2.0,2011-03-17 10:07:44,2011-03-17 10:07:44,2.0,N,1,None,11,78,7,None
392,                              ,807,API,I,nan,2011-03-17 22:07:01,2011-03-17 22:07:01,nan,None,None,DESC,2,141,3,None
393,                              ,808,API,I,nan,2011-03-17 22:07:01,2011-03-17 22:07:01,nan,None,None,DESC,1,141,2,None
394,STATUS                        ,809,None,I,29.0,2011-03-31 14:30:10,2011-03-31 14:30:10,29.0,N,1,None,2,109,57,None
395,STATUS                        ,810,None,I,29.0,2011-03-31 14:30:21,2011-03-31 14:30:21,29.0,N,1,None,2,108,57,None
396,                              ,811,API,I,nan,2011-03-31 21:49:16,2011-03-31 21:49:16,nan,None,None,DESC,1,142,8,None
397,                              ,812,API,I,nan,2011-03-31 21:49:16,2011-03-31 21:49:16,nan,None,None,DESC,7,142,23,None
398,                              ,813,API,I,nan,2011-03-31 21:49:16,2011-03-31 21:49:16,nan,None,None,DESC,4,142,31,None
399,                              ,814,API,I,nan,2011-03-31 21:49:16,2011-03-31 21:49:16,nan,None,None,DESC,7,142,45,None
400,                              ,815,API,I,nan,2011-03-31 21:49:16,2011-03-31 21:49:16,nan,None,None,DESC,3,142,32,None
401,                              ,816,API,I,nan,2011-03-31 21:49:16,2011-03-31 21:49:16,nan,None,None,DESC,6,142,29,None
402,                              ,817,API,I,nan,2011-03-31 21:49:16,2011-03-31 21:49:16,nan,None,None,DESC,5,142,28,None
403,                              ,818,API,I,nan,2011-03-31 21:49:16,2011-03-31 21:49:16,nan,None,None,DESC,8,142,24,None
404,                              ,819,API,I,nan,2011-03-31 21:49:16,2011-03-31 21:49:16,nan,None,None,DESC,2,142,7,None
405,                              ,820,API,I,nan,2011-03-31 21:49:16,2011-03-31 21:49:16,nan,None,None,DESC,1,143,8,None
406,                              ,821,API,I,nan,2011-03-31 21:49:16,2011-03-31 21:49:16,nan,None,None,DESC,4,143,45,None
407,                              ,822,API,I,nan,2011-03-31 21:49:16,2011-03-31 21:49:16,nan,None,None,DESC,3,143,44,None
408,ITEM NUMBER FROM              ,729,None,I,2.0,2010-12-16 12:24:41,2010-12-16 12:24:41,2.0,N,1,None,1,118,8,None
409,ITEM NUMBER TO                ,730,None,I,2.0,2010-12-16 12:24:41,2010-12-16 12:24:41,2.0,N,1,None,2,118,7,None
410,ITEM BATCH                    ,731,None,I,2.0,2010-12-16 12:24:41,2010-12-16 12:24:41,2.0,N,1,None,3,118,45,None
411,INCLUDE PICTURE               ,732,None,I,2.0,2010-12-16 12:24:41,2010-12-16 12:24:41,2.0,N,1,None,4,118,42,None
412,PB TEXT1                      ,733,None,I,2.0,2010-12-16 12:24:41,2010-12-16 12:24:41,2.0,N,1,None,5,118,48,None
413,PB TEXT2                      ,734,None,I,2.0,2010-12-16 12:24:41,2010-12-16 12:24:41,2.0,N,1,None,6,118,49,None
414,PB TEXT3                      ,735,None,I,2.0,2010-12-16 12:24:41,2010-12-16 12:24:41,2.0,N,1,None,7,118,50,None
415,PB TEXT4                      ,736,None,I,2.0,2010-12-16 12:24:41,2010-12-16 12:24:41,2.0,N,1,None,8,118,51,None
416,                              ,737,API,I,nan,2010-12-29 11:12:23,2010-12-29 11:12:23,nan,None,None,DESC,1,119,4,None
417,ITEM NUMBER FROM              ,755,None,I,2.0,2011-02-03 17:25:46,2011-02-03 17:25:46,2.0,N,1,None,1,126,8,None
418,ITEM NUMBER TO                ,756,None,I,2.0,2011-02-03 17:25:46,2011-02-03 17:25:46,2.0,N,1,None,2,126,7,None
419,ITEM BATCH                    ,757,None,I,2.0,2011-02-03 17:25:46,2011-02-03 17:25:46,2.0,N,1,None,3,126,45,None
420,INCLUDE PICTURE               ,758,None,I,2.0,2011-02-03 17:25:46,2011-02-03 17:25:46,2.0,N,1,None,4,126,42,None
421,                              ,823,API,I,nan,2011-03-31 21:49:16,2011-03-31 21:49:16,nan,None,None,DESC,2,143,7,None
422,                              ,824,API,I,nan,2011-03-31 21:49:16,2011-03-31 21:49:16,nan,None,None,DESC,12,144,5,None
423,                              ,825,API,I,nan,2011-03-31 21:49:16,2011-03-31 21:49:16,nan,None,None,DESC,11,144,12,None
424,                              ,826,API,I,nan,2011-03-31 21:49:16,2011-03-31 21:49:16,nan,None,None,DESC,9,144,2,None
425,                              ,827,API,I,nan,2011-03-31 21:49:16,2011-03-31 21:49:16,nan,None,None,DESC,10,144,3,None
426,                              ,828,API,I,nan,2011-03-31 21:49:16,2011-03-31 21:49:16,nan,None,None,DESC,4,144,7,None
427,                              ,829,API,I,nan,2011-03-31 21:49:16,2011-03-31 21:49:16,nan,None,None,DESC,3,144,8,None
428,                              ,830,API,I,nan,2011-03-31 21:49:16,2011-03-31 21:49:16,nan,None,None,DESC,5,144,23,None
429,                              ,831,API,I,nan,2011-03-31 21:49:16,2011-03-31 21:49:16,nan,None,None,DESC,6,144,24,None
430,                              ,832,API,I,nan,2011-03-31 21:49:16,2011-03-31 21:49:16,nan,None,None,DESC,8,144,29,None
431,                              ,833,API,I,nan,2011-03-31 21:49:16,2011-03-31 21:49:16,nan,None,None,DESC,1,144,59,None
432,                              ,834,API,I,nan,2011-03-31 21:49:16,2011-03-31 21:49:16,nan,None,None,DESC,2,144,58,None
433,                              ,835,API,I,nan,2011-03-31 21:49:16,2011-03-31 21:49:16,nan,None,None,DESC,7,144,28,None
434,                              ,836,API,I,nan,2011-03-31 21:49:16,2011-03-31 21:49:16,nan,None,None,DESC,1,145,5,None
435,                              ,837,API,I,nan,2011-03-31 21:49:16,2011-03-31 21:49:16,nan,None,None,DESC,5,141,60,None
436,                              ,838,API,I,nan,2011-03-31 21:49:16,2011-03-31 21:49:16,nan,None,None,DESC,4,141,61,None
437,                              ,839,API,I,nan,2011-03-31 21:49:16,2011-03-31 21:49:16,nan,None,None,DESC,6,141,12,None
438,                              ,840,API,I,nan,2011-04-15 22:47:17,2011-04-15 22:47:17,nan,None,None,DESC,1,146,30,None
439,                              ,841,API,I,nan,2011-04-24 21:32:36,2011-04-24 21:32:36,nan,None,None,DESC,5,86,37,None
440,                              ,842,API,I,nan,2011-05-09 19:03:09,2011-05-09 19:03:09,nan,None,None,DESC,3,146,53,None
