,REPORT_DEFAULT_FLAG,REPORT_CATEGORY,REPORT_ORDERBY,REPORT_GROUPBY,CML_MODULE_ID,RECORD_STATUS,DELETE_FLAG,UPDATE_SOURCE,LAST_UPDATE_DATE,LAST_UPDATED_BY,CREATION_DATE,CRATED_BY,BU_ID,REPORT_TYPE,DEFAULT_PRINTER_ID,ORIENTATION,DESTYPE,DESFORMAT,REPORT_NAME,DISPLAY_NAME,REPORT_ID,CREATED_BY,REPORT_GROUP,SL_NO
0,None,BARCODE,None,None,8,U,None,API,2011-06-09 23:29:08,29.0,2011-06-09 23:18:12,None,1.0,RDF,None,PORTRAIT,CACHE,PDF,RINV_LABEL05A5SPL,Special Offer Label (A5),148,nan,SINGLE,36
1,None,BARCODE,None,None,8,U,None,API,2011-09-10 13:03:34,29.0,2011-06-09 23:18:12,None,1.0,RDF,None,PORTRAIT,CACHE,PDF,RINV_LABEL05A5CLR,Clearance Label (A5),149,nan,SINGLE,35
2,None,None,None,None,5,I,None,API,2012-01-29 16:13:17,nan,2012-01-29 16:13:17,None,nan,RDF,None,PORTRAIT,CACHE,PDF,RPR_CATPRICELISTCUST01,PL By Category By Customer,166,nan,SINGLE,1
3,None,None,None,None,8,I,None,API,2012-01-29 16:13:17,nan,2012-01-29 16:13:17,None,nan,RDF,None,PORTRAIT,CACHE,PDF,RINV_ITEMLIST01,Item List 01,167,nan,SINGLE,50
4,None,None,None,None,8,I,None,API,2012-01-29 16:13:17,nan,2012-01-29 16:13:17,None,nan,RDF,None,PORTRAIT,CACHE,PDF,RINV_LABEL87X36,Item Label 87x36,168,nan,SINGLE,49
5,None,None,None,$TRANS_TYPE~TRANS TYPE$ACCOUNT_REF~ACCOUNT REF$ACCOUNT_NAME~ACCOUNT NAME$GL_CODE~GL CODE$PAYMENT_METHOD~PAYMENT METHOD$,4,I,None,API,2012-04-21 18:55:32,nan,2012-04-21 18:55:32,None,nan,RDF,None,LANDSCAPE,CACHE,PDF,RSAGE_TRANS01,Sage Transaction,170,nan,SINGLE,1
6,None,None,None,None,8,I,None,API,2013-08-03 09:35:17,nan,2013-08-03 09:35:17,None,nan,RDF,None,PORTRAIT,CACHE,PDF,RINV_LABELOFFERA6L03,SP Offer Percent,174,nan,SINGLE,41
7,None,None,None,None,3,I,None,API,2010-08-17 16:50:27,nan,2010-08-17 16:50:27,None,nan,RDF,None,PORTRAIT,CACHE,PDF,RAR_CUSTSTATEMENT01,Customer Statement,99,nan,SINGLE,1
8,None,None,None,None,5,I,None,API,2010-08-17 16:50:27,nan,2010-08-17 16:50:27,None,nan,RDF,None,PORTRAIT,CACHE,PDF,RPR_CATPRICELIST01,Price List By Category,100,nan,SINGLE,1
9,None,None,None,None,5,I,None,API,2010-08-17 16:50:27,nan,2010-08-17 16:50:27,None,nan,RDF,None,PORTRAIT,CACHE,PDF,RPR_PRICELIST01,Price List,101,nan,SINGLE,1
10,None,None,None,None,8,U,None,API,2011-09-10 13:03:34,29.0,2010-09-08 18:19:48,None,1.0,RDF,None,LANDSCAPE,CACHE,PDF,RINV_BARCODE02,Barcode Template2,106,nan,SINGLE,10
11,None,None,None,None,8,U,None,API,2011-09-10 13:03:34,29.0,2010-09-13 17:59:14,None,1.0,RDF,None,LANDSCAPE,CACHE,PDF,RINV_BARCODE03,Barcode Template3,107,nan,SINGLE,11
12,None,None,None,$SUPPLIER_NAME~SUPPLIER$USERNAME~USER$,9,I,None,API,2010-10-14 15:23:17,nan,2010-10-14 15:23:17,None,nan,RDF,None,LANDSCAPE,CACHE,PDF,RAP_DAILYSUP01,Supplier Invoices,108,nan,SINGLE,3
13,None,None,None,$SUPPLIER_NAME~SUPPLIER$USERNAME~USER$,9,I,None,API,2010-10-14 15:23:17,nan,2010-10-14 15:23:17,None,nan,RDF,None,PORTRAIT,CACHE,PDF,RAP_INVSUMM01,AP Invoice Summary,109,nan,SINGLE,3
14,None,None,None,None,9,I,None,API,2010-10-14 15:23:17,nan,2010-10-14 15:23:17,None,nan,RDF,None,PORTRAIT,CACHE,PDF,RVAT_ANALYSIS01,Vat Analysis,110,nan,SINGLE,2
15,None,None,None,None,11,I,None,API,2010-11-25 22:11:25,nan,2010-11-25 22:11:25,None,nan,RDF,None,PORTRAIT,CACHE,PDF,RGL_CASHINGUP01,Cashing UP,111,nan,SINGLE,1
16,None,None,None,None,3,I,None,API,2009-12-28 15:52:01,nan,2009-12-28 15:52:01,None,nan,RDF,None,PORTRAIT,CACHE,PDF,RAR_CRNOTE01,Credit Note,57,nan,SINGLE,1
17,None,None,$SUPPLIER_NAME~NAME$SUPPLIER_NUMBER~NUMBER$,None,9,I,None,API,2009-12-28 15:52:01,nan,2009-12-28 15:52:01,None,nan,RDF,None,PORTRAIT,CACHE,PDF,RAP_SUPLABEL01,Supplier Labels,58,nan,SINGLE,1
18,None,None,$SUPPLIER_NAME~NAME$SUPPLIER_NUMBER~NUMBER$,None,9,I,None,API,2009-12-28 15:52:01,nan,2009-12-28 15:52:01,None,nan,RDF,None,LANDSCAPE,CACHE,PDF,RAP_SUPPLIERS01,Suppliers,59,nan,SINGLE,1
19,None,None,None,None,3,I,None,API,2009-12-28 15:52:01,nan,2009-12-28 15:52:01,None,nan,RDF,None,PORTRAIT,CACHE,PDF,RAR_CUSTLABEL01,Customer Labels,60,nan,SINGLE,1
20,None,None,None,None,3,I,None,API,2009-12-28 15:52:01,nan,2009-12-28 15:52:01,None,nan,RDF,None,LANDSCAPE,CACHE,PDF,RAR_CUSTOMERS01,Customers,61,nan,SINGLE,1
21,None,None,None,None,3,I,None,API,2009-12-28 15:52:01,nan,2009-12-28 15:52:01,None,nan,RDF,None,PORTRAIT,CACHE,PDF,RAR_DELNOTE01,Delivery Note,62,nan,SINGLE,1
22,None,None,None,None,3,I,None,API,2009-12-28 15:52:01,nan,2009-12-28 15:52:01,None,nan,RDF,None,PORTRAIT,CACHE,PDF,RAR_INVPORT01,Sales Invoice,63,nan,SINGLE,1
23,None,None,None,None,3,I,None,API,2009-12-28 15:52:01,nan,2009-12-28 15:52:01,None,nan,RDF,None,PORTRAIT,CACHE,PDF,RAR_PICKLIST01,Picklist,64,nan,SINGLE,1
24,None,None,None,None,3,I,None,API,2009-12-28 15:52:01,nan,2009-12-28 15:52:01,None,nan,RDF,None,PORTRAIT,CACHE,PDF,RAR_SOPORT01,Sales Order,65,nan,SINGLE,1
25,None,None,None,$LOCATION_NAME~LOCATION$SUB_LOCATION~SUB LOCATION$,8,I,None,API,2009-12-28 15:52:01,nan,2009-12-28 15:52:01,None,nan,RDF,None,PORTRAIT,CACHE,PDF,RINV_MSAUDIT01,Minus Stock Audit,66,nan,SINGLE,1
26,None,None,None,None,8,I,None,API,2009-12-28 15:52:01,nan,2009-12-28 15:52:01,None,nan,RDF,None,PORTRAIT,CACHE,PDF,RINV_SNAPMIR01,Monthly Inventory Report,67,nan,SINGLE,1
27,None,None,None,"$LOCATION_NAME~LOCATION$SUPPLIER_NAME~SUPPLIER$
ITEM_NUMBER~ITEM NUMBER$GRN_ITEM_NAME~ITEM NAME$GRN_NUMBER~GRN NUMBER$OPERATORNAME~RECEIVED BY$SUB_LOCATION~SUB LOCATION$",9,I,None,API,2009-12-28 15:52:01,nan,2009-12-28 15:52:01,None,nan,RDF,None,LANDSCAPE,CACHE,PDF,RPO_GRNDETAIL01,Grn Detail Report,68,nan,SINGLE,1
28,None,None,None,$LOCATION_NAME~LOCATION$SUPPLIER_NAME~SUPPLIER$,9,I,None,API,2009-12-28 15:52:01,nan,2009-12-28 15:52:01,None,nan,RDF,None,PORTRAIT,CACHE,PDF,RPO_GRNSUMMARY01,Grn Summary,69,nan,SINGLE,1
29,None,None,None,None,8,I,None,API,2009-12-28 15:52:01,nan,2009-12-28 15:52:01,None,nan,RDF,None,PORTRAIT,CACHE,PDF,RINV_OUTSSTKTAKE01,Outstanding Stock Take,70,nan,SINGLE,1
30,None,None,None,None,8,I,None,API,2009-12-28 15:52:01,nan,2009-12-28 15:52:01,None,nan,RDF,None,PORTRAIT,CACHE,PDF,RINV_MINUSSTOCK01,Minus Stock,71,nan,SINGLE,1
31,None,None,$SUB_LOCATION~SUB LOCATION$CATEGORY_NAME~CATEGORY$SUPPLIER_NAME~SUPPLIER$SUB_CATEGORY_NAME~SUB CATEGORY$,None,8,I,None,API,2009-12-28 15:52:01,nan,2009-12-28 15:52:01,None,nan,RDF,None,PORTRAIT,CACHE,PDF,RINV_STKVALSUBLOC01,Stock Valuation (Valuable),72,nan,SINGLE,1
32,None,None,None,None,8,I,None,API,2009-12-28 15:52:01,nan,2009-12-28 15:52:01,None,nan,RDF,None,PORTRAIT,CACHE,PDF,RINV_MOVEMENT01,Item Movement (A4),73,nan,SINGLE,1
33,None,None,None,None,9,I,None,API,2009-12-28 15:52:01,nan,2009-12-28 15:52:01,None,nan,RDF,None,PORTRAIT,CACHE,PDF,RPO_GRNPORT01,Goods Receipt - Portrait,74,nan,SINGLE,1
34,None,None,None,None,9,I,None,API,2009-12-28 15:52:01,nan,2009-12-28 15:52:01,None,nan,RDF,None,PORTRAIT,CACHE,PDF,RPO_POPORT01,Purchase Order - Portrait,75,nan,SINGLE,1
35,None,None,$LOCATION_NAME~LOCATION$BATCH_NAME~BATCH$OPERATORNAME~USER$,$LOCATION_NAME~LOCATION$BATCH_NAME~BATCH$OPERATORNAME~USER$,8,I,None,API,2009-12-28 15:52:01,nan,2009-12-28 15:52:01,None,nan,RDF,None,PORTRAIT,CACHE,PDF,RINV_STKTKAUDIT01,Stock Take Variation,76,nan,SINGLE,1
36,None,None,None,None,8,I,None,API,2009-12-28 15:52:01,nan,2009-12-28 15:52:01,None,nan,RDF,None,PORTRAIT,CACHE,PDF,RINV_STKTAKE01,Stock Take Sheet,77,nan,SINGLE,1
37,None,None,$LOCATION_NAME~LOCATION$CATEGORY_NAME~CATEGORY$SUB_CATEGORY_NAME~SUB CATEGORY$,$LOCATION_NAME~LOCATION$CATEGORY_NAME~CATEGORY$SUB_CATEGORY_NAME~SUB CATEGORY$SUPPLIER_NAME~SUPPLIER$,8,U,None,API,2011-03-17 10:05:21,2.0,2009-12-28 15:52:01,None,1.0,RDF,None,PORTRAIT,CACHE,PDF,RINV_ITEMINLOC01,Items In Locations,78,nan,SINGLE,1
38,None,None,$CATEGORY_NAME~CATEGORY$SUPPLIER_NAME~SUPPLIER$SUB_CATEGORY_NAME~SUB CATEGORY$PREFERENCE_CODE~CLASSIFICATIONS$,$CATEGORY_NAME~CATEGORY$SUPPLIER_NAME~SUPPLIER$SUB_CATEGORY_NAME~SUB CATEGORY,8,I,None,API,2009-12-28 15:52:01,nan,2009-12-28 15:52:01,None,nan,RDF,None,PORTRAIT,CACHE,PDF,RINV_APPSUPLIST01,Approved Supplier Lists,79,nan,SINGLE,1
39,None,None,$LOCATION_NAME~LOCATION$CATEGORY_NAME~CATEGORY$SUPPLIER_NAME~SUPPLIER$SUB_CATEGORY_NAME~SUB CATEGORY$,$LOCATION_NAME~LOCATION$CATEGORY_NAME~CATEGORY$SUPPLIER_NAME~SUPPLIER$SUB_CATEGORY_NAME~SUB CATEGORY$,8,I,None,API,2009-12-28 15:52:01,nan,2009-12-28 15:52:01,None,nan,RDF,None,PORTRAIT,CACHE,PDF,RINV_ITEMMOVEMENT01,Item Movement Summary,80,nan,SINGLE,1
40,None,None,$LOCATION_NAME~LOCATION$CATEGORY_NAME~CATEGORY$SUPPLIER_NAME~SUPPLIER$SUB_CATEGORY_NAME~SUB CATEGORY$,$LOCATION_NAME~LOCATION$CATEGORY_NAME~CATEGORY$SUPPLIER_NAME~SUPPLIER$SUB_CATEGORY_NAME~SUB CATEGORY$,8,I,None,API,2009-12-28 15:52:01,nan,2009-12-28 15:52:01,None,nan,RDF,None,PORTRAIT,CACHE,PDF,RINV_MRP01,Suggested Items,81,nan,SINGLE,1
41,None,None,$LOCATION_NAME~LOCATION$CATEGORY_NAME~CATEGORY$SUPPLIER_NAME~SUPPLIER$SUB_CATEGORY_NAME~SUB CATEGORY$,$LOCATION_NAME~LOCATION$CATEGORY_NAME~CATEGORY$SUPPLIER_NAME~SUPPLIER$SUB_CATEGORY_NAME~SUB CATEGORY$,8,I,None,API,2009-12-28 15:52:01,nan,2009-12-28 15:52:01,None,nan,RDF,None,PORTRAIT,CACHE,PDF,RINV_STKQTY01,Stock Min/Max Query,82,nan,SINGLE,1
42,None,None,$SUB_LOCATION~SUB LOCATION$CATEGORY_NAME~CATEGORY$SUPPLIER_NAME~SUPPLIER$SUB_CATEGORY_NAME~SUB CATEGORY$,None,8,I,None,API,2009-12-28 15:52:01,nan,2009-12-28 15:52:01,None,nan,RDF,None,PORTRAIT,CACHE,PDF,RINV_STKVAL01,Stock Valuation All,83,nan,SINGLE,1
43,None,None,$LOCATION_NAME~LOCATION$SUB_LOCATION_NAME~SUB LOCATION$SUPPLIER_NAME~SUPPLIER$,$LOCATION_NAME~LOCATION$SUB_LOCATION_NAME~SUB LOCATION$SUPPLIER_NAME~SUPPLIER$,8,I,None,API,2009-12-28 15:52:01,nan,2009-12-28 15:52:01,None,nan,RDF,None,PORTRAIT,CACHE,PDF,RINV_STKADJUST01,Stock Adjustment,84,nan,SINGLE,1
44,None,None,None,None,4,I,None,API,2010-03-16 20:47:19,nan,2010-03-16 20:47:19,None,nan,RDF,None,LANDSCAPE,CACHE,PDF,RSYS_EXPDATA01,Output Saved Queries,85,nan,SINGLE,1
45,None,None,None,None,3,I,None,API,2010-08-03 07:58:30,nan,2010-08-03 07:58:30,None,nan,RDF,None,PORTRAIT,CACHE,PDF,RAR_CUSTMAILMERGE01,Customer Cover Letter,86,nan,SINGLE,1
46,None,None,None,None,3,I,None,API,2010-08-03 07:58:30,nan,2010-08-03 07:58:30,None,nan,RDF,None,PORTRAIT,CACHE,PDF,RAR_INVDELNOTE01,Delivery Note (Invoice),87,nan,SINGLE,1
47,None,None,None,None,3,I,None,API,2010-08-03 07:58:30,nan,2010-08-03 07:58:30,None,nan,RDF,None,PORTRAIT,CACHE,PDF,RAR_INVPICKLIST01,Pick List (Invoice),88,nan,SINGLE,1
48,None,None,None,None,9,I,None,API,2010-08-03 07:58:30,nan,2010-08-03 07:58:30,None,nan,RDF,None,PORTRAIT,CACHE,PDF,RAP_DBNPORT01,Debit Note,89,nan,SINGLE,1
49,None,None,None,None,4,I,None,API,2010-08-03 07:58:30,nan,2010-08-03 07:58:30,None,nan,RDF,None,LANDSCAPE,CACHE,PDF,RAR_SUPPURSUM01,Supplier Purchase Summary,90,nan,SINGLE,1
50,None,None,None,None,4,I,None,API,2010-08-03 07:58:30,nan,2010-08-03 07:58:30,None,nan,RDF,None,LANDSCAPE,CACHE,PDF,RAR_CUSTPMNTSUM01,Customer Payment Summary,91,nan,SINGLE,1
51,None,None,None,None,4,I,None,API,2010-08-03 07:58:30,nan,2010-08-03 07:58:30,None,nan,RDF,None,LANDSCAPE,CACHE,PDF,RAR_CUSTSALSUM01,Customer Sales Summary,92,nan,SINGLE,1
52,None,None,None,None,4,I,None,API,2010-08-03 07:58:30,nan,2010-08-03 07:58:30,None,nan,RDF,None,LANDSCAPE,CACHE,PDF,RINV_ITEMPURSUM01,Item Purchase Summary,93,nan,SINGLE,1
53,None,None,None,None,4,I,None,API,2010-08-03 07:58:30,nan,2010-08-03 07:58:30,None,nan,RDF,None,LANDSCAPE,CACHE,PDF,RINV_ITEMSALSUM01,Item Sales Summary,94,nan,SINGLE,1
54,None,None,None,None,3,I,None,API,2010-08-03 07:58:30,nan,2010-08-03 07:58:30,None,nan,RDF,None,PORTRAIT,CACHE,PDF,RAR_INVSIMPLE01,Sales Invoice Simple,95,nan,SINGLE,1
55,None,None,$INVOICE_NUMBER~INVOICE NUMBER$INVOICE_DATE~DATE$INVOICE_SOURCE~INVOICE SOURCE$INVOICE_CATEGORY_CODE~CATEGORY$CUSTOMER_NAME~CUSTOMER$USERNAME~USER$,$INVOICE_NUMBER~INVOICE NUMBER$INVOICE_DATE~DATE$INVOICE_SOURCE~INVOICE SOURCE$INVOICE_CATEGORY_CODE~CATEGORY$CUSTOMER_NAME~CUSTOMER$USERNAME~USER$,3,I,None,API,2010-08-03 07:58:30,nan,2010-08-03 07:58:30,None,nan,RDF,None,LANDSCAPE,CACHE,PDF,RAR_DAILYCUST01,Daily Customer List,96,nan,SINGLE,1
56,None,None,$INVOICE_NUMBER~INVOICE NUMBER$INVOICE_DATE~DATE$INVOICE_SOURCE~INVOICE SOURCE$INVOICE_CATEGORY_CODE~CATEGORY$CUSTOMER_NAME~CUSTOMER$USERNAME~USER$,$INVOICE_NUMBER~INVOICE NUMBER$INVOICE_DATE~DATE$INVOICE_SOURCE~INVOICE SOURCE$INVOICE_CATEGORY_CODE~CATEGORY$CUSTOMER_NAME~CUSTOMER$USERNAME~USER$,3,I,None,API,2010-08-03 07:58:30,nan,2010-08-03 07:58:30,None,nan,RDF,None,LANDSCAPE,CACHE,PDF,RAR_INVSUMM01,Invoice Summary,97,nan,SINGLE,1
57,None,None,None,None,3,I,None,API,2010-08-03 07:58:30,nan,2010-08-03 07:58:30,None,nan,RDF,None,PORTRAIT,CACHE,PDF,CUSTOMER SALES PACK,Customer Sales Pack,98,nan,SET,1
58,None,None,None,None,8,I,None,API,2010-08-24 09:43:32,nan,2010-08-24 09:43:32,None,nan,RDF,None,PORTRAIT,PRINTER,DFLT,RINV_BARCODE01,Print Barcodes,102,nan,SINGLE,1
59,None,None,None,None,8,I,None,API,2010-08-24 09:43:32,nan,2010-08-24 09:43:32,None,nan,RDF,None,PORTRAIT,CACHE,PDF,RINV_ITEMINSUBLOC01,Items In Sub Location,103,nan,SINGLE,1
60,None,None,None,None,8,I,None,API,2010-08-24 09:43:32,nan,2010-08-24 09:43:32,None,nan,RDF,None,PORTRAIT,CACHE,PDF,RINV_ITEMMAILMERGE01,Mail Merge,104,nan,SINGLE,1
61,None,None,None,None,8,I,None,API,2010-09-03 15:32:04,nan,2010-09-03 15:32:04,None,nan,RDF,None,PORTRAIT,CACHE,PDF,RINV_ITEMHISTORY01,Item History Report,105,nan,SINGLE,10
62,None,None,None,None,3,I,None,API,2010-12-05 16:26:05,nan,2010-12-05 16:26:05,None,nan,RDF,None,PORTRAIT,CACHE,PDF,RAR_DEBTORS01,Debtors,112,nan,SINGLE,1
63,None,None,None,None,8,U,None,API,2011-09-10 13:03:34,29.0,2010-12-06 22:53:07,None,1.0,RDF,None,LANDSCAPE,CACHE,PDF,RINV_LABEL03,Item Label 03,113,nan,SINGLE,22
64,None,None,None,None,8,U,None,API,2011-09-10 13:03:34,29.0,2010-12-06 22:53:07,None,1.0,RDF,None,LANDSCAPE,CACHE,PDF,RINV_LABEL02,item label 02,114,nan,SINGLE,21
65,None,None,None,None,8,U,None,API,2011-09-10 13:03:34,29.0,2010-12-06 22:53:07,None,1.0,RDF,None,PORTRAIT,CACHE,PDF,RINV_LABEL01,Item Label 01,115,nan,SINGLE,20
66,None,None,None,None,8,I,None,API,2010-12-14 11:47:26,nan,2010-12-14 11:47:26,None,nan,RDF,None,PORTRAIT,CACHE,PDF,RINV_SLOCASSIGNBATCH01,Sub Loc Assignments,116,nan,SINGLE,23
67,None,None,None,None,8,U,None,API,2011-09-10 13:03:34,29.0,2010-12-15 20:19:38,None,1.0,RDF,None,PORTRAIT,CACHE,PDF,RINV_LABEL04,Item Label 04,117,nan,SINGLE,24
68,None,None,None,None,8,U,None,API,2011-09-10 13:03:34,29.0,2011-01-19 17:13:49,None,1.0,RDF,None,PORTRAIT,CACHE,PDF,RINV_BARCODE05,Barcode Label 102X74,121,nan,SINGLE,31
69,None,BARCODE,None,None,8,U,None,API,2011-01-19 17:24:40,2.0,2011-01-19 17:13:49,None,1.0,RDF,None,PORTRAIT,CACHE,PDF,RINV_BARCODESMALL01,Barcode Label 50.8X25.4,122,nan,SINGLE,30
70,None,BARCODE,None,None,8,U,None,API,2011-01-19 17:24:40,2.0,2011-01-19 17:13:49,None,1.0,RDF,None,PORTRAIT,CACHE,PDF,RINV_LABELPEG02,Item Peg Label 02,123,nan,SINGLE,29
71,None,BARCODE,None,None,8,U,None,API,2011-01-19 17:24:40,2.0,2011-01-19 17:13:49,None,1.0,RDF,None,PORTRAIT,CACHE,PDF,RINV_LABELPEG01,Item Peg Label 01,124,nan,SINGLE,28
72,None,BARCODE,None,None,8,U,None,API,2011-09-10 13:06:57,29.0,2011-01-19 17:13:49,None,1.0,RDF,None,PORTRAIT,CACHE,PDF,RINV_LABEL05A4,item label 05 (A4),125,nan,SINGLE,27
73,None,None,None,"$LOCATION_NAME~LOCATION$SUPPLIER_NAME~SUPPLIER$
ITEM_NUMBER~ITEM NUMBER$GRN_ITEM_NAME~ITEM NAME$GRN_NUMBER~GRN NUMBER$OPERATORNAME~RECEIVED BY$SUB_LOCATION~SUB LOCATION$",9,I,None,API,2011-02-10 21:11:45,nan,2011-02-10 21:11:45,None,nan,RDF,None,PORTRAIT,CACHE,PDF,RPO_GRNDETPORT01,GRN Detail (Portrait),127,nan,SINGLE,1
74,None,None,None,None,3,I,None,API,2011-02-10 21:11:45,nan,2011-02-10 21:11:45,None,nan,RDF,None,PORTRAIT,CACHE,PDF,SALES PACK,Sales Pack,128,nan,SET,1
75,None,None,None,None,8,I,None,API,2011-09-28 21:06:07,nan,2011-09-28 21:06:07,None,nan,RDF,None,PORTRAIT,CACHE,PDF,RINV_NICSUBLOC01,Net Ingredient Report,162,nan,SINGLE,1
76,None,None,None,None,3,I,None,API,2011-09-28 21:06:07,nan,2011-09-28 21:06:07,None,nan,RDF,None,PORTRAIT,CACHE,PDF,RAR_INVSIMPLE04,Invoice Format 04,163,nan,SINGLE,1
77,None,None,None,$CATEGORY_NAME~CATEGORY$SUPPLIER_NAME~SUPPLIER$SUB_CATEGORY_NAME~SUB CATEGORY$CUSTOMER_NAME~CUSTOMER$OPERATOR~USER$TAX_RATE~TAXRATE$ORDER_NUMBER~ORDER NUMBER$ORDER_TYPE~ORDER TYPE$ORDER_SOURCE~ORDER SOURCE$T_ORDERNUMBER~WEB ORDER NUMBER$ORDER_LINE_STATUS~LINE STATUS$LINEPHASECODE~LINE PHASE$PHASE_CODE~ORDER PHASE$,3,I,None,API,2011-11-25 23:38:03,nan,2011-11-25 23:38:03,None,nan,RDF,None,PORTRAIT,CACHE,PDF,RAR_ORDLINES01,Sales Order Lines,164,nan,SINGLE,1
78,None,None,None,$CATEGORY_NAME~CATEGORY$SUPPLIER_NAME~SUPPLIER$SUB_CATEGORY_NAME~SUB CATEGORY$CUSTOMER_NAME~CUSTOMER$OPERATOR~USER$TAX_RATE~TAXRATE$ORDER_NUMBER~ORDER NUMBER$ORDER_TYPE~ORDER TYPE$ORDER_SOURCE~ORDER SOURCE$,4,I,None,API,2011-11-25 23:38:03,nan,2011-11-25 23:38:03,None,nan,RDF,None,PORTRAIT,CACHE,PDF,RAR_ORDLINEHIST01,Sales Order History,165,nan,SINGLE,1
79,None,None,None,None,3,I,None,API,2011-01-03 18:42:59,nan,2011-01-03 18:42:59,None,nan,RDF,None,PORTRAIT,CACHE,PDF,RAR_INVSIMPLE02,My invoice,120,nan,SINGLE,1
80,None,None,None,None,3,I,None,API,2011-02-20 18:04:08,nan,2011-02-20 18:04:08,None,nan,RDF,None,PORTRAIT,CACHE,PDF,RAR_INVSIMPLE03,Invoice Format 03,129,nan,SINGLE,1
81,None,None,None,None,3,I,None,API,2011-02-20 18:04:08,nan,2011-02-20 18:04:08,None,nan,RDF,None,PORTRAIT,CACHE,PDF,RAR_INVPICKSUBLOC01,Pick List Sub Loc (Invoice),130,nan,SINGLE,1
82,None,None,None,None,8,I,None,API,2011-02-20 18:04:08,nan,2011-02-20 18:04:08,None,nan,RDF,None,LANDSCAPE,CACHE,PDF,RINV_LABELA6L,Item Label A6 (Landscape),131,nan,SINGLE,39
83,None,None,None,None,8,U,None,API,2011-09-10 13:03:34,29.0,2011-02-20 18:04:08,None,1.0,RDF,None,LANDSCAPE,CACHE,PDF,RINV_LABELSUA6L,item label SU A6 (Landscape),132,nan,SINGLE,37
84,None,None,None,None,3,I,None,API,2011-02-20 18:04:08,nan,2011-02-20 18:04:08,None,nan,RDF,None,PORTRAIT,CACHE,PDF,RAR_INVDELNOTE02,Delivery Note 02 (Invoice),133,nan,SINGLE,1
85,None,None,None,None,8,U,None,API,2011-09-10 13:03:34,29.0,2011-02-20 18:04:08,None,1.0,RDF,None,PORTRAIT,CACHE,PDF,RINV_LABELSUA7,item Label SU A7,134,nan,SINGLE,35
86,None,None,None,None,8,U,None,API,2011-09-10 13:03:34,29.0,2011-02-20 18:04:08,None,1.0,RDF,None,PORTRAIT,CACHE,PDF,RINV_LABELSUA6,Item Label SU A6,135,nan,SINGLE,34
87,None,None,None,None,8,U,None,API,2011-09-10 13:03:34,29.0,2011-02-20 18:04:08,None,1.0,RDF,None,PORTRAIT,CACHE,PDF,RINV_LABELA6,Item Label A6,136,nan,SINGLE,33
88,None,BARCODE,None,None,8,U,None,API,2011-06-09 23:29:08,29.0,2011-02-20 18:04:08,None,1.0,RDF,None,PORTRAIT,CACHE,PDF,RINV_BARCODE72X36,Barcode 72X36,137,nan,SINGLE,32
89,None,None,None,None,3,I,None,API,2011-02-20 18:04:08,nan,2011-02-20 18:04:08,None,nan,RDF,None,PORTRAIT,CACHE,PDF,RAR_QUOTATION01,Quotation,138,nan,SINGLE,1
90,None,None,None,None,9,I,None,API,2011-03-11 20:54:56,nan,2011-03-11 20:54:56,None,nan,RDF,None,PORTRAIT,CACHE,PDF,RAP_SUPPLABEL02,Supplier Label 14pp,139,nan,SINGLE,1
91,None,None,None,None,3,I,None,API,2011-03-11 20:54:56,nan,2011-03-11 20:54:56,None,nan,RDF,None,PORTRAIT,CACHE,PDF,RAR_CUSTLABEL02,Customer Lable 14pp,140,nan,SINGLE,1
92,None,None,None,"$COMMODITY_CODE~COMMODITY CODEY$COUNTRY_REGION_CODE~REGION CODE$BILLTO_COUNTRY_CODE~COUNTRY$INVOICE_NUMBER~INVOICE NUMBER$CUSTOMER_NAME~CUSTOMER$CUSTDET~CUSTOMER DETAIL$BYREGION~COMMODITYCODE,REGION$BYCOUNTRY~COMMODITYCODE,COUNTRY$CUSTDETBYINV~CUSTOMER DETAIL,INVOICE$BYREGIONBYINV~COMMODITY CODE,REGION,INVOICE$BYCOUNTRYBYINV~COMMODITY CODE,COUNTRY,INVOICE$",3,U,None,API,2011-03-31 21:57:15,29.0,2011-03-17 22:07:00,None,1.0,RDF,None,PORTRAIT,CACHE,PDF,RAR_INTRASTATE01,Intra Trade Statistics,141,nan,SINGLE,1
93,None,None,None,$CATEGORY_NAME~CATEGORY$SUPPLIER_NAME~SUPPLIER$SUB_CATEGORY_NAME~SUB CATEGORY$,8,I,None,API,2011-03-31 21:49:15,nan,2011-03-31 21:49:15,None,nan,RDF,None,LANDSCAPE,CACHE,PDF,RINV_ITEMGRID01,Item Report,142,nan,SINGLE,1
94,None,None,None,None,8,I,None,API,2011-03-31 21:49:15,nan,2011-03-31 21:49:15,None,nan,RDF,None,LANDSCAPE,CACHE,PDF,RINV_ITEMTEMPLATE01,Item Generic Template,143,nan,SINGLE,11
95,None,None,None,$CATEGORY_NAME~CATEGORY$SUPPLIER_NAME~SUPPLIER$SUB_CATEGORY_NAME~SUB CATEGORY$CUSTOMER_NAME~CUSTOMER$TERMINAL_NAME~TERMINAL$OPERATOR~USER$TAX_RATE~TAXRATE$INVOICE_NUMBER~INVOICE NUMBER$INVOICE_TYPE~INVOICE TYPE$INVOICE_SOURCE~INVOICE SOURCE$,4,I,None,API,2011-03-31 21:49:15,nan,2011-03-31 21:49:15,None,nan,RDF,None,LANDSCAPE,CACHE,PDF,RAR_INVLINEHIST01,Sales Invoice History,144,nan,SINGLE,1
96,None,None,None,None,3,I,None,API,2011-03-31 21:49:15,nan,2011-03-31 21:49:15,None,nan,RDF,None,PORTRAIT,CACHE,PDF,RAR_INVSIMPLEFC02,My Invoice Foreign,145,nan,SINGLE,1
97,None,None,None,None,8,U,None,API,2011-09-10 13:03:34,29.0,2011-09-10 11:25:48,None,1.0,RDF,None,PORTRAIT,CACHE,PDF,RINV_LABEL2PP01,Price Label 2pp,151,nan,SINGLE,44
98,None,BARCODE,None,None,8,U,None,API,2011-09-10 11:38:11,29.0,2011-09-10 11:25:48,None,1.0,RDF,None,PORTRAIT,CACHE,PDF,RINV_LABEL05A5NEW,New Item Label (A5),152,nan,SINGLE,43
99,None,None,None,None,8,U,None,API,2011-09-10 13:03:34,29.0,2011-09-10 11:25:48,None,1.0,RDF,None,PORTRAIT,CACHE,PDF,RINV_LABEL8PP01,Price Label 8pp,153,nan,SINGLE,42
100,None,None,None,None,8,U,None,API,2011-09-10 13:03:34,29.0,2011-09-10 11:25:48,None,1.0,RDF,None,PORTRAIT,CACHE,PDF,RINV_LABELPACKA6L,Item Pack Label A6,154,nan,SINGLE,41
101,None,None,None,None,8,I,None,API,2011-09-10 11:25:48,nan,2011-09-10 11:25:48,None,nan,RDF,None,PORTRAIT,CACHE,PDF,RINV_LABELOFFERA6L,Item Offer Label A6,155,nan,SINGLE,40
102,None,None,None,None,5,I,None,API,2011-09-10 11:25:48,nan,2011-09-10 11:25:48,None,nan,RDF,None,PORTRAIT,CACHE,PDF,RPR_PRICELIST02,Price List By Offer,156,nan,SINGLE,1
103,None,None,None,None,9,I,None,API,2011-09-10 11:25:48,nan,2011-09-10 11:25:48,None,nan,RDF,None,PORTRAIT,CACHE,PDF,RPO_POPORT02,Purchase Order Format 02,157,nan,SINGLE,1
104,None,None,None,None,8,I,None,API,2012-03-01 21:43:58,nan,2012-03-01 21:43:58,None,nan,RDF,None,PORTRAIT,CACHE,PDF,RINV_MINUSSTOCK02,Minus Stock 02,169,nan,SINGLE,1
105,None,None,None,None,8,I,None,API,2012-07-21 13:48:55,nan,2012-07-21 13:48:55,None,nan,RDF,None,PORTRAIT,CACHE,PDF,RINV_LABELOFFERA6L02,Item Offer Label A6 02,171,nan,SINGLE,41
106,None,None,None,"$LOCATION_NAME~LOCATION$SUPPLIER_NAME~SUPPLIER$
GRN_NUMBER~GRN NUMBER$OPERATORNAME~RECEIVED BY$",9,I,None,API,2012-07-21 13:48:55,nan,2012-07-21 13:48:55,None,nan,RDF,None,PORTRAIT,CACHE,PDF,RPO_GRNSUMM02,Goods In Summary 02,172,nan,SINGLE,1
107,None,None,None,$ORDER_NUMBER~ORDER NUMBER$ORDER_STATUS_DATE~DATE$ORDER_SOURCE~SOURCE$ORDER_CATEGORY_CODE~CATEGORY$CUSTOMER_NAME~CUSTOMER$USERNAME~USER$,3,I,None,API,2012-07-21 13:48:55,nan,2012-07-21 13:48:55,None,nan,RDF,None,PORTRAIT,CACHE,PDF,RAR_SALORDSUM01,Sales Order Summary,173,nan,SINGLE,1
108,N,BARCODE,None,None,8,U,None,None,2011-09-10 13:06:57,29.0,2010-12-16 12:23:18,None,1.0,RDF,None,PORTRAIT,CACHE,PDF,RINV_LABEL05,item label 05,118,2.0,SINGLE,25
109,None,None,None,None,3,I,None,API,2010-12-29 11:12:23,nan,2010-12-29 11:12:23,None,nan,RDF,None,PORTRAIT,CACHE,PDF,RAR_PICKLISTBOM01,Picklist (BOM),119,nan,SINGLE,1
110,N,BARCODE,None,None,8,U,None,None,2011-09-10 13:06:57,29.0,2011-02-03 17:25:46,None,1.0,RDF,None,PORTRAIT,CACHE,PDF,RINV_LABEL05A5,Item Label 05 (A5),126,2.0,SINGLE,31
111,None,None,None,None,9,I,None,API,2011-04-15 22:47:16,nan,2011-04-15 22:47:16,None,nan,RDF,None,PORTRAIT,CACHE,PDF,RAP_SUPSTATEMENT01,Supplier Statement,146,nan,SINGLE,2
112,None,None,None,None,3,I,None,API,2011-04-15 22:47:16,nan,2011-04-15 22:47:16,None,nan,RDF,None,LANDSCAPE,CACHE,PDF,RGL_CASHBOOK01,Cash Book,147,nan,SINGLE,1
113,None,None,None,None,3,I,None,API,2011-06-25 10:18:56,nan,2011-06-25 10:18:56,None,nan,RDF,None,PORTRAIT,CACHE,PDF,RAR_CUSTMAILMERGE02,Customer Mailmerge With Header,150,nan,SINGLE,1
114,None,None,None,None,8,I,None,API,2011-09-21 18:43:16,nan,2011-09-21 18:43:16,None,nan,RDF,None,PORTRAIT,CACHE,PDF,RINV_LABELSPOFF01,Special Offer Landscape,158,nan,SINGLE,48
115,None,BARCODE,None,None,8,U,None,API,2011-09-21 18:50:31,29.0,2011-09-21 18:43:16,None,1.0,RDF,None,PORTRAIT,CACHE,PDF,RINV_LABEL05A4SPL,Special Offer Label (A4),159,nan,SINGLE,47
116,None,BARCODE,None,None,8,U,None,API,2011-09-21 18:50:31,29.0,2011-09-21 18:43:16,None,1.0,RDF,None,PORTRAIT,CACHE,PDF,RINV_LABEL05A4CLR,Clearance Label (A4),160,nan,SINGLE,46
117,None,BARCODE,None,None,8,U,None,API,2011-09-21 18:50:31,29.0,2011-09-21 18:43:16,None,1.0,RDF,None,PORTRAIT,CACHE,PDF,RINV_LABEL05A4NEW,New Item Label (A4),161,nan,SINGLE,45
118,None,BARCODE,None,None,8,U,None,API,2015-10-02 19:43:42,5.0,2015-10-02 18:51:07,None,1.0,RDF,None,PORTRAIT,CACHE,PDF,RINV_LABELOUTERS01,Item Inner Outer Label,175,nan,SINGLE,52
119,None,None,None,None,8,I,None,API,2015-10-02 18:51:07,nan,2015-10-02 18:51:07,None,nan,RDF,None,PORTRAIT,CACHE,PDF,RINV_BARCODE95X84,Item Label 95x84,176,nan,SINGLE,51
120,None,None,None,$SUPPLIER_NAME~SUPPLIER$USERNAME~USER$,9,I,None,API,2015-10-02 18:51:07,nan,2015-10-02 18:51:07,None,nan,RDF,None,PORTRAIT,CACHE,PDF,RAP_INVLINES01,AP Invoice Lines,177,nan,SINGLE,3
121,None,None,None,None,3,I,None,API,2019-04-20 13:25:42,nan,2019-04-20 13:25:42,None,nan,RDF,None,PORTRAIT,CACHE,PDF,RAR_CUSTLABELPPI01,Customer Label PPI,178,nan,SINGLE,1
122,None,None,None,None,8,I,None,API,2019-04-20 13:25:42,nan,2019-04-20 13:25:42,None,nan,RDF,None,PORTRAIT,CACHE,PDF,RINV_LABEL50X38MM,Item Label 50x38mm,179,nan,SINGLE,55
123,None,None,None,None,8,I,None,API,2019-04-20 13:25:42,nan,2019-04-20 13:25:42,None,nan,RDF,None,PORTRAIT,CACHE,PDF,RINV_LABELPEG03,Item Peg Label 03,180,nan,SINGLE,54
124,None,None,None,None,8,I,None,API,2019-04-20 13:25:42,nan,2019-04-20 13:25:42,None,nan,RDF,None,PORTRAIT,CACHE,PDF,RINV_CATEGORY01,Item Category List,181,nan,SINGLE,53
125,None,None,None,None,9,I,None,API,2019-04-20 13:25:42,nan,2019-04-20 13:25:42,None,nan,RDF,None,PORTRAIT,CACHE,PDF,RAP_CREDITORS01,Creditors,182,nan,SINGLE,4
