CONSTRAINT_NAME,CONSTRAINT_TYPE,TABLE_NAME,SEARCH_CONDITION,REF_PK,DELETE_RULE,CORDERBY,CONS_COLS,REF_TABLE,REF_COLUMNS,DATASOURCE
SYSLINECTRL_PK,PRIMARY KEY,SYS_CONTROL_LINES,None,NOVALUE,NO ACTION,1,CONTROL_LINE_ID,None,None,ORATECHCANNON
CMNPARAMVALUE_PK,PRIMARY KEY,SYS_JOB_PARAM_VALUES,None,NOVALUE,NO ACTION,1,PARAMVALUE_ID,None,None,ORATECHCANNON
JOBQUEUE_PK,PRIMARY KEY,SYS_JOB_QUEUE,None,NOVALUE,NO ACTION,1,QUEUE_ID,None,None,ORATECHCANNON
SYSLASTSAVED_PK,PRIMARY KEY,SYS_LASTSAVED_VALUES,None,NOVALUE,NO ACTION,1,SAVED_ID,None,None,ORATECHCANNON
SYSLOGGEDINSESSION_PK,PRIMARY KEY,SYS_LOGGEDINSESSIONS,None,NOVALUE,NO ACTION,1,SESSION_ID,None,None,ORATECHCANNON
SYSSAUDIT_PK,PRIMARY KEY,SYS_LOGIN_AUDIT,None,NOVALUE,NO ACTION,1,LOGIN_AUDIT_ID,None,None,ORATECHCANNON
SYSLOGH_PK,PRIMARY KEY,SYS_LOG_HEADERS,None,NOVALUE,NO ACTION,1,LOG_HEADER_ID,None,None,ORATECHCANNON
SYSLOGL_PK,PRIMARY KEY,SYS_LOG_LINES,None,NOVALUE,NO ACTION,1,LOG_LINE_ID,None,None,ORATECHCANNON
SYSNOTIFH_PK,PRIMARY KEY,SYS_NOTIFICATION_EVENTS,None,NOVALUE,NO ACTION,1,EVENT_ID,None,None,ORATECHCANNON
SYSNOTIFL_PK,PRIMARY KEY,SYS_NOTIFICATION_RECIPIENTS,None,NOVALUE,NO ACTION,1,EVENT_LINE_ID,None,None,ORATECHCANNON
SYSPROG_PK,PRIMARY KEY,SYS_PROGRAMS,None,NOVALUE,NO ACTION,1,PROGRAM_ID,None,None,ORATECHCANNON
SYSCHJOB_PK,PRIMARY KEY,SYS_SCHEDULE_JOBS,None,NOVALUE,NO ACTION,1,JOB_ID,None,None,ORATECHCANNON
SYSUIITEMATTR_ID_PK,PRIMARY KEY,SYS_UIITEMATTRS,None,NOVALUE,NO ACTION,1,ITEM_ATTR_ID,None,None,ORATECHCANNON
SYSUIITEM_ID_PK,PRIMARY KEY,SYS_UIITEMS,None,NOVALUE,NO ACTION,1,ITEM_ID,None,None,ORATECHCANNON
SYSUIREG_ID_PK,PRIMARY KEY,SYS_UIREGIONS,None,NOVALUE,NO ACTION,1,REGION_ID,None,None,ORATECHCANNON
SYSUSERCTRL_PK,PRIMARY KEY,SYS_USER_CONTROLS,None,NOVALUE,NO ACTION,1,USER_CONTROL_ID,None,None,ORATECHCANNON
SYSWORKLIST_ID_PK,PRIMARY KEY,SYS_WORKLIST,None,NOVALUE,NO ACTION,1,WORKLIST_ID,None,None,ORATECHCANNON
TP_SOURCELINE_PK,PRIMARY KEY,TP_STOCK_LINES,None,NOVALUE,NO ACTION,1,TP_STOCK_LINE_ID,None,None,ORATECHCANNON
TPSOURCE_PK,PRIMARY KEY,TP_STOCK_SOURCES,None,NOVALUE,NO ACTION,1,TP_SOURCE_ID,None,None,ORATECHCANNON
WWW_NODES_PK,PRIMARY KEY,WWW_NODES,None,NOVALUE,NO ACTION,1,WWW_NODE_ID,None,None,ORATECHCANNON
WWW_SOURCE_PK,PRIMARY KEY,WWW_SOURCES,None,NOVALUE,NO ACTION,1,WWW_SOURCE_ID,None,None,ORATECHCANNON
WWW_SUBSOURCE_PK,PRIMARY KEY,WWW_SUB_SOURCES,None,NOVALUE,NO ACTION,1,WWW_SUB_SOURCE_ID,None,None,ORATECHCANNON
INVMSEASON_PK,PRIMARY KEY,INV_ITEM_MULTI_SEASONS,None,NOVALUE,NO ACTION,1,MULTI_SEASON_ID,None,None,ORATECHCANNON
IIOH_PK,PRIMARY KEY,INV_ITEM_OFFER_HEADERS,None,NOVALUE,NO ACTION,1,OFFER_HEADER_ID,None,None,ORATECHCANNON
IIOL_PK,PRIMARY KEY,INV_ITEM_OFFER_LINES,None,NOVALUE,NO ACTION,1,OFFER_LINE_ID,None,None,ORATECHCANNON
INVITPICKLIST_PK,PRIMARY KEY,INV_ITEM_PICKLIST,None,NOVALUE,NO ACTION,1,PICKLIST_ID,None,None,ORATECHCANNON
IIPH_PK,PRIMARY KEY,INV_ITEM_PO_HISTORIES,None,NOVALUE,NO ACTION,1,IIPH_ID,None,None,ORATECHCANNON
IIP_PK,PRIMARY KEY,INV_ITEM_PRICEBREAKS,None,NOVALUE,NO ACTION,1,ID,None,None,ORATECHCANNON
IIP1_PK,PRIMARY KEY,INV_ITEM_PRICEHISTORIES,None,NOVALUE,NO ACTION,1,IIP1_ID,None,None,ORATECHCANNON
IISU_PK,PRIMARY KEY,INV_ITEM_SALES_UNITS,None,NOVALUE,NO ACTION,1,SU_ID,None,None,ORATECHCANNON
IISN_PK,PRIMARY KEY,INV_ITEM_SERIAL_NUMBERS,None,NOVALUE,NO ACTION,1,SERIAL_NUMBER_ID,None,None,ORATECHCANNON
IIS_PK,PRIMARY KEY,INV_ITEM_STATUSES,None,NOVALUE,NO ACTION,1,ITEM_ID,None,None,ORATECHCANNON
INVITEMSUBLOCGRP_PK,PRIMARY KEY,INV_ITEM_SUBLOC_GROUPS,None,NOVALUE,NO ACTION,1,ISG_ID,None,None,ORATECHCANNON
ISUBSNAP_PK,PRIMARY KEY,INV_ITEM_SUBLOC_SNAP,None,NOVALUE,NO ACTION,1,SNAPSHOT_ID,None,None,ORATECHCANNON
IISC_PK,PRIMARY KEY,INV_ITEM_SUB_CATEGORIES,None,NOVALUE,NO ACTION,1,SUB_CATEGORY_ID,None,None,ORATECHCANNON
IIT_PK,PRIMARY KEY,INV_ITEM_TEMPS,None,NOVALUE,NO ACTION,1,ID,None,None,ORATECHCANNON
IL_PK,PRIMARY KEY,INV_LOCATIONS,None,NOVALUE,NO ACTION,1,LOCATION_ID,None,None,ORATECHCANNON
LOCPL_PK,PRIMARY KEY,INV_LOCATION_PRICELISTS,None,NOVALUE,NO ACTION,1,LOCATION_PRICELIST_ID,None,None,ORATECHCANNON
IM_PK,PRIMARY KEY,INV_MANUFACTURERS,None,NOVALUE,NO ACTION,1,MANF_ID,None,None,ORATECHCANNON
MKUPTEMPHEADERS_PK,PRIMARY KEY,INV_MKUPTEMP_HEADERS,None,NOVALUE,NO ACTION,1,MKUPTEMP_ID,None,None,ORATECHCANNON
MKUPTEMPLINES_PK,PRIMARY KEY,INV_MKUPTEMP_LINES,None,NOVALUE,NO ACTION,1,MKUPTEMP_LINE_ID,None,None,ORATECHCANNON
ISMREVNAP_PK,PRIMARY KEY,INV_MONHLYREVIEW_VAL_SNAP,None,NOVALUE,NO ACTION,1,SNAPSHOT_ID,None,None,ORATECHCANNON
IO_PK,PRIMARY KEY,INV_OPTIONS,None,NOVALUE,NO ACTION,1,INV_OPTIONS_ID,None,None,ORATECHCANNON
INVPALLET_PK,PRIMARY KEY,INV_PALLETS,None,NOVALUE,NO ACTION,1,PALLET_ID,None,None,ORATECHCANNON
IPBH_PK,PRIMARY KEY,INV_PRICE_BREAK_HEADERS,None,NOVALUE,NO ACTION,1,PRICE_BREAK_ID,None,None,ORATECHCANNON
IPBL_PK,PRIMARY KEY,INV_PRICE_BREAK_LINES,None,NOVALUE,NO ACTION,1,PRICE_BREAK_LINE_ID,None,None,ORATECHCANNON
IPT_PK,PRIMARY KEY,INV_PRICE_TYPES,None,NOVALUE,NO ACTION,1,PRICE_TYPE_ID,None,None,ORATECHCANNON
INVQKCODEHEADERS_PK,PRIMARY KEY,INV_QUICKCODE_HEADERS,None,NOVALUE,NO ACTION,1,QUICKCODE_ID,None,None,ORATECHCANNON
INVQKCODELINES_PK,PRIMARY KEY,INV_QUICKCODE_LINES,None,NOVALUE,NO ACTION,1,QUICKCODE_LINE_ID,None,None,ORATECHCANNON
INVREQUISITIONHEADERS_PK,PRIMARY KEY,INV_REQUISITION_HEADERS,None,NOVALUE,NO ACTION,1,REQUISITION_ID,None,None,ORATECHCANNON
INVREQUISITIONLINES_PK,PRIMARY KEY,INV_REQUISITION_LINES,None,NOVALUE,NO ACTION,1,REQUISITION_LINE_ID,None,None,ORATECHCANNON
INVSLNMTRANS_PK,PRIMARY KEY,INV_SERIALNUM_TRANSACTIONS,None,NOVALUE,NO ACTION,1,TRANSACTION_ID,None,None,ORATECHCANNON
INVSIMCATL_PK,PRIMARY KEY,INV_SIMILAR_CATEGORIES,None,NOVALUE,NO ACTION,1,SIMILAR_CATEGORY_ID,None,None,ORATECHCANNON
SIH_PK,PRIMARY KEY,INV_SIMILAR_ITEM_HEADERS,None,NOVALUE,NO ACTION,1,SIMILAR_ITEM_ID,None,None,ORATECHCANNON
INVSLOCASSIGNB_PK,PRIMARY KEY,INV_SLOCASSIGN_BATCHS,None,NOVALUE,NO ACTION,1,ASSIGNMENT_BATCH_ID,None,None,ORATECHCANNON
INVSLOCASSIGNHEADERS_PK,PRIMARY KEY,INV_SLOCASSIGN_HEADERS,None,NOVALUE,NO ACTION,1,ASSIGNMENT_ID,None,None,ORATECHCANNON
INVSLOCASSIGNLINES_PK,PRIMARY KEY,INV_SLOCASSIGN_LINES,None,NOVALUE,NO ACTION,1,ASSIGNMENT_LINE_ID,None,None,ORATECHCANNON
ISI_PK,PRIMARY KEY,INV_STKTAKE_ITEMS,None,NOVALUE,NO ACTION,1,STKTAKE_ITEM_ID,None,None,ORATECHCANNON
IST_PK,PRIMARY KEY,INV_STKTAKE_TYPES,None,NOVALUE,NO ACTION,1,STKTAKE_TYPE_ID,None,None,ORATECHCANNON
STOCKSPLITHEADERS_PK,PRIMARY KEY,INV_STOCKSPLIT_HEADERS,None,NOVALUE,NO ACTION,1,STOCKSPLIT_ID,None,None,ORATECHCANNON
STOCKSPLITLINES_PK,PRIMARY KEY,INV_STOCKSPLIT_LINES,None,NOVALUE,NO ACTION,1,STOCKSPLIT_LINE_ID,None,None,ORATECHCANNON
INVSUBLOCH_PK,PRIMARY KEY,INV_SUBLOC_HIERARCHY,None,NOVALUE,NO ACTION,1,HIERARCHY_ID,None,None,ORATECHCANNON
ISUBLOCSNAP_PK,PRIMARY KEY,INV_SUBLOC_VAL_SNAP,None,NOVALUE,NO ACTION,1,SNAPSHOT_ID,None,None,ORATECHCANNON
ISL_PK,PRIMARY KEY,INV_SUB_LOCATIONS,None,NOVALUE,NO ACTION,1,SUB_LOCATION_ID,None,None,ORATECHCANNON
IWC_PK,PRIMARY KEY,INV_WEEE_CHARGES,None,NOVALUE,NO ACTION,1,CHARGE_ID~NAME~,None,None,ORATECHCANNON
PALLETBOX_PK,PRIMARY KEY,PALLET_BOXES,None,NOVALUE,NO ACTION,1,BOX_ID,None,None,ORATECHCANNON
PALLETHEAD_PK,PRIMARY KEY,PALLET_HEADERS,None,NOVALUE,NO ACTION,1,PALLET_HEADER_ID,None,None,ORATECHCANNON
PALLETLINE1_PK,PRIMARY KEY,PALLET_LINES,None,NOVALUE,NO ACTION,1,PALLET_LINE_ID,None,None,ORATECHCANNON
PALLETTRANS1_PK,PRIMARY KEY,PALLET_TRANSACTIONS,None,NOVALUE,NO ACTION,1,PALLET_TRANS_ID,None,None,ORATECHCANNON
PB_PK,PRIMARY KEY,PO_BUYERS,None,NOVALUE,NO ACTION,1,PO_BUYER_ID,None,None,ORATECHCANNON
PGH_PK,PRIMARY KEY,PO_GRN_HEADERS,None,NOVALUE,NO ACTION,1,GRN_ID,None,None,ORATECHCANNON
PGL_PK,PRIMARY KEY,PO_GRN_LINES,None,NOVALUE,NO ACTION,1,GRN_LINE_ID,None,None,ORATECHCANNON
POH_PK,PRIMARY KEY,PO_HEADERS,None,NOVALUE,NO ACTION,1,PO_HEADER_ID,None,None,ORATECHCANNON
POL_PRIMARYKEY,PRIMARY KEY,PO_LINES,None,NOVALUE,NO ACTION,1,PO_LINE_ID,None,None,ORATECHCANNON
POORDPADHEAD_PK,PRIMARY KEY,PO_ORDERPAD_HEADERS,None,NOVALUE,NO ACTION,1,ORDERPAD_HEADER_ID,None,None,ORATECHCANNON
POORDERPADLINE_PK,PRIMARY KEY,PO_ORDERPAD_LINES,None,NOVALUE,NO ACTION,1,ORDERPAD_LINE_ID,None,None,ORATECHCANNON
PRICETEMPHEADERS_PK,PRIMARY KEY,PRICE_TEMPLATE_HEADERS,None,NOVALUE,NO ACTION,1,PRICETEMP_ID,None,None,ORATECHCANNON
PRICETEMPLINES_PK,PRIMARY KEY,PRICE_TEMPLATE_LINES,None,NOVALUE,NO ACTION,1,PRICETEMP_LINE_ID,None,None,ORATECHCANNON
PRUPDH_PK,PRIMARY KEY,PRICE_UPDATEITEMCP_HEADERS,None,NOVALUE,NO ACTION,1,UPDATEITEMCP_HEADER_ID,None,None,ORATECHCANNON
PRUPDL_PK,PRIMARY KEY,PRICE_UPDATEITEMCP_LINES,None,NOVALUE,NO ACTION,1,UPDATEITEMCP_LINE_ID,None,None,ORATECHCANNON
PRUPDATESP_PK,PRIMARY KEY,PRICE_UPDATESP_PRICES,None,NOVALUE,NO ACTION,1,UPDATESP_ID,None,None,ORATECHCANNON
ARPLH_PK,PRIMARY KEY,PR_PRICELIST_HEADERS,None,NOVALUE,NO ACTION,1,PRICELIST_HEADER_ID,None,None,ORATECHCANNON
PRPL_PK,PRIMARY KEY,PR_PRICELIST_LINES,None,NOVALUE,NO ACTION,1,PRICELIST_LINE_ID,None,None,ORATECHCANNON
SYSATTHEAD_PK,PRIMARY KEY,SYS_ATTACHMENT_HEADERS,None,NOVALUE,NO ACTION,1,ATTACHMENT_ID,None,None,ORATECHCANNON
SYSATTLINE_PK,PRIMARY KEY,SYS_ATTACHMENT_LINES,None,NOVALUE,NO ACTION,1,ATTACHMENT_LINE_ID,None,None,ORATECHCANNON
SYSCTRLH_PK,PRIMARY KEY,SYS_CONTROL_HEADERS,None,NOVALUE,NO ACTION,1,CONTROL_HEADER_ID,None,None,ORATECHCANNON
CTB_PK,PRIMARY KEY,CMN_TAX_BREAKUPS,None,NOVALUE,NO ACTION,1,CTB_ID,None,None,ORATECHCANNON
CTC_PK,PRIMARY KEY,CMN_TAX_CODES,None,NOVALUE,NO ACTION,1,TAX_CODE_ID,None,None,ORATECHCANNON
CMNTERM_ID_PK,PRIMARY KEY,CMN_TERMINALS,None,NOVALUE,NO ACTION,1,TERMINAL_ID,None,None,ORATECHCANNON
CMNTERMPROP_ID_PK,PRIMARY KEY,CMN_TERMINAL_PROPERTIES,None,NOVALUE,NO ACTION,1,TERMINAL_PROPERTY_ID,None,None,ORATECHCANNON
TERMS_PK,PRIMARY KEY,CMN_TERMS,None,NOVALUE,NO ACTION,1,TC_CODE_ID,None,None,ORATECHCANNON
CUOM_PK,PRIMARY KEY,CMN_UNIT_OF_MEASUREMENTS,None,NOVALUE,NO ACTION,1,UOM_ID,None,None,ORATECHCANNON
CU_PK,PRIMARY KEY,CMN_USERS,None,NOVALUE,NO ACTION,1,USER_ID,None,None,ORATECHCANNON
USEREXL_PK,PRIMARY KEY,CMN_USER_EXCLUSIONS,None,NOVALUE,NO ACTION,1,EXCLUSION_ID,None,None,ORATECHCANNON
CMNUSERREPGRP_PK,PRIMARY KEY,CMN_USER_REPORTGROUPS,None,NOVALUE,NO ACTION,1,USER_REPORTGROUP_ID,None,None,ORATECHCANNON
CUR_PK,PRIMARY KEY,CMN_USER_RESPONSIBILITIES,None,NOVALUE,NO ACTION,1,USER_RESP_ID,None,None,ORATECHCANNON
CUTF_PK,PRIMARY KEY,CMN_USER_TOP_FUNCTIONS,None,NOVALUE,NO ACTION,1,CUTF_ID,None,None,ORATECHCANNON
CMN_WDAY_SHIFTS_PK,PRIMARY KEY,CMN_WDAY_SHIFTS,None,NOVALUE,NO ACTION,1,WDAY_SHIFT_ID,None,None,ORATECHCANNON
CMNCOMMUNICATION_PK,PRIMARY KEY,CRM_COMMUNICATIONS,None,NOVALUE,NO ACTION,1,COMMUNICATION_ID,None,None,ORATECHCANNON
CRMPARTY_PK,PRIMARY KEY,CRM_PARTIES,None,NOVALUE,NO ACTION,1,PARTY_ID,None,None,ORATECHCANNON
CMNTEMPLATE_PK,PRIMARY KEY,CRM_TEMPLATES,None,NOVALUE,NO ACTION,1,TEMPLATE_ID,None,None,ORATECHCANNON
DSS_PK,PRIMARY KEY,DAILY_STOCK_SNAPSHOTS,None,NOVALUE,NO ACTION,1,DATECHAR~ITEM_ID~,None,None,ORATECHCANNON
DISPHEADER1_PK,PRIMARY KEY,DISPATCH_HEADERS,None,NOVALUE,NO ACTION,1,DISPATCH_ID,None,None,ORATECHCANNON
EMPDEP_PK,PRIMARY KEY,EMP_DEPARTMENTS,None,NOVALUE,NO ACTION,1,DEPARTMENT_ID,None,None,ORATECHCANNON
EMPEMP_PK,PRIMARY KEY,EMP_EMPLOYEES,None,NOVALUE,NO ACTION,1,EMPLOYEE_ID,None,None,ORATECHCANNON
EMPJOB_PK,PRIMARY KEY,EMP_JOBS,None,NOVALUE,NO ACTION,1,JOB_ID,None,None,ORATECHCANNON
EMPJT_PK,PRIMARY KEY,EMP_JOB_TYPES,None,NOVALUE,NO ACTION,1,JOB_TYPE_ID,None,None,ORATECHCANNON
EMPJTD_PK,PRIMARY KEY,EMP_JOB_TYPE_DAYS,None,NOVALUE,NO ACTION,1,JOB_TYPE_DAY_ID,None,None,ORATECHCANNON
EMPPOS_PK,PRIMARY KEY,EMP_POSITIONS,None,NOVALUE,NO ACTION,1,POSITION_ID,None,None,ORATECHCANNON
EMPWD_PK,PRIMARY KEY,EMP_WORKING_DAYS,None,NOVALUE,NO ACTION,1,WORKING_DAY_ID,None,None,ORATECHCANNON
EXPORTHEAD_PK,PRIMARY KEY,EXPORT_HEADERS,None,NOVALUE,NO ACTION,1,EXPORT_HEADER_ID,None,None,ORATECHCANNON
EXTTRANSHEAD_PK,PRIMARY KEY,EXT_TRANS_HEADERS,None,NOVALUE,NO ACTION,1,HEADER_ID,None,None,ORATECHCANNON
GAC_PK,PRIMARY KEY,GL_ACCOUNT_CODES,None,NOVALUE,NO ACTION,1,GL_ACCOUNT_ID,None,None,ORATECHCANNON
GLCASHINGUPHEADERS_PK,PRIMARY KEY,GL_CASHINGUP_HEADERS,None,NOVALUE,NO ACTION,1,CASHINGUP_ID,None,None,ORATECHCANNON
GLCASHINGUPLINES_PK,PRIMARY KEY,GL_CASHINGUP_LINES,None,NOVALUE,NO ACTION,1,CASHINGUP_LINE_ID,None,None,ORATECHCANNON
GC_PK,PRIMARY KEY,GL_CATEGORIES,None,NOVALUE,NO ACTION,1,GL_CATEGORY_ID,None,None,ORATECHCANNON
GL_JEHEAD_PK,PRIMARY KEY,GL_JE_HEADERS,None,NOVALUE,NO ACTION,1,JE_HEADER_ID,None,None,ORATECHCANNON
GL_JELINE_PK,PRIMARY KEY,GL_JE_LINES,None,NOVALUE,NO ACTION,1,JE_LINES_ID,None,None,ORATECHCANNON
GLPMNTHEADERS_PK,PRIMARY KEY,GL_PAYMENT_HEADERS,None,NOVALUE,NO ACTION,1,PAYMENT_ID,None,None,ORATECHCANNON
GLPMNTLINES_PK,PRIMARY KEY,GL_PAYMENT_LINES,None,NOVALUE,NO ACTION,1,PAYMENT_LINE_ID,None,None,ORATECHCANNON
GSC_PK,PRIMARY KEY,GL_SUB_CATEGORIES,None,NOVALUE,NO ACTION,1,GL_SUB_CATEGORY_ID,None,None,ORATECHCANNON
GLTEMP_PK,PRIMARY KEY,GL_TEMPLATES,None,NOVALUE,NO ACTION,1,TEMPLATE_ID,None,None,ORATECHCANNON
GLTEMPLINE_PK,PRIMARY KEY,GL_TEMPLATE_LINES,None,NOVALUE,NO ACTION,1,TEMPLATE_LINE_ID,None,None,ORATECHCANNON
GLTEMPTH_PK,PRIMARY KEY,GL_TEMPLATE_TRANS_HEADERS,None,NOVALUE,NO ACTION,1,TEMPLATE_TRANS_HEADER_ID,None,None,ORATECHCANNON
GRNORDPADHEAD_PK,PRIMARY KEY,GRN_ORDERPAD_HEADERS,None,NOVALUE,NO ACTION,1,GRN_ID,None,None,ORATECHCANNON
GRNORDERPADLINE_PK,PRIMARY KEY,GRN_ORDERPAD_LINES,None,NOVALUE,NO ACTION,1,ORDERPAD_LINE_ID,None,None,ORATECHCANNON
HRUSERASS1_PK,PRIMARY KEY,HR_USER_ASSIGNMENTS,None,NOVALUE,NO ACTION,1,ASSIGNMENT_ID,None,None,ORATECHCANNON
IMPEXPHEAD_PK,PRIMARY KEY,IMPEXP_HEADERS,None,NOVALUE,NO ACTION,1,IMPEXP_HEADER_ID,None,None,ORATECHCANNON
IMPEXPLINE_PK,PRIMARY KEY,IMPEXP_LINES,None,NOVALUE,NO ACTION,1,IMPEXP_LINE_ID,None,None,ORATECHCANNON
INVBARREP_PK,PRIMARY KEY,INV_BARCODE_REPOSITORY,None,NOVALUE,NO ACTION,1,REPOSITORY_ID,None,None,ORATECHCANNON
INVBOM_PK,PRIMARY KEY,INV_BOM,None,NOVALUE,NO ACTION,1,BOM_ID,None,None,ORATECHCANNON
INVBOM_TRANS_PK,PRIMARY KEY,INV_BOM_TRANS,None,NOVALUE,NO ACTION,1,BOM_TRANS_ID,None,None,ORATECHCANNON
INVCONTAINRELOG_PK,PRIMARY KEY,INV_CONTAINER_LOG,None,NOVALUE,NO ACTION,1,CONTAINER_LOG_ID,None,None,ORATECHCANNON
ITEMTRANSNAP_PK,PRIMARY KEY,INV_ITEMSALPURSUM_SNAP,None,NOVALUE,NO ACTION,1,SNAPSHOT_ID,None,None,ORATECHCANNON
IIAH_PK,PRIMARY KEY,INV_ITEM_ADJUSTMENT_HEADERS,None,NOVALUE,NO ACTION,1,ADJUST_HEADER_ID,None,None,ORATECHCANNON
IIAL_PK,PRIMARY KEY,INV_ITEM_ADJUSTMENT_LINES,None,NOVALUE,NO ACTION,1,ADJUST_LINE_ID,None,None,ORATECHCANNON
IIB_PK,PRIMARY KEY,INV_ITEM_BARCODES,None,NOVALUE,NO ACTION,1,BARCODE,None,None,ORATECHCANNON
INVITBATCH_PK,PRIMARY KEY,INV_ITEM_BATCHES,None,NOVALUE,NO ACTION,1,BATCH_ID,None,None,ORATECHCANNON
INVITBATCHLINE_PK,PRIMARY KEY,INV_ITEM_BATCH_LINES,None,NOVALUE,NO ACTION,1,BATCH_LINE_ID,None,None,ORATECHCANNON
IIC_PK,PRIMARY KEY,INV_ITEM_CATEGORIES,None,NOVALUE,NO ACTION,1,CATEGORY_ID,None,None,ORATECHCANNON
IICH_PK,PRIMARY KEY,INV_ITEM_COUNT_HEADERS,None,NOVALUE,NO ACTION,1,ITEM_COUNT_HEADER_ID,None,None,ORATECHCANNON
IICL_PK,PRIMARY KEY,INV_ITEM_COUNT_LINES,None,NOVALUE,NO ACTION,1,ITEM_COUNT_LINE_ID,None,None,ORATECHCANNON
ITMDIM_PK,PRIMARY KEY,INV_ITEM_DIMENSIONS,None,NOVALUE,NO ACTION,1,DIMENSION_ID,None,None,ORATECHCANNON
ITMDIML_PK,PRIMARY KEY,INV_ITEM_DIMENSION_LINES,None,NOVALUE,NO ACTION,1,DIMENSION_LINE_ID,None,None,ORATECHCANNON
INVITEMEXTRAS_PK,PRIMARY KEY,INV_ITEM_EXTRAS,None,NOVALUE,NO ACTION,1,ITEMEXTRAS_ID,None,None,ORATECHCANNON
INV_ITEM_FREIGHTS_PK,PRIMARY KEY,INV_ITEM_FREIGHTS,None,NOVALUE,NO ACTION,1,ITEM_FREIGHT_ID,None,None,ORATECHCANNON
IIM_PK,PRIMARY KEY,INV_ITEM_MASTERS,None,NOVALUE,NO ACTION,1,ITEM_ID,None,None,ORATECHCANNON
IIMH_PK,PRIMARY KEY,INV_ITEM_MOVEMENT_HEADERS,None,NOVALUE,NO ACTION,1,ITEM_MOVEMENT_HEADER_ID,None,None,ORATECHCANNON
IIML_PK,PRIMARY KEY,INV_ITEM_MOVEMENT_LINES,None,NOVALUE,NO ACTION,1,ITEM_MOVEMENT_LINE_ID,None,None,ORATECHCANNON
INVMCATL_PK,PRIMARY KEY,INV_ITEM_MULTI_CATEGORIES,None,NOVALUE,NO ACTION,1,MULTI_CATEGORY_ID,None,None,ORATECHCANNON
CLOCKINOUT_PK,PRIMARY KEY,CMN_CLOCKINOUT,None,NOVALUE,NO ACTION,1,CLOCKINOUT_ID,None,None,ORATECHCANNON
COMMODITYCODE_PK,PRIMARY KEY,CMN_COMMODITY_CODES,None,NOVALUE,NO ACTION,1,CCC_ID,None,None,ORATECHCANNON
COMMODITYRATE_PK,PRIMARY KEY,CMN_COMMODITY_RATES,None,NOVALUE,NO ACTION,1,CCR_ID,None,None,ORATECHCANNON
CMNCOMM_PK,PRIMARY KEY,CMN_COMMUNICATIONS,None,NOVALUE,NO ACTION,1,COMMUNICATION_ID,None,None,ORATECHCANNON
CC_PK,PRIMARY KEY,CMN_COMPANIES,None,NOVALUE,NO ACTION,1,COMP_ID,None,None,ORATECHCANNON
CMNCONTACT_PK,PRIMARY KEY,CMN_CONTACTS,None,NOVALUE,NO ACTION,1,CONTACT_ID,None,None,ORATECHCANNON
CMNPERMISSION_PK,PRIMARY KEY,CMN_CONTACT_PERMISSIONS,None,NOVALUE,NO ACTION,1,PERMISSION_ID,None,None,ORATECHCANNON
CMC_PK,PRIMARY KEY,CMN_CONTAINERS,None,NOVALUE,NO ACTION,1,PC_ID,None,None,ORATECHCANNON
CCO_PK,PRIMARY KEY,CMN_COUNTRIES,None,NOVALUE,NO ACTION,1,COUNTRY_CODE,None,None,ORATECHCANNON
CC1_PK,PRIMARY KEY,CMN_CURRENCIES,None,NOVALUE,NO ACTION,1,CURRENCY_CODE~CUR_COUNTRY~,None,None,ORATECHCANNON
CCR_PK,PRIMARY KEY,CMN_CURRENCY_RATES,None,NOVALUE,NO ACTION,1,FROM_CURRENCY_CODE~CURRENCY_RATE_DATE~TO_CURRENCY_CODE,None,None,ORATECHCANNON
CF_PK,PRIMARY KEY,CMN_FUNCTIONS,None,NOVALUE,NO ACTION,1,FUNCTION_ID,None,None,ORATECHCANNON
CMNGRANT_PRIV_PK,PRIMARY KEY,CMN_GRANTED_PRIVS,None,NOVALUE,NO ACTION,1,GRANTED_PRIV_ID,None,None,ORATECHCANNON
CMNIMPBATCH_PK,PRIMARY KEY,CMN_IMPORT_BATCH,None,NOVALUE,NO ACTION,1,BATCH_ID,None,None,ORATECHCANNON
CMN_LANG_PK,PRIMARY KEY,CMN_LANGUAGES,None,NOVALUE,NO ACTION,1,LANGUAGE_CODE,None,None,ORATECHCANNON
CMNLANGTEXTS_PK,PRIMARY KEY,CMN_LANGUAGE_TEXTS,None,NOVALUE,NO ACTION,1,LANGUAGE_CODE~SOURCE_OBJECT~SOURCE_OBJECT_IDENTIFIER~SOURCE_OBJECT_ID~,None,None,ORATECHCANNON
CLU_PK,PRIMARY KEY,CMN_LOGGEDIN_USERS,None,NOVALUE,NO ACTION,1,CU_USER_ID,None,None,ORATECHCANNON
CLC_PK,PRIMARY KEY,CMN_LOOKUP_CODES,None,NOVALUE,NO ACTION,1,CLT_LOOKUP_TYPE~LOOKUP_CODE~,None,None,ORATECHCANNON
CMNLKUPLINK_PK,PRIMARY KEY,CMN_LOOKUP_LINKS,None,NOVALUE,NO ACTION,1,CLL_ID,None,None,ORATECHCANNON
CLT_PK,PRIMARY KEY,CMN_LOOKUP_TYPES,None,NOVALUE,NO ACTION,1,LOOKUP_TYPE,None,None,ORATECHCANNON
CMNMAILMERGEH_PK,PRIMARY KEY,CMN_MAILMERGE_HEADERS,None,NOVALUE,NO ACTION,1,MERGE_HEADER_ID,None,None,ORATECHCANNON
CMNMAILMERGEL_PK,PRIMARY KEY,CMN_MAILMERGE_LINES,None,NOVALUE,NO ACTION,1,MERGE_LINE_ID,None,None,ORATECHCANNON
CM_PK,PRIMARY KEY,CMN_MENUS,None,NOVALUE,NO ACTION,1,MENU_ID,None,None,ORATECHCANNON
CMR_PK,PRIMARY KEY,CMN_MENU_RESPONSIBILITIES,None,NOVALUE,NO ACTION,1,MENU_RESP_ID,None,None,ORATECHCANNON
CML_PK,PRIMARY KEY,CMN_MODULES,None,NOVALUE,NO ACTION,1,MODULE_ID,None,None,ORATECHCANNON
CNAV_PK,PRIMARY KEY,CMN_NAVIGATIONS,None,NOVALUE,NO ACTION,1,NAVIGATION_ID,None,None,ORATECHCANNON
CMNOBJBATCH_PK,PRIMARY KEY,CMN_OBJECT_BATCHES,None,NOVALUE,NO ACTION,1,BATCH_ID,None,None,ORATECHCANNON
CMNOBJBATCHLINE_PK,PRIMARY KEY,CMN_OBJECT_BATCH_LINES,None,NOVALUE,NO ACTION,1,BATCH_LINE_ID,None,None,ORATECHCANNON
CMNOBJSTATUSES_PK,PRIMARY KEY,CMN_OBJECT_STATUSES,None,NOVALUE,NO ACTION,1,STATUS_ID,None,None,ORATECHCANNON
CMP_PK,PRIMARY KEY,CMN_PARAMETERS,None,NOVALUE,NO ACTION,1,PARAMETER_ID,None,None,ORATECHCANNON
CMNPAYMENTS_PK,PRIMARY KEY,CMN_PAYMENTS,None,NOVALUE,NO ACTION,1,CMN_PAYMENT_ID,None,None,ORATECHCANNON
CPB_PK,PRIMARY KEY,CMN_PAYMENTTERM_BREAKUPS,None,NOVALUE,NO ACTION,1,CPB_ID,None,None,ORATECHCANNON
CPM_PK,PRIMARY KEY,CMN_PAYMENT_METHODS,None,NOVALUE,NO ACTION,1,PMNT_METHOD_ID,None,None,ORATECHCANNON
CPT_PK,PRIMARY KEY,CMN_PAYMENT_TERMS,None,NOVALUE,NO ACTION,1,CPT_ID,None,None,ORATECHCANNON
CMNPAYMENTTRANS_PK,PRIMARY KEY,CMN_PAYMENT_TRANS,None,NOVALUE,NO ACTION,1,PAYMENT_TRANS_ID,None,None,ORATECHCANNON
CMNPERIODBD_PK,PRIMARY KEY,CMN_PERIOD_BREAKDOWNS,None,NOVALUE,NO ACTION,1,PERIOD_BREAKDOWN_ID,None,None,ORATECHCANNON
CMNPRDH_PK,PRIMARY KEY,CMN_PERIOD_HEADERS,None,NOVALUE,NO ACTION,1,PERIOD_HEADER_ID,None,None,ORATECHCANNON
CMNPERIODL_PK,PRIMARY KEY,CMN_PERIOD_LINES,None,NOVALUE,NO ACTION,1,PERIOD_LINE_ID,None,None,ORATECHCANNON
CP1_PK,PRIMARY KEY,CMN_PRICEROUNDINGS,None,NOVALUE,NO ACTION,1,PRICE_ROUNDING_ID,None,None,ORATECHCANNON
CP_PK,PRIMARY KEY,CMN_PRINTERS,None,NOVALUE,NO ACTION,1,PRINTER_ID,None,None,ORATECHCANNON
CMNPRINTMATRIX_PK,PRIMARY KEY,CMN_PRINTER_MATRIX,None,NOVALUE,NO ACTION,1,PRINT_MATRIX_ID,None,None,ORATECHCANNON
CMNPRIVL_ID_PK,PRIMARY KEY,CMN_PRIVILEGES,None,NOVALUE,NO ACTION,1,PRIVILEGE_ID,None,None,ORATECHCANNON
CMN_PROFPK,PRIMARY KEY,CMN_PROFILES,None,NOVALUE,NO ACTION,1,PROFILE_ID,None,None,ORATECHCANNON
CMNPROFVAL_PK,PRIMARY KEY,CMN_PROFILE_VALUES,None,NOVALUE,NO ACTION,1,PROFILE_VALUE_ID,None,None,ORATECHCANNON
CMNPROP_PK,PRIMARY KEY,CMN_PROPERTIES,None,NOVALUE,NO ACTION,1,PROPERTY_ID,None,None,ORATECHCANNON
CPO_PK,PRIMARY KEY,CMN_PROPERTY_OBJECTS,None,NOVALUE,NO ACTION,1,OBJECT_ID,None,None,ORATECHCANNON
CMNPROPVAL_PK,PRIMARY KEY,CMN_PROPERTY_VALUES,None,NOVALUE,NO ACTION,1,PROPERTY_VALUE_ID,None,None,ORATECHCANNON
CREA_PK,PRIMARY KEY,CMN_REASONS,None,NOVALUE,NO ACTION,1,REASON_CODE_ID,None,None,ORATECHCANNON
CMNREPGRPH_PK,PRIMARY KEY,CMN_REPORTGROUP_HEADERS,None,NOVALUE,NO ACTION,1,REPORT_GROUP_ID,None,None,ORATECHCANNON
CMNREPGRPL_PK,PRIMARY KEY,CMN_REPORTGROUP_LINES,None,NOVALUE,NO ACTION,1,REPORT_GROUP_LINE_ID,None,None,ORATECHCANNON
CMNREPOUSN_PK,PRIMARY KEY,CMN_REPORTOUTPUTS_SNAP,None,NOVALUE,NO ACTION,1,SNAPSHOT_ID,None,None,ORATECHCANNON
CMRR_PK,PRIMARY KEY,CMN_REPORTS,None,NOVALUE,NO ACTION,1,REPORT_ID,None,None,ORATECHCANNON
CMNREPCOL_PK,PRIMARY KEY,CMN_REPORT_COLUMNS,None,NOVALUE,NO ACTION,1,REPORT_COLUMN_ID,None,None,ORATECHCANNON
CRC_PK,PRIMARY KEY,CMN_REPORT_CONFIG,None,NOVALUE,NO ACTION,1,CRC_ID,None,None,ORATECHCANNON
CRP_PK,PRIMARY KEY,CMN_REPORT_PARAMETERS,None,NOVALUE,NO ACTION,1,CRP_ID,None,None,ORATECHCANNON
CMNRSET_PK,PRIMARY KEY,CMN_REPORT_SET,None,NOVALUE,NO ACTION,1,SET_ID,None,None,ORATECHCANNON
CR_PK,PRIMARY KEY,CMN_RESPONSIBILITIES,None,NOVALUE,NO ACTION,1,RESP_ID,None,None,ORATECHCANNON
SEA_PK,PRIMARY KEY,CMN_SEASONS,None,NOVALUE,NO ACTION,1,SEASON_CODE_ID,None,None,ORATECHCANNON
CS_PK,PRIMARY KEY,CMN_SEQUENCES,None,NOVALUE,NO ACTION,1,CS_ID,None,None,ORATECHCANNON
CMN_SHIFTS_PK,PRIMARY KEY,CMN_SHIFTS,None,NOVALUE,NO ACTION,1,SHIFT_ID,None,None,ORATECHCANNON
CMNSTPATTRIBUTES_PK,PRIMARY KEY,CMN_STP_ATTRIBUTES,None,NOVALUE,NO ACTION,1,ATTRIBUTE_ID,None,None,ORATECHCANNON
CMNSTPLEVELS_PK,PRIMARY KEY,CMN_STP_LEVELS,None,NOVALUE,NO ACTION,1,LEVEL_ID,None,None,ORATECHCANNON
CMNSTYLEPATTERNS_PK,PRIMARY KEY,CMN_STYLE_PATTERNS,None,NOVALUE,NO ACTION,1,STP_ID,None,None,ORATECHCANNON
CSO_PK,PRIMARY KEY,CMN_SYS_OPTIONS,None,NOVALUE,NO ACTION,1,SYS_OPTIONS_ID,None,None,ORATECHCANNON
ADH_PK,PRIMARY KEY,AP_DBNOTE_HEADERS,None,NOVALUE,NO ACTION,1,DBNOTE_ID,None,None,ORATECHCANNON
ADL_PK,PRIMARY KEY,AP_DBNOTE_LINES,None,NOVALUE,NO ACTION,1,DBNOTE_LINE_ID~DBNOTE_ID~,None,None,ORATECHCANNON
APINV_PK,PRIMARY KEY,AP_INVOICE_HEADERS,None,NOVALUE,NO ACTION,1,INVOICE_ID,None,None,ORATECHCANNON
APINVL_PK,PRIMARY KEY,AP_INVOICE_LINES,None,NOVALUE,NO ACTION,1,INVOICE_LINE_ID,None,None,ORATECHCANNON
AO1_PK,PRIMARY KEY,AP_OPTIONS,None,NOVALUE,NO ACTION,1,AP_OPTIONS_ID,None,None,ORATECHCANNON
APPMNT_PK,PRIMARY KEY,AP_PAYMENT_HEADERS,None,NOVALUE,NO ACTION,1,PAYMENT_HEADER_ID,None,None,ORATECHCANNON
APPMNTL_PK,PRIMARY KEY,AP_PAYMENT_LINES,None,NOVALUE,NO ACTION,1,PAYMENT_LINE_ID,None,None,ORATECHCANNON
SUP_PK,PRIMARY KEY,AP_SUPPLIERS,None,NOVALUE,NO ACTION,1,SUPPLIER_ID,None,None,ORATECHCANNON
ASPL_PK,PRIMARY KEY,AP_SUPPLIER_PRICE_LISTS,None,NOVALUE,NO ACTION,1,PRICE_LIST_ID,None,None,ORATECHCANNON
ASP_PK,PRIMARY KEY,AP_SUPPLIER_PROFILES,None,NOVALUE,NO ACTION,1,SUP_PROFILE_ID,None,None,ORATECHCANNON
SUPSNAP_PK,PRIMARY KEY,AP_SUPSUM_SNAP,None,NOVALUE,NO ACTION,1,SNAPSHOT_ID,None,None,ORATECHCANNON
CUST_PK,PRIMARY KEY,AR_CUSTOMERS,None,NOVALUE,NO ACTION,1,CUSTOMER_ID,None,None,ORATECHCANNON
ARCUSTOMERIMP_PK,PRIMARY KEY,AR_CUSTOMER_IMPORT,None,NOVALUE,NO ACTION,1,IMPORT_ID,None,None,ORATECHCANNON
ARPL_PK,PRIMARY KEY,AR_CUSTOMER_PRICELISTS,None,NOVALUE,NO ACTION,1,CUSTOMER_PRICELIST_ID,None,None,ORATECHCANNON
ACPL_PK,PRIMARY KEY,AR_CUSTOMER_PRICE_LISTS,None,NOVALUE,NO ACTION,1,PRICE_LIST_ID,None,None,ORATECHCANNON
CTP_PK,PRIMARY KEY,AR_CUSTOMER_PROFILES,None,NOVALUE,NO ACTION,1,CUST_PROFILE_ID,None,None,ORATECHCANNON
CUSTSPLITHEADERS_PK,PRIMARY KEY,AR_CUSTSPLIT_HEADERS,None,NOVALUE,NO ACTION,1,CUSTSPLIT_ID,None,None,ORATECHCANNON
CUSTSPLITLINES_PK,PRIMARY KEY,AR_CUSTSPLIT_LINES,None,NOVALUE,NO ACTION,1,CUSTSPLIT_LINE_ID,None,None,ORATECHCANNON
CUSTSUMSNAP_PK,PRIMARY KEY,AR_CUSTSUM_SNAP,None,NOVALUE,NO ACTION,1,SNAPSHOT_ID,None,None,ORATECHCANNON
CUSBARCODE_PK,PRIMARY KEY,AR_CUST_BARCODE_UPLOADS,None,NOVALUE,NO ACTION,1,UPLOAD_BARCODE_ID,None,None,ORATECHCANNON
ARCUSTEXCATL_PK,PRIMARY KEY,AR_CUST_ITEM_EXLCATEGORIES,None,NOVALUE,NO ACTION,1,EXL_CATEGORY_ID,None,None,ORATECHCANNON
ARCUSTMAPCATL_PK,PRIMARY KEY,AR_CUST_ITEM_MAPCATEGORIES,None,NOVALUE,NO ACTION,1,MAP_CATEGORY_ID,None,None,ORATECHCANNON
ARCUSTOFFER_PK,PRIMARY KEY,AR_CUST_ITEM_OFFERS,None,NOVALUE,NO ACTION,1,OFFER_ID,None,None,ORATECHCANNON
CUSTITEM_PK,PRIMARY KEY,AR_CUST_ITEM_UPLOADS,None,NOVALUE,NO ACTION,1,UPLOAD_ID,None,None,ORATECHCANNON
ACPM_PK,PRIMARY KEY,AR_CUST_PAYMENT_METHODS,None,NOVALUE,NO ACTION,1,CPM_ID,None,None,ORATECHCANNON
ACSC_PK,PRIMARY KEY,AR_CUST_STORE_CARDSES,None,NOVALUE,NO ACTION,1,CARD_NO,None,None,ORATECHCANNON
AR_DELH_PK,PRIMARY KEY,AR_DELIVERY_HEADERS,None,NOVALUE,NO ACTION,1,DELIVERY_HEADER_ID,None,None,ORATECHCANNON
AR_DELL_PK,PRIMARY KEY,AR_DELIVERY_LINES,None,NOVALUE,NO ACTION,1,DELIVERY_LINE_ID,None,None,ORATECHCANNON
AR_FREIGHT_COUNTRIES_PK,PRIMARY KEY,AR_FREIGHT_COUNTRIES,None,NOVALUE,NO ACTION,1,FREIGHT_COUNTRY_ID,None,None,ORATECHCANNON
ARFREIGHT_PK,PRIMARY KEY,AR_FREIGHT_HEADERS,None,NOVALUE,NO ACTION,1,FREIGHT_HEADER_ID,None,None,ORATECHCANNON
ARFREIGHTL_PK,PRIMARY KEY,AR_FREIGHT_LINES,None,NOVALUE,NO ACTION,1,FREIGHT_LINE_ID,None,None,ORATECHCANNON
AFM_PK,PRIMARY KEY,AR_FREIGHT_MASTERS,None,NOVALUE,NO ACTION,1,FREIGHT_CODE,None,None,ORATECHCANNON
ARINVBATCHL_PK,PRIMARY KEY,AR_INVBATCH_COUNT,None,NOVALUE,NO ACTION,1,INVBATCH_GROUP_ID~INVBATCH_LINE_ID~,None,None,ORATECHCANNON
ARINVH_PK,PRIMARY KEY,AR_INVOICE_HEADERS,None,NOVALUE,NO ACTION,1,INVOICE_HEADER_ID,None,None,ORATECHCANNON
ARINVLINE_PK,PRIMARY KEY,AR_INVOICE_LINES,None,NOVALUE,NO ACTION,1,INVOICE_LINE_ID,None,None,ORATECHCANNON
ARFULFILL_PK,PRIMARY KEY,AR_ITEM_FULFILLMENT,None,NOVALUE,NO ACTION,1,FULFILLMENT_ID,None,None,ORATECHCANNON
AO_PK,PRIMARY KEY,AR_OPTIONS,None,NOVALUE,NO ACTION,1,AR_OPTION_ID,None,None,ORATECHCANNON
ORDPADHEAD_PK,PRIMARY KEY,AR_ORDERPAD_HEADERS,None,NOVALUE,NO ACTION,1,ORDERPAD_HEADER_ID,None,None,ORATECHCANNON
ORDERPADLINE_PK,PRIMARY KEY,AR_ORDERPAD_LINES,None,NOVALUE,NO ACTION,1,ORDERPAD_LINE_ID,None,None,ORATECHCANNON
ARPMNTH_PK,PRIMARY KEY,AR_PAYMENT_HEADERS,None,NOVALUE,NO ACTION,1,PAYMENT_HEADER_ID,None,None,ORATECHCANNON
ARPMNTL_PK,PRIMARY KEY,AR_PAYMENT_LINES,None,NOVALUE,NO ACTION,1,PAYMENT_LINE_ID,None,None,ORATECHCANNON
ARREPAYMENT_PK,PRIMARY KEY,AR_REPAYMENT_LINES,None,NOVALUE,NO ACTION,1,REPAYMENT_LINE_ID,None,None,ORATECHCANNON
ARSALCRGRP_PK,PRIMARY KEY,AR_SALCR_GROUPS,None,NOVALUE,NO ACTION,1,SALCR_GROUP_ID,None,None,ORATECHCANNON
ARSALCRGRPM_PK,PRIMARY KEY,AR_SALCR_GROUP_MEMBERS,None,NOVALUE,NO ACTION,1,SALCR_GROUP_MEMBER_ID,None,None,ORATECHCANNON
AR_SALH_PK,PRIMARY KEY,AR_SALESORDER_HEADERS,None,NOVALUE,NO ACTION,1,ORDER_HEADER_ID,None,None,ORATECHCANNON
ARSALORDERIMP_PK,PRIMARY KEY,AR_SALESORDER_IMPORT,None,NOVALUE,NO ACTION,1,IMPORT_ID,None,None,ORATECHCANNON
ARSOLINE_PK,PRIMARY KEY,AR_SALESORDER_LINES,None,NOVALUE,NO ACTION,1,ORDER_LINE_ID,None,None,ORATECHCANNON
ARPICKLIST_PK,PRIMARY KEY,AR_SALESORDER_PICKLIST,None,NOVALUE,NO ACTION,1,PICKLIST_ID,None,None,ORATECHCANNON
ARSOSTAT_PK,PRIMARY KEY,AR_SALESORDER_STATUSES,None,NOVALUE,NO ACTION,1,STATUS_ID,None,None,ORATECHCANNON
ARSALPER_PK,PRIMARY KEY,AR_SALES_PERSONS,None,NOVALUE,NO ACTION,1,SALES_PERSON_ID,None,None,ORATECHCANNON
ARSOIMPBATCH_PK,PRIMARY KEY,AR_SOIMPORT_BATCH,None,NOVALUE,NO ACTION,1,BATCH_ID,None,None,ORATECHCANNON
INVMINSTOCK_PK,PRIMARY KEY,AUDIT_MINUSSTOCK,None,NOVALUE,NO ACTION,1,MINUSSTOCK_ID,None,None,ORATECHCANNON
CMNINFO_PK,PRIMARY KEY,CMN_ADDITIONAL_INFO,None,NOVALUE,NO ACTION,1,INFO_ID,None,None,ORATECHCANNON
CMNALERT_PK,PRIMARY KEY,CMN_ALERTS,None,NOVALUE,NO ACTION,1,ALERT_ID,None,None,ORATECHCANNON
CAL_PK,PRIMARY KEY,CMN_AUDIT_LOGINS,None,NOVALUE,NO ACTION,1,ID,None,None,ORATECHCANNON
CB_PK,PRIMARY KEY,CMN_BANKS,None,NOVALUE,NO ACTION,1,BANK_ID,None,None,ORATECHCANNON
CBA_PK,PRIMARY KEY,CMN_BANK_ACCOUNTS,None,NOVALUE,NO ACTION,1,BANK_ACCOUNT_ID,None,None,ORATECHCANNON
CBC_PK,PRIMARY KEY,CMN_BANK_CHEQUES,None,NOVALUE,NO ACTION,1,BANK_ID~CBA_BANK_ACCOUNT_ID~,None,None,ORATECHCANNON
CBS_PK,PRIMARY KEY,CMN_BANK_STATEMENTS,None,NOVALUE,NO ACTION,1,CBS_ID,None,None,ORATECHCANNON
CBS1_PK,PRIMARY KEY,CMN_BUSINESS_SECTORS,None,NOVALUE,NO ACTION,1,CBS1_ID,None,None,ORATECHCANNON
CBU_PK,PRIMARY KEY,CMN_BUSINESS_UNITS,None,NOVALUE,NO ACTION,1,BU_ID,None,None,ORATECHCANNON
CMNCALENDAR_PK,PRIMARY KEY,CMN_CALENDAR,None,NOVALUE,NO ACTION,1,CC_ID,None,None,ORATECHCANNON
CMNCARDS_PK,PRIMARY KEY,CMN_CARDS,None,NOVALUE,NO ACTION,1,CARD_ID,None,None,ORATECHCANNON
CARDOPTIONS_PK,PRIMARY KEY,CMN_CARD_OPTIONS,None,NOVALUE,NO ACTION,1,CARD_OPTIONS_ID,None,None,ORATECHCANNON
ADH_DBNOTE_UK1_UK,UNIQUE,AP_DBNOTE_HEADERS,None,NOVALUE,NO ACTION,2,DBNOTE_NUMBER,None,None,ORATECHCANNON
APINV_UK1,UNIQUE,AP_INVOICE_HEADERS,None,NOVALUE,NO ACTION,2,INVOICE_NUMBER,None,None,ORATECHCANNON
APINVL_UK1,UNIQUE,AP_INVOICE_LINES,None,NOVALUE,NO ACTION,2,INVOICE_ID~SL_NO~,None,None,ORATECHCANNON
APINVL_UK2,UNIQUE,AP_PAYMENT_LINES,None,NOVALUE,NO ACTION,2,PAYMENT_HEADER_ID~SL_NO~,None,None,ORATECHCANNON
SUPPLIERNAME_UK3,UNIQUE,AP_SUPPLIERS,None,NOVALUE,NO ACTION,2,SUPPLIER_NAME,None,None,ORATECHCANNON
SUPPLIERNUMBER_UK4,UNIQUE,AP_SUPPLIERS,None,NOVALUE,NO ACTION,2,SUPPLIER_NUMBER,None,None,ORATECHCANNON
ASPL_AR_SUPPL_UK_UK,UNIQUE,AP_SUPPLIER_PRICE_LISTS,None,NOVALUE,NO ACTION,2,ITEM_ID~SUPPLIER_ID~,None,None,ORATECHCANNON
ASP_AP_SUP_PROF_UK1_UK,UNIQUE,AP_SUPPLIER_PROFILES,None,NOVALUE,NO ACTION,2,SUP_PROFILE_NAME,None,None,ORATECHCANNON
CUSTOMERNUMBER_UK4,UNIQUE,AR_CUSTOMERS,None,NOVALUE,NO ACTION,2,CUSTOMER_NUMBER,None,None,ORATECHCANNON
CUSTEMAIL_UK8,UNIQUE,AR_CUSTOMERS,None,NOVALUE,NO ACTION,2,EMAIL,None,None,ORATECHCANNON
CUSTLOGINNAME_UK9,UNIQUE,AR_CUSTOMERS,None,NOVALUE,NO ACTION,2,LOGIN_NAME,None,None,ORATECHCANNON
ARPL_UK1,UNIQUE,AR_CUSTOMER_PRICELISTS,None,NOVALUE,NO ACTION,2,CUSTOMER_ID~PRICELIST_HEADER_ID~,None,None,ORATECHCANNON
ARPL_UK2,UNIQUE,AR_CUSTOMER_PRICELISTS,None,NOVALUE,NO ACTION,2,CUSTOMER_ID~SL_NO~,None,None,ORATECHCANNON
ACPL_AR_PRICELIST_UK_UK,UNIQUE,AR_CUSTOMER_PRICE_LISTS,None,NOVALUE,NO ACTION,2,CUSTOMER_ID~ITEM_ID~,None,None,ORATECHCANNON
CTP_AR_CUSTPROF_UK1_UK,UNIQUE,AR_CUSTOMER_PROFILES,None,NOVALUE,NO ACTION,2,CUST_PROFILE_NAME,None,None,ORATECHCANNON
CUSTSPLITHEADERS_UK1,UNIQUE,AR_CUSTSPLIT_HEADERS,None,NOVALUE,NO ACTION,2,CUSTSPLIT_NAME,None,None,ORATECHCANNON
CUSTSPLITLINES_UK1,UNIQUE,AR_CUSTSPLIT_LINES,None,NOVALUE,NO ACTION,2,CUSTSPLIT_ID~CUSTOMER_ID~,None,None,ORATECHCANNON
CUSBARCODE_UK1,UNIQUE,AR_CUST_BARCODE_UPLOADS,None,NOVALUE,NO ACTION,2,UPLOAD_ID~BARCODE~,None,None,ORATECHCANNON
CMP_UK1,UNIQUE,AR_CUST_PAYMENT_METHODS,None,NOVALUE,NO ACTION,2,CUST_CUSTOMER_ID~CPM_PMNT_METHOD_ID~,None,None,ORATECHCANNON
AR_DELH_UK1,UNIQUE,AR_DELIVERY_HEADERS,None,NOVALUE,NO ACTION,2,DELIVERY_NOTE_NUMBER,None,None,ORATECHCANNON
AR_DELL_UK,UNIQUE,AR_DELIVERY_LINES,None,NOVALUE,NO ACTION,2,DELIVERY_HEADER_ID~SL_NO~,None,None,ORATECHCANNON
AR_FREIGHT_COUNTRIES_UK1,UNIQUE,AR_FREIGHT_COUNTRIES,None,NOVALUE,NO ACTION,2,FREIGHT_LINE_ID~COUNTRY_CODE~,None,None,ORATECHCANNON
ARFREIGHT_UK1,UNIQUE,AR_FREIGHT_HEADERS,None,NOVALUE,NO ACTION,2,NAME,None,None,ORATECHCANNON
ARFREIGHTL_UK1,UNIQUE,AR_FREIGHT_LINES,None,NOVALUE,NO ACTION,2,FREIGHT_NAME,None,None,ORATECHCANNON
ARFREIGHTL_UK2,UNIQUE,AR_FREIGHT_LINES,None,NOVALUE,NO ACTION,2,FREIGHT_CODE,None,None,ORATECHCANNON
ARINVH_UK1,UNIQUE,AR_INVOICE_HEADERS,None,NOVALUE,NO ACTION,2,INVOICE_NUMBER,None,None,ORATECHCANNON
ORDERPADHEAD_NAME_UK1,UNIQUE,AR_ORDERPAD_HEADERS,None,NOVALUE,NO ACTION,2,ORDERPAD_NAME,None,None,ORATECHCANNON
ARPMNTH_UK1,UNIQUE,AR_PAYMENT_HEADERS,None,NOVALUE,NO ACTION,2,PAYMENT_NUMBER,None,None,ORATECHCANNON
ARPMNTL_NEW_UK1,UNIQUE,AR_PAYMENT_LINES,None,NOVALUE,NO ACTION,2,PAYMENT_HEADER_ID~INVOICE_HEADER_ID~PMNT_METHOD_ID,None,None,ORATECHCANNON
ARSALCRGRP_UK1,UNIQUE,AR_SALCR_GROUPS,None,NOVALUE,NO ACTION,2,SALCR_GROUP_NAME,None,None,ORATECHCANNON
AR_SALH_UK1,UNIQUE,AR_SALESORDER_HEADERS,None,NOVALUE,NO ACTION,2,ORDER_NUMBER,None,None,ORATECHCANNON
ARSALPER_UK3,UNIQUE,AR_SALES_PERSONS,None,NOVALUE,NO ACTION,2,SALES_PERSON_NUMBER,None,None,ORATECHCANNON
ARSOIMPBATCH_UK1,UNIQUE,AR_SOIMPORT_BATCH,None,NOVALUE,NO ACTION,2,BATCH_NAME,None,None,ORATECHCANNON
CB_BANKS_NAME_UK1_UK,UNIQUE,CMN_BANKS,None,NOVALUE,NO ACTION,2,BANK_NAME,None,None,ORATECHCANNON
CBA_BANK_BRANCH_UK2_UK,UNIQUE,CMN_BANK_ACCOUNTS,None,NOVALUE,NO ACTION,2,BRANCH_DESC,None,None,ORATECHCANNON
CBA_BANK_BRANCH_UK1_UK,UNIQUE,CMN_BANK_ACCOUNTS,None,NOVALUE,NO ACTION,2,BRANCH_CODE~BRANCH_ACCTNUMBER~,None,None,ORATECHCANNON
CBC_CHEQUE_UK1_UK,UNIQUE,CMN_BANK_CHEQUES,None,NOVALUE,NO ACTION,2,CBA_BANK_ACCOUNT_ID~CHEQUE_NO_FROM~,None,None,ORATECHCANNON
CMNCARDS_UK1,UNIQUE,CMN_CARDS,None,NOVALUE,NO ACTION,2,CARD_NUMBER,None,None,ORATECHCANNON
CARDOPTIONS_UK1,UNIQUE,CMN_CARD_OPTIONS,None,NOVALUE,NO ACTION,2,CARD_PREFIX_CODE,None,None,ORATECHCANNON
CARDOPTIONS_UK2,UNIQUE,CMN_CARD_OPTIONS,None,NOVALUE,NO ACTION,2,CARD_CATEGORY_CODE,None,None,ORATECHCANNON
COMMODITYCODE_UK1,UNIQUE,CMN_COMMODITY_CODES,None,NOVALUE,NO ACTION,2,COMMODITY_CODE,None,None,ORATECHCANNON
CM_DUPLICATE_CONTAINER_NAME_UK,UNIQUE,CMN_CONTAINERS,None,NOVALUE,NO ACTION,2,PC_NAME,None,None,ORATECHCANNON
PCCONT_DEF_UK,UNIQUE,CMN_CONTAINERS,None,NOVALUE,NO ACTION,2,PC_DEFAULT_TYPE,None,None,ORATECHCANNON
CCO_CCO_UK1_UK,UNIQUE,CMN_COUNTRIES,None,NOVALUE,NO ACTION,2,COUNTRY_NAME,None,None,ORATECHCANNON
CF_CFN_UK2_UK,UNIQUE,CMN_FUNCTIONS,None,NOVALUE,NO ACTION,2,FUNC_DISP_NAME,None,None,ORATECHCANNON
CF_CFN_UK_UK,UNIQUE,CMN_FUNCTIONS,None,NOVALUE,NO ACTION,2,FUNC_SHORT_NAME,None,None,ORATECHCANNON
CMNIMPBATCH_UK1,UNIQUE,CMN_IMPORT_BATCH,None,NOVALUE,NO ACTION,2,BATCH_NAME,None,None,ORATECHCANNON
CMNLKUPLINK_UK,UNIQUE,CMN_LOOKUP_LINKS,None,NOVALUE,NO ACTION,2,LOOKUP_TYPE~LOOKUP_CODE~SL_NO,None,None,ORATECHCANNON
CMNMENU_UK3,UNIQUE,CMN_MENUS,None,NOVALUE,NO ACTION,2,PARENT_MENU_ID~MENU_NAME~,None,None,ORATECHCANNON
CML_CMN_MODULE_UK_UK,UNIQUE,CMN_MODULES,None,NOVALUE,NO ACTION,2,MODULE_NAME,None,None,ORATECHCANNON
CMNOBJBATCH_UK1,UNIQUE,CMN_OBJECT_BATCHES,None,NOVALUE,NO ACTION,2,SOURCE_OBJECT_NAME~NAME~,None,None,ORATECHCANNON
CMNOBJBATCHLINE_UK2,UNIQUE,CMN_OBJECT_BATCH_LINES,None,NOVALUE,NO ACTION,2,SOURCE_OBJECT_NAME~SOURCE_OBJECT_ID1~SOURCE_OBJECT_ID2,None,None,ORATECHCANNON
CMNOBJSTATUSES_UK2,UNIQUE,CMN_OBJECT_STATUSES,None,NOVALUE,NO ACTION,2,SOURCE_OBJECT_NAME~SOURCE_OBJECT_ID1~SOURCE_OBJECT_ID2,None,None,ORATECHCANNON
CMP_CMN_REPPARAM_UK_UK,UNIQUE,CMN_PARAMETERS,None,NOVALUE,NO ACTION,2,NAME,None,None,ORATECHCANNON
CPB_CPB_UK1_UK,UNIQUE,CMN_PAYMENTTERM_BREAKUPS,None,NOVALUE,NO ACTION,2,CPB_NAME,None,None,ORATECHCANNON
CMNPMNTMETHOD_UK3,UNIQUE,CMN_PAYMENT_METHODS,None,NOVALUE,NO ACTION,2,PMNT_CODE,None,None,ORATECHCANNON
CMNPERIODBD_UK1,UNIQUE,CMN_PERIOD_BREAKDOWNS,None,NOVALUE,NO ACTION,2,PERIOD_HEADER_ID~PERIOD_LINE_ID~SUB_LEDGER_CODE~PERIOD_BREAKDOWN_CATEGORY~,None,None,ORATECHCANNON
CMNPRDH_UK1,UNIQUE,CMN_PERIOD_HEADERS,None,NOVALUE,NO ACTION,2,PERIOD_HEADER_NAME,None,None,ORATECHCANNON
CMNPERIODL_UK1,UNIQUE,CMN_PERIOD_LINES,None,NOVALUE,NO ACTION,2,PERIOD_NAME,None,None,ORATECHCANNON
CMNPERIODL_UK2,UNIQUE,CMN_PERIOD_LINES,None,NOVALUE,NO ACTION,2,PERIOD_YEAR~PERIOD_MONTH~SL_NO,None,None,ORATECHCANNON
CP_CP_UK1_UK,UNIQUE,CMN_PRINTERS,None,NOVALUE,NO ACTION,2,PRINTER_NAME,None,None,ORATECHCANNON
CMNPRIVL_NAME_UK1,UNIQUE,CMN_PRIVILEGES,None,NOVALUE,NO ACTION,2,NAME,None,None,ORATECHCANNON
CMN_PROF_UK1,UNIQUE,CMN_PROFILES,None,NOVALUE,NO ACTION,2,NAME,None,None,ORATECHCANNON
CMNPROP_UK1,UNIQUE,CMN_PROPERTIES,None,NOVALUE,NO ACTION,2,OBJECT_ID~PROPERTY_NAME~,None,None,ORATECHCANNON
CPO_UK1,UNIQUE,CMN_PROPERTY_OBJECTS,None,NOVALUE,NO ACTION,2,OBJECT_NAME~OBJECT_VALUE~,None,None,ORATECHCANNON
CMNPROPVAL_UK1,UNIQUE,CMN_PROPERTY_VALUES,None,NOVALUE,NO ACTION,2,OBJECT_ID~PROPERTY_ID~OBJECT_REF1~OBJECT_REF2~OBJECT_REF3,None,None,ORATECHCANNON
CREA_CMN_REASON_UK_UK,UNIQUE,CMN_REASONS,None,NOVALUE,NO ACTION,2,REASON_NAME,None,None,ORATECHCANNON
CMNREPGRPH_UK1,UNIQUE,CMN_REPORTGROUP_HEADERS,None,NOVALUE,NO ACTION,2,NAME,None,None,ORATECHCANNON
CMNREPGRPL_UK1,UNIQUE,CMN_REPORTGROUP_LINES,None,NOVALUE,NO ACTION,2,REPORT_ID~SL_NO~,None,None,ORATECHCANNON
CMRR_CMN_REP_UK1_UK,UNIQUE,CMN_REPORTS,None,NOVALUE,NO ACTION,2,DISPLAY_NAME,None,None,ORATECHCANNON
CMNREPCOL_UK1,UNIQUE,CMN_REPORT_COLUMNS,None,NOVALUE,NO ACTION,2,REPORT_IDENTIFIER,None,None,ORATECHCANNON
CMNRSET_UK1,UNIQUE,CMN_REPORT_SET,None,NOVALUE,NO ACTION,2,PARENT_REPORT_ID~REPORT_ID~,None,None,ORATECHCANNON
CR_CMNRESP_UK_UK,UNIQUE,CMN_RESPONSIBILITIES,None,NOVALUE,NO ACTION,2,RESP_NAME,None,None,ORATECHCANNON
SEA_SEA_UK_UK,UNIQUE,CMN_SEASONS,None,NOVALUE,NO ACTION,2,SEASON_CODE,None,None,ORATECHCANNON
CS_SEQNAMEBUID_UK1,UNIQUE,CMN_SEQUENCES,None,NOVALUE,NO ACTION,2,BU_ID~SEQ_NAME~,None,None,ORATECHCANNON
CMNSTPATTRIBUTES_UK1,UNIQUE,CMN_STP_ATTRIBUTES,None,NOVALUE,NO ACTION,2,STP_ID~ATTRIBUTE_CODE~ATTRIBUTE_VALUE,None,None,ORATECHCANNON
CMNSTPLEVELS_UK1,UNIQUE,CMN_STP_LEVELS,None,NOVALUE,NO ACTION,2,STP_ID~LEVEL_NUMBER~LEVEL_TYPE~LEVEL_CODE~,None,None,ORATECHCANNON
CMNSTYLEPATTERNS_UK1,UNIQUE,CMN_STYLE_PATTERNS,None,NOVALUE,NO ACTION,2,STP_CODE,None,None,ORATECHCANNON
CTB_CTB_UK_UK,UNIQUE,CMN_TAX_BREAKUPS,None,NOVALUE,NO ACTION,2,CTB_NAME,None,None,ORATECHCANNON
CTC_TAX_UK,UNIQUE,CMN_TAX_CODES,None,NOVALUE,NO ACTION,2,TAX_CODE,None,None,ORATECHCANNON
CMNTERMINAL_NAME_UK1,UNIQUE,CMN_TERMINALS,None,NOVALUE,NO ACTION,2,NAME,None,None,ORATECHCANNON
CMNTERMINALPROP_NAME_UK1,UNIQUE,CMN_TERMINAL_PROPERTIES,None,NOVALUE,NO ACTION,2,TERMINAL_ID~NAME~,None,None,ORATECHCANNON
USEREXL_UK1,UNIQUE,CMN_USER_EXCLUSIONS,None,NOVALUE,NO ACTION,2,USER_ID~REPORT_ID~,None,None,ORATECHCANNON
USEREXL_UK2,UNIQUE,CMN_USER_EXCLUSIONS,None,NOVALUE,NO ACTION,2,USER_ID~FUNCTION_ID~,None,None,ORATECHCANNON
EMPDEP_UK1,UNIQUE,EMP_DEPARTMENTS,None,NOVALUE,NO ACTION,2,DEPARTMENT_NAME,None,None,ORATECHCANNON
EMPJOB_UK1,UNIQUE,EMP_JOBS,None,NOVALUE,NO ACTION,2,JOB_NAME,None,None,ORATECHCANNON
EMPJT_UK1,UNIQUE,EMP_JOB_TYPES,None,NOVALUE,NO ACTION,2,JOB_TYPE,None,None,ORATECHCANNON
EMPPOS_UK1,UNIQUE,EMP_POSITIONS,None,NOVALUE,NO ACTION,2,POSITION_NAME,None,None,ORATECHCANNON
EMPWD_UK1,UNIQUE,EMP_WORKING_DAYS,None,NOVALUE,NO ACTION,2,WORKING_DAY,None,None,ORATECHCANNON
EXPORTHEAD_NAME_UK1,UNIQUE,EXPORT_HEADERS,None,NOVALUE,NO ACTION,2,EXPORT_NAME,None,None,ORATECHCANNON
GAC_GAE_UK_UK,UNIQUE,GL_ACCOUNT_CODES,None,NOVALUE,NO ACTION,2,GL_ACCOUNT_CODE,None,None,ORATECHCANNON
GLAC_UK3,UNIQUE,GL_ACCOUNT_CODES,None,NOVALUE,NO ACTION,2,ORIG_SYSTEM_REF1~ORIG_SYSTEM_REF2~,None,None,ORATECHCANNON
GLCASHINGUPLINES_UK,UNIQUE,GL_CASHINGUP_LINES,None,NOVALUE,NO ACTION,2,CASHINGUP_ID~TRANSACTION_SOURCE~TRANSACTION_SOURCE_ID~TRANSACTION_PAYMENT_ID~,None,None,ORATECHCANNON
GL_JEHEAD_NAME_UK1,UNIQUE,GL_JE_HEADERS,None,NOVALUE,NO ACTION,2,JE_NAME,None,None,ORATECHCANNON
GL_JELINESLNO_UK,UNIQUE,GL_JE_LINES,None,NOVALUE,NO ACTION,2,JE_HEADER_ID~SL_NO~,None,None,ORATECHCANNON
GLTEMP_UK1,UNIQUE,GL_TEMPLATES,None,NOVALUE,NO ACTION,2,TEMPLATE_NAME,None,None,ORATECHCANNON
GLTEMPTRANS_UK1,UNIQUE,GL_TEMPLATE_TRANS,None,NOVALUE,NO ACTION,2,TEMPLATE_ID~TEMPLATE_LINE_ID~REPORT_DATE_FROM~REPORT_DATE_TO~,None,None,ORATECHCANNON
IMPEXPHEAD_NAME_UK1,UNIQUE,IMPEXP_HEADERS,None,NOVALUE,NO ACTION,2,IMPEXP_NAME,None,None,ORATECHCANNON
IMPEXPLINESLNO_UK,UNIQUE,IMPEXP_LINES,None,NOVALUE,NO ACTION,2,IMPEXP_HEADER_ID~SL_NO~,None,None,ORATECHCANNON
INVBARREP_UK2,UNIQUE,INV_BARCODE_REPOSITORY,None,NOVALUE,NO ACTION,2,BARCODE,None,None,ORATECHCANNON
INVBOM_UK1,UNIQUE,INV_BOM,None,NOVALUE,NO ACTION,2,PARENT_ITEM_ID~BOM_LEVEL~ITEM_ID,None,None,ORATECHCANNON
INVBOM_TRANS_UK1,UNIQUE,INV_BOM_TRANS,None,NOVALUE,NO ACTION,2,TRANSACTION_SOURCE~TRANSACTION_HEADER_ID~TRANSACTION_LINE_ID~ITEM_ID~,None,None,ORATECHCANNON
INVCONTAINRELOG_UK,UNIQUE,INV_CONTAINER_LOG,None,NOVALUE,NO ACTION,2,CONTAINER_NUMBER,None,None,ORATECHCANNON
IIC_IC_UK1_UK,UNIQUE,INV_ITEM_CATEGORIES,None,NOVALUE,NO ACTION,2,CATEGORY_NAME,None,None,ORATECHCANNON
IICH_IICH_BATCH_UK1_UK,UNIQUE,INV_ITEM_COUNT_HEADERS,None,NOVALUE,NO ACTION,2,BATCH_NAME,None,None,ORATECHCANNON
ITMDIM_UK1,UNIQUE,INV_ITEM_DIMENSIONS,None,NOVALUE,NO ACTION,2,ITEM_ID,None,None,ORATECHCANNON
ITMDIM_UK2,UNIQUE,INV_ITEM_DIMENSIONS,None,NOVALUE,NO ACTION,2,DIMENSION_NAME,None,None,ORATECHCANNON
ITMDIML_UK1,UNIQUE,INV_ITEM_DIMENSION_LINES,None,NOVALUE,NO ACTION,2,DIMENSION_ITEM_ID~ITEM_ID~,None,None,ORATECHCANNON
INVITEMEXTRAS_UK,UNIQUE,INV_ITEM_EXTRAS,None,NOVALUE,NO ACTION,2,ITEM_ID~ITEM_EXTRAS_CATEGORY~ITEM_EXTRAS_MEANING,None,None,ORATECHCANNON
ITEM_NUMBER_UK1,UNIQUE,INV_ITEM_MASTERS,None,NOVALUE,NO ACTION,2,ITEM_NUMBER,None,None,ORATECHCANNON
INVMSEASON_UK1,UNIQUE,INV_ITEM_MULTI_SEASONS,None,NOVALUE,NO ACTION,2,ITEM_ID~SEASON_CODE_ID~,None,None,ORATECHCANNON
OFFERHPROM_UK,UNIQUE,INV_ITEM_OFFER_HEADERS,None,NOVALUE,NO ACTION,2,PROMOTION_CODE,None,None,ORATECHCANNON
OFFERHGROUPCODE_UK,UNIQUE,INV_ITEM_OFFER_HEADERS,None,NOVALUE,NO ACTION,2,GROUP_CODE,None,None,ORATECHCANNON
OFFERLGROUPCODE_UK,UNIQUE,INV_ITEM_OFFER_LINES,None,NOVALUE,NO ACTION,2,GROUP_CODE,None,None,ORATECHCANNON
IIP2_PRICE_PK_UK,UNIQUE,INV_ITEM_PRICES,None,NOVALUE,NO ACTION,2,ITEM_PRICE_ID,None,None,ORATECHCANNON
IISN_SERIAL_NUMBER_UK_UK,UNIQUE,INV_ITEM_SERIAL_NUMBERS,None,NOVALUE,NO ACTION,2,IIM_ITEM_ID~SERIAL_NUMBER~,None,None,ORATECHCANNON
INVITEMSUBLOCGRP_UK2,UNIQUE,INV_ITEM_SUBLOC_GROUPS,None,NOVALUE,NO ACTION,2,LOCATION_ID~ITEM_ID~SUB_LOC_GROUP_CODE,None,None,ORATECHCANNON
IISC_ISC_UK1_UK,UNIQUE,INV_ITEM_SUB_CATEGORIES,None,NOVALUE,NO ACTION,2,IIC_CATEGORY_ID~SUB_CATEGORY_NAME~,None,None,ORATECHCANNON
IISL1_INV_ITEMSUB_PK_UK,UNIQUE,INV_ITEM_SUB_LOCATIONS,None,NOVALUE,NO ACTION,2,ITEM_ID~SUB_LOCATION_ID~LOCATION_ID,None,None,ORATECHCANNON
IL_LN_UK_UK,UNIQUE,INV_LOCATIONS,None,NOVALUE,NO ACTION,2,LOCATION_NAME,None,None,ORATECHCANNON
INV_LOCUK4,UNIQUE,INV_LOCATIONS,None,NOVALUE,NO ACTION,2,LOCATION_NUMBER,None,None,ORATECHCANNON
LOCPL_UK1,UNIQUE,INV_LOCATION_PRICELISTS,None,NOVALUE,NO ACTION,2,LOCATION_ID~PRICELIST_HEADER_ID~,None,None,ORATECHCANNON
LOCPL_UK2,UNIQUE,INV_LOCATION_PRICELISTS,None,NOVALUE,NO ACTION,2,LOCATION_ID~SL_NO~,None,None,ORATECHCANNON
MANFNUM_UK2,UNIQUE,INV_MANUFACTURERS,None,NOVALUE,NO ACTION,2,MANF_NUMBER,None,None,ORATECHCANNON
MANFNUM_UK3,UNIQUE,INV_MANUFACTURERS,None,NOVALUE,NO ACTION,2,MANF_NAME,None,None,ORATECHCANNON
MKUPTEMPHEADERS_UK1,UNIQUE,INV_MKUPTEMP_HEADERS,None,NOVALUE,NO ACTION,2,MKUPTEMP_NAME,None,None,ORATECHCANNON
MKUPTEMPLINES_UK1,UNIQUE,INV_MKUPTEMP_LINES,None,NOVALUE,NO ACTION,2,MKUPTEMP_ID~PRICE_TYPE_ID~,None,None,ORATECHCANNON
INVPALLET_UK,UNIQUE,INV_PALLETS,None,NOVALUE,NO ACTION,2,CONTAINER_LOG_ID~PALLET_NUMBER~,None,None,ORATECHCANNON
IPBH_PRICE_BREAK_UK_UK,UNIQUE,INV_PRICE_BREAK_HEADERS,None,NOVALUE,NO ACTION,2,NAME,None,None,ORATECHCANNON
IPBL_QTYFROM,UNIQUE,INV_PRICE_BREAK_LINES,None,NOVALUE,NO ACTION,2,IPBH_PRICE_BREAK_ID~QTY_FROM~QTY_TO,None,None,ORATECHCANNON
IPT_PRICE_TYPE_UK_UK,UNIQUE,INV_PRICE_TYPES,None,NOVALUE,NO ACTION,2,PRICE_TYPE_NAME,None,None,ORATECHCANNON
INVQKCODEHEADERS_UK1,UNIQUE,INV_QUICKCODE_HEADERS,None,NOVALUE,NO ACTION,2,QUICKCODE_NAME,None,None,ORATECHCANNON
INVQKCODELINES_UK2,UNIQUE,INV_QUICKCODE_LINES,None,NOVALUE,NO ACTION,2,QUICKCODE_ID~ITEM_ID~,None,None,ORATECHCANNON
INVREQUISITIONHEADERS_UK2,UNIQUE,INV_REQUISITION_HEADERS,None,NOVALUE,NO ACTION,2,REQUISITION_NUMBER,None,None,ORATECHCANNON
INVREQUISITIONHEADERS_UK1,UNIQUE,INV_REQUISITION_HEADERS,None,NOVALUE,NO ACTION,2,REQUISITION_NAME,None,None,ORATECHCANNON
SIH_SIMILARHEADER_UK1_UK,UNIQUE,INV_SIMILAR_ITEM_HEADERS,None,NOVALUE,NO ACTION,2,SHORT_DESC,None,None,ORATECHCANNON
SIL_UK,UNIQUE,INV_SIMILAR_ITEM_LINES,None,NOVALUE,NO ACTION,2,SIH_SIMILAR_ITEM_ID~IIM_ITEM_ID~,None,None,ORATECHCANNON
INVSLOCASSIGNHEADERS_UK1,UNIQUE,INV_SLOCASSIGN_HEADERS,None,NOVALUE,NO ACTION,2,ASSIGNMENT_NAME,None,None,ORATECHCANNON
ISI_ISI_UK1_UK,UNIQUE,INV_STKTAKE_ITEMS,None,NOVALUE,NO ACTION,2,ITEM_ID~STKTAKE_TYPE_ID~,None,None,ORATECHCANNON
INVSTKTKITEM_UK2,UNIQUE,INV_STKTAKE_ITEMS,None,NOVALUE,NO ACTION,2,STKTAKE_TYPE_ID~SL_NO~,None,None,ORATECHCANNON
IST_IST_NAME_UK1_UK,UNIQUE,INV_STKTAKE_TYPES,None,NOVALUE,NO ACTION,2,STKTAKE_NAME,None,None,ORATECHCANNON
STOCKSPLITHEADERS_UK1,UNIQUE,INV_STOCKSPLIT_HEADERS,None,NOVALUE,NO ACTION,2,STOCKSPLIT_NAME,None,None,ORATECHCANNON
INVSUBLOCH_UK,UNIQUE,INV_SUBLOC_HIERARCHY,None,NOVALUE,NO ACTION,2,LOCATION_ID~SL_NO~,None,None,ORATECHCANNON
ISL_SLO_UK_UK,UNIQUE,INV_SUB_LOCATIONS,None,NOVALUE,NO ACTION,2,IL_LOCATION_ID~SUB_LOCATION~,None,None,ORATECHCANNON
INV_SUBLOCUK4,UNIQUE,INV_SUB_LOCATIONS,None,NOVALUE,NO ACTION,2,SUB_LOCATION_NUMBER,None,None,ORATECHCANNON
PALLETBOX_NAME_UK1,UNIQUE,PALLET_BOXES,None,NOVALUE,NO ACTION,2,BOX_NAME,None,None,ORATECHCANNON
PALLETBOX_NUMBER_UK2,UNIQUE,PALLET_BOXES,None,NOVALUE,NO ACTION,2,BOX_NUMBER,None,None,ORATECHCANNON
PALLETHEAD_NAME_UK1,UNIQUE,PALLET_HEADERS,None,NOVALUE,NO ACTION,2,PALLET_NAME,None,None,ORATECHCANNON
PALLETHEAD_NUMBER_UK2,UNIQUE,PALLET_HEADERS,None,NOVALUE,NO ACTION,2,PALLET_NUMBER,None,None,ORATECHCANNON
PALLETLINE2_UK1,UNIQUE,PALLET_LINES,None,NOVALUE,NO ACTION,2,PALLET_HEADER_ID~BOX_ID~SUB_LOCATION_ID~ITEM_ID~,None,None,ORATECHCANNON
PALLETLINE_SLNO_UK2,UNIQUE,PALLET_LINES,None,NOVALUE,NO ACTION,2,BOX_ID~SL_NO~,None,None,ORATECHCANNON
POBUY_UK1,UNIQUE,PO_BUYERS,None,NOVALUE,NO ACTION,2,BUYER_ID~SUPERVISOR_ID~,None,None,ORATECHCANNON
POORDERPADHEAD_NAME_UK1,UNIQUE,PO_ORDERPAD_HEADERS,None,NOVALUE,NO ACTION,2,ORDERPAD_NAME,None,None,ORATECHCANNON
PRICETEMPHEADERS_UK1,UNIQUE,PRICE_TEMPLATE_HEADERS,None,NOVALUE,NO ACTION,2,PRICETEMP_CODE,None,None,ORATECHCANNON
PRICETEMPHEADERS_UK2,UNIQUE,PRICE_TEMPLATE_HEADERS,None,NOVALUE,NO ACTION,2,PRICETEMP_NAME,None,None,ORATECHCANNON
PRICETEMPLINES_UK1,UNIQUE,PRICE_TEMPLATE_LINES,None,NOVALUE,NO ACTION,2,PRICETEMP_ID~SL_NO~,None,None,ORATECHCANNON
PRICETEMPLINES_UK2,UNIQUE,PRICE_TEMPLATE_LINES,None,NOVALUE,NO ACTION,2,PRICETEMP_ID~SALES_UNIT~,None,None,ORATECHCANNON
PRUPDL_UK1,UNIQUE,PRICE_UPDATEITEMCP_LINES,None,NOVALUE,NO ACTION,2,UPDATEITEMCP_LINE_ID~ITEM_ID~,None,None,ORATECHCANNON
ARPLH_UK1,UNIQUE,PR_PRICELIST_HEADERS,None,NOVALUE,NO ACTION,2,PRICELIST_NAME,None,None,ORATECHCANNON
SYSCTRLH_UK1,UNIQUE,SYS_CONTROL_HEADERS,None,NOVALUE,NO ACTION,2,CONTROL_TYPE~IDENTIFIER~,None,None,ORATECHCANNON
SYSCTRLL_UK1,UNIQUE,SYS_CONTROL_LINES,None,NOVALUE,NO ACTION,2,CONTROL_HEADER_ID~CONTROL_LINE_TYPE~IDENTIFIER,None,None,ORATECHCANNON
SYSNOTIFH_UK,UNIQUE,SYS_NOTIFICATION_EVENTS,None,NOVALUE,NO ACTION,2,IDENTIFIER,None,None,ORATECHCANNON
SYSPROG_UK1,UNIQUE,SYS_PROGRAMS,None,NOVALUE,NO ACTION,2,IDENTIFIER,None,None,ORATECHCANNON
SYSSHORTNAME_UK2,UNIQUE,SYS_SCHEDULE_JOBS,None,NOVALUE,NO ACTION,2,JOB_SHORT_NAME,None,None,ORATECHCANNON
SYSJOBNAME_UK1,UNIQUE,SYS_SCHEDULE_JOBS,None,NOVALUE,NO ACTION,2,JOB_NAME,None,None,ORATECHCANNON
SYSUIITEMATTR_UK1,UNIQUE,SYS_UIITEMATTRS,None,NOVALUE,NO ACTION,2,ITEM_ID~ATTRIBUTE_ID~,None,None,ORATECHCANNON
SYSUIITEM_NAME_UK1,UNIQUE,SYS_UIITEMS,None,NOVALUE,NO ACTION,2,REGION_ID~NAME~,None,None,ORATECHCANNON
SYSUIREG_NAME_UK1,UNIQUE,SYS_UIREGIONS,None,NOVALUE,NO ACTION,2,NAME,None,None,ORATECHCANNON
TPSOURCENAME_UK1,UNIQUE,TP_STOCK_SOURCES,None,NOVALUE,NO ACTION,2,TP_SOURCE_NAME,None,None,ORATECHCANNON
WWW_NODESUBSOURCE_UK1,UNIQUE,WWW_NODES,None,NOVALUE,NO ACTION,2,WWW_SUB_SOURCE_ID~SOURCE_NODE_ID~,None,None,ORATECHCANNON
WWW_SOURCENAME_UK1,UNIQUE,WWW_SOURCES,None,NOVALUE,NO ACTION,2,WWW_SOURCE_NAME,None,None,ORATECHCANNON
WWW_SUBSOURCENAME_UK1,UNIQUE,WWW_SUB_SOURCES,None,NOVALUE,NO ACTION,2,WWW_SOURCE_ID~SUB_SOURCE_NAME~,None,None,ORATECHCANNON
DJANGO_CO_APP_LABEL_76BD3D3B_U,UNIQUE,DJANGO_CONTENT_TYPE,None,NOVALUE,NO ACTION,2,APP_LABEL~MODEL~,None,None,ORATECHCANNON
AUTH_PERM_CONTENT_T_01AB375A_U,UNIQUE,AUTH_PERMISSION,None,NOVALUE,NO ACTION,2,CONTENT_TYPE_ID~CODENAME~,None,None,ORATECHCANNON
AUTH_GROU_GROUP_ID__0CD325B0_U,UNIQUE,AUTH_GROUP_PERMISSIONS,None,NOVALUE,NO ACTION,2,GROUP_ID~PERMISSION_ID~,None,None,ORATECHCANNON
PALLETLINE_SUBLOCID_FK,FOREIGN KEY,PALLET_LINES,None,ISL_PK,CASCADE,3,SUB_LOCATION_ID,INV_SUB_LOCATIONS,SUB_LOCATION_ID,ORATECHCANNON
PALLETTRANS_SUBLOCID_FK,FOREIGN KEY,PALLET_TRANSACTIONS,None,ISL_PK,CASCADE,3,FROM_SUB_LOCATION_ID,INV_SUB_LOCATIONS,SUB_LOCATION_ID,ORATECHCANNON
PALLETTRANS_TSUBLOCID_FK,FOREIGN KEY,PALLET_TRANSACTIONS,None,ISL_PK,CASCADE,3,TO_SUB_LOCATION_ID,INV_SUB_LOCATIONS,SUB_LOCATION_ID,ORATECHCANNON
HRUSERASS_SUBLOCID_FK,FOREIGN KEY,HR_USER_ASSIGNMENTS,None,ISL_PK,CASCADE,3,SUB_LOCATION_ID,INV_SUB_LOCATIONS,SUB_LOCATION_ID,ORATECHCANNON
GRNORDERPADH_OHID_FK,FOREIGN KEY,GRN_ORDERPAD_HEADERS,None,POORDPADHEAD_PK,CASCADE,3,ORDERPAD_HEADER_ID,PO_ORDERPAD_HEADERS,ORDERPAD_HEADER_ID,ORATECHCANNON
GRNORDERPADL_OHID_FK,FOREIGN KEY,GRN_ORDERPAD_LINES,None,POORDPADHEAD_PK,CASCADE,3,ORDERPAD_HEADER_ID,PO_ORDERPAD_HEADERS,ORDERPAD_HEADER_ID,ORATECHCANNON
POORDERPADLINE_HEADERID_FK,FOREIGN KEY,PO_ORDERPAD_LINES,None,POORDPADHEAD_PK,CASCADE,3,ORDERPAD_HEADER_ID,PO_ORDERPAD_HEADERS,ORDERPAD_HEADER_ID,ORATECHCANNON
GRNORDERPADL_OHLID_FK,FOREIGN KEY,GRN_ORDERPAD_LINES,None,POORDERPADLINE_PK,CASCADE,3,ORDERPAD_LINE_ID,PO_ORDERPAD_LINES,ORDERPAD_LINE_ID,ORATECHCANNON
GRNORDERPADH_LOCID_FK,FOREIGN KEY,GRN_ORDERPAD_HEADERS,None,IL_PK,CASCADE,3,LOCATION_ID,INV_LOCATIONS,LOCATION_ID,ORATECHCANNON
INVSTOCKSPLIT_LOC_ID,FOREIGN KEY,INV_STOCKSPLIT_HEADERS,None,IL_PK,CASCADE,3,LOCATION_ID,INV_LOCATIONS,LOCATION_ID,ORATECHCANNON
POORDERPADH_LOCID_FK,FOREIGN KEY,PO_ORDERPAD_HEADERS,None,IL_PK,CASCADE,3,LOCATION_ID,INV_LOCATIONS,LOCATION_ID,ORATECHCANNON
STOCKSPLITLINES_FK3,FOREIGN KEY,INV_STOCKSPLIT_LINES,None,STOCKSPLITHEADERS_PK,CASCADE,3,STOCKSPLIT_ID,INV_STOCKSPLIT_HEADERS,STOCKSPLIT_ID,ORATECHCANNON
GRNORDERPADLINE_ITEMID_FK,FOREIGN KEY,GRN_ORDERPAD_LINES,None,IIM_PK,CASCADE,3,ITEM_ID,INV_ITEM_MASTERS,ITEM_ID,ORATECHCANNON
STOCKSPLITLINES_FK1,FOREIGN KEY,INV_STOCKSPLIT_LINES,None,IIM_PK,CASCADE,3,ITEM_ID,INV_ITEM_MASTERS,ITEM_ID,ORATECHCANNON
POORDERPADLINE_ITEMID_FK,FOREIGN KEY,PO_ORDERPAD_LINES,None,IIM_PK,CASCADE,3,ITEM_ID,INV_ITEM_MASTERS,ITEM_ID,ORATECHCANNON
GRNORDERPADLINE_HEADERID_FK,FOREIGN KEY,GRN_ORDERPAD_LINES,None,GRNORDPADHEAD_PK,CASCADE,3,GRN_ID,GRN_ORDERPAD_HEADERS,GRN_ID,ORATECHCANNON
GRNORDERPADH_SUPPID_FK,FOREIGN KEY,GRN_ORDERPAD_HEADERS,None,SUP_PK,CASCADE,3,SUPPLIER_ID,AP_SUPPLIERS,SUPPLIER_ID,ORATECHCANNON
POORDERPADH_SUPPID_FK,FOREIGN KEY,PO_ORDERPAD_HEADERS,None,SUP_PK,CASCADE,3,SUPPLIER_ID,AP_SUPPLIERS,SUPPLIER_ID,ORATECHCANNON
GRNORDERPADH_CUSTID_FK,FOREIGN KEY,GRN_ORDERPAD_HEADERS,None,CUST_PK,CASCADE,3,CUSTOMER_ID,AR_CUSTOMERS,CUSTOMER_ID,ORATECHCANNON
POORDERPADH_CUSTID_FK,FOREIGN KEY,PO_ORDERPAD_HEADERS,None,CUST_PK,CASCADE,3,CUSTOMER_ID,AR_CUSTOMERS,CUSTOMER_ID,ORATECHCANNON
DJANGO_AD_CONTENT_T_C4BCE8EB_F,FOREIGN KEY,DJANGO_ADMIN_LOG,None,SYS_C00130086,NO ACTION,3,CONTENT_TYPE_ID,DJANGO_CONTENT_TYPE,ID,ORATECHCANNON
DJANGO_AD_USER_ID_C564EBA6_F,FOREIGN KEY,DJANGO_ADMIN_LOG,None,CU_PK,NO ACTION,3,USER_ID,CMN_USERS,USER_ID,ORATECHCANNON
AUTH_PERM_CONTENT_T_2F476E4B_F,FOREIGN KEY,AUTH_PERMISSION,None,SYS_C00130086,NO ACTION,3,CONTENT_TYPE_ID,DJANGO_CONTENT_TYPE,ID,ORATECHCANNON
AUTH_GROU_GROUP_ID_B120CBF9_F,FOREIGN KEY,AUTH_GROUP_PERMISSIONS,None,SYS_C00130100,NO ACTION,3,GROUP_ID,AUTH_GROUP,ID,ORATECHCANNON
AUTH_GROU_PERMISSIO_84C5C92E_F,FOREIGN KEY,AUTH_GROUP_PERMISSIONS,None,SYS_C00130098,NO ACTION,3,PERMISSION_ID,AUTH_PERMISSION,ID,ORATECHCANNON
PRPL_FK3,FOREIGN KEY,PR_PRICELIST_LINES,None,IIM_PK,CASCADE,3,ITEM_ID,INV_ITEM_MASTERS,ITEM_ID,ORATECHCANNON
PRUPDL_FK1,FOREIGN KEY,PRICE_UPDATEITEMCP_LINES,None,IIM_PK,CASCADE,3,ITEM_ID,INV_ITEM_MASTERS,ITEM_ID,ORATECHCANNON
ITMDIML_FK2,FOREIGN KEY,INV_ITEM_DIMENSION_LINES,None,ITMDIM_PK,CASCADE,3,DIMENSION_ID,INV_ITEM_DIMENSIONS,DIMENSION_ID,ORATECHCANNON
PRPL_FK4,FOREIGN KEY,PR_PRICELIST_LINES,None,IIC_PK,CASCADE,3,CATEGORY_ID,INV_ITEM_CATEGORIES,CATEGORY_ID,ORATECHCANNON
INVSLNMTRANS_FK2,FOREIGN KEY,INV_SERIALNUM_TRANSACTIONS,None,IISN_PK,CASCADE,3,SERIAL_NUMBER_ID,INV_ITEM_SERIAL_NUMBERS,SERIAL_NUMBER_ID,ORATECHCANNON
INVSLNMTRANS_FK3,FOREIGN KEY,INV_SERIALNUM_TRANSACTIONS,None,IIM_PK,CASCADE,3,ITEM_ID,INV_ITEM_MASTERS,ITEM_ID,ORATECHCANNON
INVITBATCHLINE_FK1,FOREIGN KEY,INV_ITEM_BATCH_LINES,None,INVITBATCH_PK,CASCADE,3,BATCH_ID,INV_ITEM_BATCHES,BATCH_ID,ORATECHCANNON
INVITBATCHLINE_FK2,FOREIGN KEY,INV_ITEM_BATCH_LINES,None,IIM_PK,CASCADE,3,ITEM_ID,INV_ITEM_MASTERS,ITEM_ID,ORATECHCANNON
WWW_SUBSOURCECNTRY_FK,FOREIGN KEY,WWW_SUB_SOURCES,None,CCO_PK,NO ACTION,3,COUNTRY_CODE,CMN_COUNTRIES,COUNTRY_CODE,ORATECHCANNON
PALLETH_PCID_FK,FOREIGN KEY,PALLET_HEADERS,None,CMC_PK,CASCADE,3,PC_ID,CMN_CONTAINERS,PC_ID,ORATECHCANNON
PALLETH_BOXPCID_FK,FOREIGN KEY,PALLET_BOXES,None,CMC_PK,CASCADE,3,PC_ID,CMN_CONTAINERS,PC_ID,ORATECHCANNON
PALLETH_ORDERID_FK,FOREIGN KEY,PALLET_HEADERS,None,AR_SALH_PK,CASCADE,3,ORDER_HEADER_ID,AR_SALESORDER_HEADERS,ORDER_HEADER_ID,ORATECHCANNON
PALLETB_ORDERID_FK,FOREIGN KEY,PALLET_BOXES,None,AR_SALH_PK,CASCADE,3,ORDER_HEADER_ID,AR_SALESORDER_HEADERS,ORDER_HEADER_ID,ORATECHCANNON
PALLETH_INVOICEID_FK,FOREIGN KEY,PALLET_HEADERS,None,ARINVH_PK,CASCADE,3,INVOICE_HEADER_ID,AR_INVOICE_HEADERS,INVOICE_HEADER_ID,ORATECHCANNON
PALLETB_INVOICEID_FK,FOREIGN KEY,PALLET_BOXES,None,ARINVH_PK,CASCADE,3,INVOICE_HEADER_ID,AR_INVOICE_HEADERS,INVOICE_HEADER_ID,ORATECHCANNON
DISPHEADER_FREIGHT_FK,FOREIGN KEY,DISPATCH_HEADERS,None,ARFREIGHT_PK,NO ACTION,3,FREIGHT_HEADER_ID,AR_FREIGHT_HEADERS,FREIGHT_HEADER_ID,ORATECHCANNON
ORDERPADH_CUSTID_FK,FOREIGN KEY,AR_ORDERPAD_HEADERS,None,CUST_PK,CASCADE,3,CUSTOMER_ID,AR_CUSTOMERS,CUSTOMER_ID,ORATECHCANNON
CUSTSPLITLINES_FK1,FOREIGN KEY,AR_CUSTSPLIT_LINES,None,CUST_PK,CASCADE,3,CUSTOMER_ID,AR_CUSTOMERS,CUSTOMER_ID,ORATECHCANNON
HRUSERASS_USERIS_FK,FOREIGN KEY,HR_USER_ASSIGNMENTS,None,CU_PK,CASCADE,3,USER_ID,CMN_USERS,USER_ID,ORATECHCANNON
INVITEM_UOM_FK,FOREIGN KEY,INV_ITEM_MASTERS,None,CUOM_PK,NO ACTION,3,UOM_ID,CMN_UNIT_OF_MEASUREMENTS,UOM_ID,ORATECHCANNON
WWW_NODE_LINKS_FK3,FOREIGN KEY,WWW_NODE_LINKS,None,IIM_PK,CASCADE,3,ITEM_ID,INV_ITEM_MASTERS,ITEM_ID,ORATECHCANNON
AUDIT_STOCK_HISTORY_FK,FOREIGN KEY,AUDIT_STOCK_HISTORY,None,IIM_PK,CASCADE,3,ITEM_ID,INV_ITEM_MASTERS,ITEM_ID,ORATECHCANNON
ORDERPADLINE_ITEMID_FK,FOREIGN KEY,AR_ORDERPAD_LINES,None,IIM_PK,CASCADE,3,ITEM_ID,INV_ITEM_MASTERS,ITEM_ID,ORATECHCANNON
PALLETLINE_ITEMID_FK,FOREIGN KEY,PALLET_LINES,None,IIM_PK,CASCADE,3,ITEM_ID,INV_ITEM_MASTERS,ITEM_ID,ORATECHCANNON
WWW_NODE_LINKS_FK1,FOREIGN KEY,WWW_NODE_LINKS,None,IIC_PK,CASCADE,3,CATEGORY_ID,INV_ITEM_CATEGORIES,CATEGORY_ID,ORATECHCANNON
HRUSERASS_CATID_FK,FOREIGN KEY,HR_USER_ASSIGNMENTS,None,IIC_PK,CASCADE,3,CATEGORY_ID,INV_ITEM_CATEGORIES,CATEGORY_ID,ORATECHCANNON
GL_JELINE_ACCOUNTID_FK,FOREIGN KEY,GL_JE_LINES,None,GAC_PK,CASCADE,3,GL_ACCOUNT_ID,GL_ACCOUNT_CODES,GL_ACCOUNT_ID,ORATECHCANNON
AUDIT_STOCK_HISTORY_FK1,FOREIGN KEY,AUDIT_STOCK_HISTORY,None,IL_PK,CASCADE,3,LOCATION_ID,INV_LOCATIONS,LOCATION_ID,ORATECHCANNON
ORDERPADH_LOCID_FK,FOREIGN KEY,AR_ORDERPAD_HEADERS,None,IL_PK,CASCADE,3,LOCATION_ID,INV_LOCATIONS,LOCATION_ID,ORATECHCANNON
PALLETH_LOCID_FK,FOREIGN KEY,PALLET_HEADERS,None,IL_PK,CASCADE,3,LOCATION_ID,INV_LOCATIONS,LOCATION_ID,ORATECHCANNON
PALLETH_CURRLOCID_FK,FOREIGN KEY,PALLET_HEADERS,None,IL_PK,CASCADE,3,CURRENT_LOCATION_ID,INV_LOCATIONS,LOCATION_ID,ORATECHCANNON
PALLETLINE_LOCID_FK,FOREIGN KEY,PALLET_LINES,None,IL_PK,CASCADE,3,LOCATION_ID,INV_LOCATIONS,LOCATION_ID,ORATECHCANNON
PALLETTRANS_FLOCID_FK,FOREIGN KEY,PALLET_TRANSACTIONS,None,IL_PK,CASCADE,3,FROM_LOCATION_ID,INV_LOCATIONS,LOCATION_ID,ORATECHCANNON
PALLETTRANS_TLOCID_FK,FOREIGN KEY,PALLET_TRANSACTIONS,None,IL_PK,CASCADE,3,TO_LOCATION_ID,INV_LOCATIONS,LOCATION_ID,ORATECHCANNON
HRUSERASS_LOCID_FK,FOREIGN KEY,HR_USER_ASSIGNMENTS,None,IL_PK,CASCADE,3,LOCATION_ID,INV_LOCATIONS,LOCATION_ID,ORATECHCANNON
DISPHEADER_LOCID_FK,FOREIGN KEY,DISPATCH_HEADERS,None,IL_PK,CASCADE,3,LOCATION_ID,INV_LOCATIONS,LOCATION_ID,ORATECHCANNON
WWW_NODE_LINKS_FK2,FOREIGN KEY,WWW_NODE_LINKS,None,IISC_PK,CASCADE,3,SUB_CATEGORY_ID,INV_ITEM_SUB_CATEGORIES,SUB_CATEGORY_ID,ORATECHCANNON
HRUSERASS_SUBCATID_FK,FOREIGN KEY,HR_USER_ASSIGNMENTS,None,IISC_PK,CASCADE,3,SUB_CATEGORY_ID,INV_ITEM_SUB_CATEGORIES,SUB_CATEGORY_ID,ORATECHCANNON
CUSTSPLITLINES_FK3,FOREIGN KEY,AR_CUSTSPLIT_LINES,None,CUSTSPLITHEADERS_PK,CASCADE,3,CUSTSPLIT_ID,AR_CUSTSPLIT_HEADERS,CUSTSPLIT_ID,ORATECHCANNON
PALLETH_DISPATCHID_FK,FOREIGN KEY,PALLET_HEADERS,None,DISPHEADER1_PK,NO ACTION,3,DISPATCH_ID,DISPATCH_HEADERS,DISPATCH_ID,ORATECHCANNON
PALLETTRANS_LINEID_FK,FOREIGN KEY,PALLET_TRANSACTIONS,None,PALLETLINE1_PK,CASCADE,3,PALLET_LINE_ID,PALLET_LINES,PALLET_LINE_ID,ORATECHCANNON
PALLETLINE_BOXID_FK,FOREIGN KEY,PALLET_LINES,None,PALLETBOX_PK,CASCADE,3,BOX_ID,PALLET_BOXES,BOX_ID,ORATECHCANNON
PALLETTRANS_BOXID_FK,FOREIGN KEY,PALLET_TRANSACTIONS,None,PALLETBOX_PK,CASCADE,3,BOX_ID,PALLET_BOXES,BOX_ID,ORATECHCANNON
PALLETH_HEADERID_FK,FOREIGN KEY,PALLET_BOXES,None,PALLETHEAD_PK,CASCADE,3,PALLET_HEADER_ID,PALLET_HEADERS,PALLET_HEADER_ID,ORATECHCANNON
PALLETLINE_HEADERID_FK,FOREIGN KEY,PALLET_LINES,None,PALLETHEAD_PK,CASCADE,3,PALLET_HEADER_ID,PALLET_HEADERS,PALLET_HEADER_ID,ORATECHCANNON
PALLETTRANS_HEADERID_FK,FOREIGN KEY,PALLET_TRANSACTIONS,None,PALLETHEAD_PK,CASCADE,3,PALLET_HEADER_ID,PALLET_HEADERS,PALLET_HEADER_ID,ORATECHCANNON
ORDERPADLINE_HEADERID_FK,FOREIGN KEY,AR_ORDERPAD_LINES,None,ORDPADHEAD_PK,CASCADE,3,ORDERPAD_HEADER_ID,AR_ORDERPAD_HEADERS,ORDERPAD_HEADER_ID,ORATECHCANNON
EXPLINEHEAD_FK,FOREIGN KEY,EXPORT_LINES,None,EXPORTHEAD_PK,CASCADE,3,EXPORT_HEADER_ID,EXPORT_HEADERS,EXPORT_HEADER_ID,ORATECHCANNON
IMPEXPTRALINE_HEADERID_FK,FOREIGN KEY,EXT_TRANS_LINES,None,EXTTRANSHEAD_PK,CASCADE,3,HEADER_ID,EXT_TRANS_HEADERS,HEADER_ID,ORATECHCANNON
IMPEXPLINE_HEADERID_FK,FOREIGN KEY,IMPEXP_LINES,None,IMPEXPHEAD_PK,CASCADE,3,IMPEXP_HEADER_ID,IMPEXP_HEADERS,IMPEXP_HEADER_ID,ORATECHCANNON
WWW_NODES_FK1,FOREIGN KEY,WWW_NODES,None,WWW_SUBSOURCE_PK,CASCADE,3,WWW_SUB_SOURCE_ID,WWW_SUB_SOURCES,WWW_SUB_SOURCE_ID,ORATECHCANNON
WWW_SUBSOURCE_FK,FOREIGN KEY,WWW_SUB_SOURCES,None,WWW_SOURCE_PK,CASCADE,3,WWW_SOURCE_ID,WWW_SOURCES,WWW_SOURCE_ID,ORATECHCANNON
WWW_NODES_FK,FOREIGN KEY,WWW_NODES,None,WWW_SOURCE_PK,CASCADE,3,WWW_SOURCE_ID,WWW_SOURCES,WWW_SOURCE_ID,ORATECHCANNON
TP_STOCKLINES_FK,FOREIGN KEY,TP_STOCK_LINES,None,TPSOURCE_PK,CASCADE,3,TP_SOURCE_ID,TP_STOCK_SOURCES,TP_SOURCE_ID,ORATECHCANNON
CMN_COUNTRYLANG_FK,FOREIGN KEY,CMN_COUNTRIES,None,CMN_LANG_PK,NO ACTION,3,LANGUAGE_CODE,CMN_LANGUAGES,LANGUAGE_CODE,ORATECHCANNON
AR_CUSTLANG_FK,FOREIGN KEY,AR_CUSTOMERS,None,CMN_LANG_PK,NO ACTION,3,LANGUAGE_CODE,CMN_LANGUAGES,LANGUAGE_CODE,ORATECHCANNON
CMN_LANGTEXT_FK,FOREIGN KEY,CMN_LANGUAGE_TEXTS,None,CMN_LANG_PK,CASCADE,3,LANGUAGE_CODE,CMN_LANGUAGES,LANGUAGE_CODE,ORATECHCANNON
WWW_SUBSOURCE_FK1,FOREIGN KEY,WWW_SUB_SOURCES,None,CMN_LANG_PK,NO ACTION,3,LANGUAGE_CODE,CMN_LANGUAGES,LANGUAGE_CODE,ORATECHCANNON
GL_JELINE_HEADERID_FK,FOREIGN KEY,GL_JE_LINES,None,GL_JEHEAD_PK,CASCADE,3,JE_HEADER_ID,GL_JE_HEADERS,JE_HEADER_ID,ORATECHCANNON
GLTEMTRANSH_FK,FOREIGN KEY,GL_TEMPLATE_TRANS,None,GLTEMPTH_PK,CASCADE,3,TEMPLATE_TRANS_HEADER_ID,GL_TEMPLATE_TRANS_HEADERS,TEMPLATE_TRANS_HEADER_ID,ORATECHCANNON
PALLETH_GRNID_FK,FOREIGN KEY,PALLET_HEADERS,None,PGH_PK,CASCADE,3,GRN_ID,PO_GRN_HEADERS,GRN_ID,ORATECHCANNON
PALLETB_GRNID_FK,FOREIGN KEY,PALLET_BOXES,None,PGH_PK,CASCADE,3,GRN_ID,PO_GRN_HEADERS,GRN_ID,ORATECHCANNON
PALLETH_SUBLOCID_FK,FOREIGN KEY,PALLET_HEADERS,None,ISL_PK,CASCADE,3,SUB_LOCATION_ID,INV_SUB_LOCATIONS,SUB_LOCATION_ID,ORATECHCANNON
PALLETH_CURRENTSUBLOCID_FK,FOREIGN KEY,PALLET_HEADERS,None,ISL_PK,CASCADE,3,CURRENT_SUB_LOCATION_ID,INV_SUB_LOCATIONS,SUB_LOCATION_ID,ORATECHCANNON
INVLOCWEE_FK4,FOREIGN KEY,INV_LOCATIONS,None,GAC_PK,CASCADE,3,GL_ACCOUNT_ID,GL_ACCOUNT_CODES,GL_ACCOUNT_ID,ORATECHCANNON
EMPJTD_FK2,FOREIGN KEY,EMP_JOB_TYPE_DAYS,None,EMPWD_PK,CASCADE,3,WORKING_DAY_ID,EMP_WORKING_DAYS,WORKING_DAY_ID,ORATECHCANNON
EMPEMP_FK3,FOREIGN KEY,EMP_EMPLOYEES,None,EMPPOS_PK,CASCADE,3,POSITION_ID,EMP_POSITIONS,POSITION_ID,ORATECHCANNON
EMPJTD_FK1,FOREIGN KEY,EMP_JOB_TYPE_DAYS,None,EMPJT_PK,CASCADE,3,JOB_TYPE_ID,EMP_JOB_TYPES,JOB_TYPE_ID,ORATECHCANNON
EMPEMP_FK1,FOREIGN KEY,EMP_EMPLOYEES,None,EMPJT_PK,CASCADE,3,JOB_TYPE_ID,EMP_JOB_TYPES,JOB_TYPE_ID,ORATECHCANNON
EMPEMP_FK4,FOREIGN KEY,EMP_EMPLOYEES,None,EMPJOB_PK,CASCADE,3,JOB_ID,EMP_JOBS,JOB_ID,ORATECHCANNON
EMPEMP_FK2,FOREIGN KEY,EMP_EMPLOYEES,None,EMPDEP_PK,CASCADE,3,DEPARTMENT_ID,EMP_DEPARTMENTS,DEPARTMENT_ID,ORATECHCANNON
USEREXL_FK1,FOREIGN KEY,CMN_USER_EXCLUSIONS,None,CU_PK,CASCADE,3,USER_ID,CMN_USERS,USER_ID,ORATECHCANNON
CMNUSERREPGRP_FK2,FOREIGN KEY,CMN_USER_REPORTGROUPS,None,CU_PK,CASCADE,3,USER_ID,CMN_USERS,USER_ID,ORATECHCANNON
USEREXL_FK3,FOREIGN KEY,CMN_USER_EXCLUSIONS,None,CMRR_PK,CASCADE,3,REPORT_ID,CMN_REPORTS,REPORT_ID,ORATECHCANNON
CMNREPGRPL_FK2,FOREIGN KEY,CMN_REPORTGROUP_LINES,None,CMRR_PK,CASCADE,3,REPORT_ID,CMN_REPORTS,REPORT_ID,ORATECHCANNON
CMN_PROF_VAL_PROFID_FK,FOREIGN KEY,CMN_PROFILE_VALUES,None,CMN_PROFPK,CASCADE,3,PROFILE_ID,CMN_PROFILES,PROFILE_ID,ORATECHCANNON
CMNPERIODBD_FK2,FOREIGN KEY,CMN_PERIOD_BREAKDOWNS,None,CMNPERIODL_PK,CASCADE,3,PERIOD_LINE_ID,CMN_PERIOD_LINES,PERIOD_LINE_ID,ORATECHCANNON
CMNPERIODL_FK1,FOREIGN KEY,CMN_PERIOD_LINES,None,CMNPRDH_PK,CASCADE,3,PERIOD_HEADER_ID,CMN_PERIOD_HEADERS,PERIOD_HEADER_ID,ORATECHCANNON
CMNPERIODBD_FK1,FOREIGN KEY,CMN_PERIOD_BREAKDOWNS,None,CMNPRDH_PK,CASCADE,3,PERIOD_HEADER_ID,CMN_PERIOD_HEADERS,PERIOD_HEADER_ID,ORATECHCANNON
CMN_PROF_MODULEID_FK,FOREIGN KEY,CMN_PROFILES,None,CML_PK,CASCADE,3,MODULE_ID,CMN_MODULES,MODULE_ID,ORATECHCANNON
USEREXL_FK2,FOREIGN KEY,CMN_USER_EXCLUSIONS,None,CF_PK,CASCADE,3,FUNCTION_ID,CMN_FUNCTIONS,FUNCTION_ID,ORATECHCANNON
ARPL_FK2,FOREIGN KEY,AR_CUSTOMER_PRICELISTS,None,CUST_PK,CASCADE,3,CUSTOMER_ID,AR_CUSTOMERS,CUSTOMER_ID,ORATECHCANNON
AR_SALH_FK1,FOREIGN KEY,AR_SALESORDER_HEADERS,None,CUST_PK,CASCADE,3,CUSTOMER_ID,AR_CUSTOMERS,CUSTOMER_ID,ORATECHCANNON
ARPMNTH_FK3,FOREIGN KEY,AR_PAYMENT_HEADERS,None,CUST_PK,NO ACTION,3,CUSTOMER_ID,AR_CUSTOMERS,CUSTOMER_ID,ORATECHCANNON
AR_DELH_FK1,FOREIGN KEY,AR_DELIVERY_HEADERS,None,CUST_PK,CASCADE,3,CUSTOMER_ID,AR_CUSTOMERS,CUSTOMER_ID,ORATECHCANNON
AR_INVH_FK1,FOREIGN KEY,AR_INVOICE_HEADERS,None,CUST_PK,NO ACTION,3,CUSTOMER_ID,AR_CUSTOMERS,CUSTOMER_ID,ORATECHCANNON
APPMNTL_FK1,FOREIGN KEY,AP_PAYMENT_LINES,None,APPMNT_PK,CASCADE,3,PAYMENT_HEADER_ID,AP_PAYMENT_HEADERS,PAYMENT_HEADER_ID,ORATECHCANNON
APPMNTL_FK2,FOREIGN KEY,AP_PAYMENT_LINES,None,APINV_PK,CASCADE,3,INVOICE_ID,AP_INVOICE_HEADERS,INVOICE_ID,ORATECHCANNON
APINVL_FK1,FOREIGN KEY,AP_INVOICE_LINES,None,APINV_PK,CASCADE,3,INVOICE_ID,AP_INVOICE_HEADERS,INVOICE_ID,ORATECHCANNON
CMNTERMINALPROP_FK,FOREIGN KEY,CMN_TERMINAL_PROPERTIES,None,CMNTERM_ID_PK,CASCADE,3,TERMINAL_ID,CMN_TERMINALS,TERMINAL_ID,ORATECHCANNON
CMN_GRANT_PRIVID_FK,FOREIGN KEY,CMN_GRANTED_PRIVS,None,CMNPRIVL_ID_PK,CASCADE,3,PRIVILEGE_ID,CMN_PRIVILEGES,PRIVILEGE_ID,ORATECHCANNON
PRUPDL_FK2,FOREIGN KEY,PRICE_UPDATEITEMCP_LINES,None,PRUPDH_PK,CASCADE,3,UPDATEITEMCP_HEADER_ID,PRICE_UPDATEITEMCP_HEADERS,UPDATEITEMCP_HEADER_ID,ORATECHCANNON
ARPMNTL_FK1,FOREIGN KEY,AR_PAYMENT_LINES,None,ARPMNTH_PK,NO ACTION,3,PAYMENT_HEADER_ID,AR_PAYMENT_HEADERS,PAYMENT_HEADER_ID,ORATECHCANNON
ARPMNTH_FK2,FOREIGN KEY,AR_PAYMENT_HEADERS,None,ARINVH_PK,NO ACTION,3,INVOICE_HEADER_ID,AR_INVOICE_HEADERS,INVOICE_HEADER_ID,ORATECHCANNON
ARINVLINE_FK3,FOREIGN KEY,AR_INVOICE_LINES,None,ARINVH_PK,NO ACTION,3,INVOICE_HEADER_ID,AR_INVOICE_HEADERS,INVOICE_HEADER_ID,ORATECHCANNON
ARFREIGHTL_FK1,FOREIGN KEY,AR_FREIGHT_LINES,None,ARFREIGHT_PK,CASCADE,3,FREIGHT_HEADER_ID,AR_FREIGHT_HEADERS,FREIGHT_HEADER_ID,ORATECHCANNON
CMNREPGRPL_FK1,FOREIGN KEY,CMN_REPORTGROUP_LINES,None,CMNREPGRPH_PK,CASCADE,3,REPORT_GROUP_ID,CMN_REPORTGROUP_HEADERS,REPORT_GROUP_ID,ORATECHCANNON
CMNUSERREPGRP_FK1,FOREIGN KEY,CMN_USER_REPORTGROUPS,None,CMNREPGRPH_PK,CASCADE,3,REPORT_GROUP_ID,CMN_REPORTGROUP_HEADERS,REPORT_GROUP_ID,ORATECHCANNON
AR_DELL_FK3,FOREIGN KEY,AR_DELIVERY_LINES,None,ARSOLINE_PK,CASCADE,3,ORDER_LINE_ID,AR_SALESORDER_LINES,ORDER_LINE_ID,ORATECHCANNON
ARINVLINE_FK2,FOREIGN KEY,AR_INVOICE_LINES,None,ARSOLINE_PK,NO ACTION,3,ORDER_LINE_ID,AR_SALESORDER_LINES,ORDER_LINE_ID,ORATECHCANNON
ARPICKLIST_FK2,FOREIGN KEY,AR_SALESORDER_PICKLIST,None,ARSOLINE_PK,CASCADE,3,ORDER_LINE_ID,AR_SALESORDER_LINES,ORDER_LINE_ID,ORATECHCANNON
ARSOSTAT_FK2,FOREIGN KEY,AR_SALESORDER_STATUSES,None,ARSOLINE_PK,CASCADE,3,ORDER_LINE_ID,AR_SALESORDER_LINES,ORDER_LINE_ID,ORATECHCANNON
AR_DELL_FK1,FOREIGN KEY,AR_DELIVERY_LINES,None,AR_DELH_PK,CASCADE,3,DELIVERY_HEADER_ID,AR_DELIVERY_HEADERS,DELIVERY_HEADER_ID,ORATECHCANNON
ARPMNTH_FK1,FOREIGN KEY,AR_PAYMENT_HEADERS,None,AR_SALH_PK,NO ACTION,3,ORDER_HEADER_ID,AR_SALESORDER_HEADERS,ORDER_HEADER_ID,ORATECHCANNON
ARSOSTAT_FK1,FOREIGN KEY,AR_SALESORDER_STATUSES,None,AR_SALH_PK,CASCADE,3,ORDER_HEADER_ID,AR_SALESORDER_HEADERS,ORDER_HEADER_ID,ORATECHCANNON
ARINVLINE_FK1,FOREIGN KEY,AR_INVOICE_LINES,None,AR_SALH_PK,NO ACTION,3,ORDER_HEADER_ID,AR_SALESORDER_HEADERS,ORDER_HEADER_ID,ORATECHCANNON
AR_DELH_FK2,FOREIGN KEY,AR_DELIVERY_HEADERS,None,AR_SALH_PK,CASCADE,3,ORDER_HEADER_ID,AR_SALESORDER_HEADERS,ORDER_HEADER_ID,ORATECHCANNON
ARPICKLIST_FK1,FOREIGN KEY,AR_SALESORDER_PICKLIST,None,AR_SALH_PK,CASCADE,3,ORDER_HEADER_ID,AR_SALESORDER_HEADERS,ORDER_HEADER_ID,ORATECHCANNON
AR_INVH_FK2,FOREIGN KEY,AR_INVOICE_HEADERS,None,AR_SALH_PK,NO ACTION,3,ORDER_HEADER_ID,AR_SALESORDER_HEADERS,ORDER_HEADER_ID,ORATECHCANNON
AR_DELL_FK2,FOREIGN KEY,AR_DELIVERY_LINES,None,AR_SALH_PK,CASCADE,3,ORDER_HEADER_ID,AR_SALESORDER_HEADERS,ORDER_HEADER_ID,ORATECHCANNON
ARSALCRGRPM_FK2,FOREIGN KEY,AR_SALCR_GROUP_MEMBERS,None,ARSALCRGRP_PK,CASCADE,3,SALCR_GROUP_ID,AR_SALCR_GROUPS,SALCR_GROUP_ID,ORATECHCANNON
ARSALCRGRPM_FK1,FOREIGN KEY,AR_SALCR_GROUP_MEMBERS,None,ARSALPER_PK,CASCADE,3,SALES_PERSON_ID,AR_SALES_PERSONS,SALES_PERSON_ID,ORATECHCANNON
ARPL_FK1,FOREIGN KEY,AR_CUSTOMER_PRICELISTS,None,ARPLH_PK,CASCADE,3,PRICELIST_HEADER_ID,PR_PRICELIST_HEADERS,PRICELIST_HEADER_ID,ORATECHCANNON
PRPL_FK1,FOREIGN KEY,PR_PRICELIST_LINES,None,ARPLH_PK,CASCADE,3,PRICELIST_HEADER_ID,PR_PRICELIST_HEADERS,PRICELIST_HEADER_ID,ORATECHCANNON
LOCPL_FK1,FOREIGN KEY,INV_LOCATION_PRICELISTS,None,ARPLH_PK,CASCADE,3,PRICELIST_HEADER_ID,PR_PRICELIST_HEADERS,PRICELIST_HEADER_ID,ORATECHCANNON
ISUBLOCSNAP_FK2,FOREIGN KEY,INV_SUBLOC_VAL_SNAP,None,ISL_PK,CASCADE,3,SUB_LOCATION_ID,INV_SUB_LOCATIONS,SUB_LOCATION_ID,ORATECHCANNON
ISMREVNAP_FK2,FOREIGN KEY,INV_MONHLYREVIEW_VAL_SNAP,None,ISL_PK,CASCADE,3,SUB_LOCATION_ID,INV_SUB_LOCATIONS,SUB_LOCATION_ID,ORATECHCANNON
ITMSNAP_FK2,FOREIGN KEY,INV_ITEM_SUBLOC_SNAP,None,ISL_PK,CASCADE,3,SUB_LOCATION_ID,INV_SUB_LOCATIONS,SUB_LOCATION_ID,ORATECHCANNON
PRPL_FK2,FOREIGN KEY,PR_PRICELIST_LINES,None,IPT_PK,CASCADE,3,PRICE_TYPE_ID,INV_PRICE_TYPES,PRICE_TYPE_ID,ORATECHCANNON
ISUBLOCSNAP_FK1,FOREIGN KEY,INV_SUBLOC_VAL_SNAP,None,IL_PK,CASCADE,3,LOCATION_ID,INV_LOCATIONS,LOCATION_ID,ORATECHCANNON
ISMREVNAP_FK1,FOREIGN KEY,INV_MONHLYREVIEW_VAL_SNAP,None,IL_PK,CASCADE,3,LOCATION_ID,INV_LOCATIONS,LOCATION_ID,ORATECHCANNON
ITMSNAP_FK1,FOREIGN KEY,INV_ITEM_SUBLOC_SNAP,None,IL_PK,CASCADE,3,LOCATION_ID,INV_LOCATIONS,LOCATION_ID,ORATECHCANNON
LOCPL_FK2,FOREIGN KEY,INV_LOCATION_PRICELISTS,None,IL_PK,CASCADE,3,LOCATION_ID,INV_LOCATIONS,LOCATION_ID,ORATECHCANNON
PRPL_FK5,FOREIGN KEY,PR_PRICELIST_LINES,None,IISC_PK,CASCADE,3,SUB_CATEGORY_ID,INV_ITEM_SUB_CATEGORIES,SUB_CATEGORY_ID,ORATECHCANNON
ITMDIM_FK2,FOREIGN KEY,INV_ITEM_DIMENSIONS,None,IIM_PK,CASCADE,3,ITEM_ID,INV_ITEM_MASTERS,ITEM_ID,ORATECHCANNON
IIP1_IIM_FK,FOREIGN KEY,INV_ITEM_PRICEHISTORIES,None,IIM_PK,NO ACTION,3,ITEM_ID,INV_ITEM_MASTERS,ITEM_ID,ORATECHCANNON
ITMSNAP_FK3,FOREIGN KEY,INV_ITEM_SUBLOC_SNAP,None,IIM_PK,CASCADE,3,ITEM_ID,INV_ITEM_MASTERS,ITEM_ID,ORATECHCANNON
ITMDIML_FK3,FOREIGN KEY,INV_ITEM_DIMENSION_LINES,None,IIM_PK,CASCADE,3,ITEM_ID,INV_ITEM_MASTERS,ITEM_ID,ORATECHCANNON
IPBL_IPBH_FK,FOREIGN KEY,INV_PRICE_BREAK_LINES,None,IPBH_PK,NO ACTION,3,IPBH_PRICE_BREAK_ID,INV_PRICE_BREAK_HEADERS,PRICE_BREAK_ID,ORATECHCANNON
IIP2_IPT_FK,FOREIGN KEY,INV_ITEM_PRICES,None,IPT_PK,NO ACTION,3,IPT_PRICE_TYPE_ID,INV_PRICE_TYPES,PRICE_TYPE_ID,ORATECHCANNON
SIL_SIH_FK,FOREIGN KEY,INV_SIMILAR_ITEM_LINES,None,SIH_PK,NO ACTION,3,SIH_SIMILAR_ITEM_ID,INV_SIMILAR_ITEM_HEADERS,SIMILAR_ITEM_ID,ORATECHCANNON
POGRNL_FK1,FOREIGN KEY,PO_GRN_LINES,None,PGH_PK,CASCADE,3,PGH_GRN_ID,PO_GRN_HEADERS,GRN_ID,ORATECHCANNON
SYSLINECTRL_FK1,FOREIGN KEY,SYS_CONTROL_LINES,None,SYSLINECTRL_PK,CASCADE,3,CONTROL_LINE_ID,SYS_CONTROL_LINES,CONTROL_LINE_ID,ORATECHCANNON
SYSUSERCTRL_FK1,FOREIGN KEY,SYS_USER_CONTROLS,None,SYSLINECTRL_PK,CASCADE,3,CONTROL_LINE_ID,SYS_CONTROL_LINES,CONTROL_LINE_ID,ORATECHCANNON
SYSUIITEMATTR_FK,FOREIGN KEY,SYS_UIITEMATTRS,None,SYSUIITEM_ID_PK,CASCADE,3,ITEM_ID,SYS_UIITEMS,ITEM_ID,ORATECHCANNON
SYSUIITEMS_FK,FOREIGN KEY,SYS_UIITEMS,None,SYSUIREG_ID_PK,CASCADE,3,REGION_ID,SYS_UIREGIONS,REGION_ID,ORATECHCANNON
CBA_CB_FK,FOREIGN KEY,CMN_BANK_ACCOUNTS,None,CB_PK,NO ACTION,3,CB_BANK_ID,CMN_BANKS,BANK_ID,ORATECHCANNON
CBC_CBA_FK,FOREIGN KEY,CMN_BANK_CHEQUES,None,CBA_PK,NO ACTION,3,CBA_BANK_ACCOUNT_ID,CMN_BANK_ACCOUNTS,BANK_ACCOUNT_ID,ORATECHCANNON
CBU_CC_FK,FOREIGN KEY,CMN_BUSINESS_UNITS,None,CC_PK,NO ACTION,3,CC_COMP_ID,CMN_COMPANIES,COMP_ID,ORATECHCANNON
SUP_CMC_FK,FOREIGN KEY,AP_SUPPLIERS,None,CMC_PK,NO ACTION,3,CMC_PC_ID,CMN_CONTAINERS,PC_ID,ORATECHCANNON
CBU_CCO_FK,FOREIGN KEY,CMN_BUSINESS_UNITS,None,CCO_PK,NO ACTION,3,CCO_COUNTRY_CODE,CMN_COUNTRIES,COUNTRY_CODE,ORATECHCANNON
CC_CCO_FK,FOREIGN KEY,CMN_COMPANIES,None,CCO_PK,NO ACTION,3,CCO_COUNTRY_CODE,CMN_COUNTRIES,COUNTRY_CODE,ORATECHCANNON
CMR_CM_FK,FOREIGN KEY,CMN_MENU_RESPONSIBILITIES,None,CM_PK,NO ACTION,3,CM_MENU_ID,CMN_MENUS,MENU_ID,ORATECHCANNON
CF_CML_FK,FOREIGN KEY,CMN_FUNCTIONS,None,CML_PK,NO ACTION,3,CML_MODULE_ID,CMN_MODULES,MODULE_ID,ORATECHCANNON
CRP_CMP_FK,FOREIGN KEY,CMN_REPORT_PARAMETERS,None,CMP_PK,NO ACTION,3,CMP_PARAMETER_ID,CMN_PARAMETERS,PARAMETER_ID,ORATECHCANNON
ACPM_CPM_FK,FOREIGN KEY,AR_CUST_PAYMENT_METHODS,None,CPM_PK,NO ACTION,3,CPM_PMNT_METHOD_ID,CMN_PAYMENT_METHODS,PMNT_METHOD_ID,ORATECHCANNON
CPB_CPT_FK,FOREIGN KEY,CMN_PAYMENTTERM_BREAKUPS,None,CPT_PK,NO ACTION,3,CPT_CPT_ID,CMN_PAYMENT_TERMS,CPT_ID,ORATECHCANNON
CUST_CPT_FK,FOREIGN KEY,AR_CUSTOMERS,None,CPT_PK,NO ACTION,3,CPT_CPT_ID,CMN_PAYMENT_TERMS,CPT_ID,ORATECHCANNON
CTP_CPT_FK,FOREIGN KEY,AR_CUSTOMER_PROFILES,None,CPT_PK,NO ACTION,3,CPT_CPT_ID,CMN_PAYMENT_TERMS,CPT_ID,ORATECHCANNON
CRP_CMRR_FK,FOREIGN KEY,CMN_REPORT_PARAMETERS,None,CMRR_PK,NO ACTION,3,CMRR_REPORT_ID,CMN_REPORTS,REPORT_ID,ORATECHCANNON
CMNRSET_FK1,FOREIGN KEY,CMN_REPORT_SET,None,CMRR_PK,CASCADE,3,PARENT_REPORT_ID,CMN_REPORTS,REPORT_ID,ORATECHCANNON
CUR_CR_FK,FOREIGN KEY,CMN_USER_RESPONSIBILITIES,None,CR_PK,NO ACTION,3,CR_RESP_ID,CMN_RESPONSIBILITIES,RESP_ID,ORATECHCANNON
CMR_CR_FK,FOREIGN KEY,CMN_MENU_RESPONSIBILITIES,None,CR_PK,NO ACTION,3,CR_RESP_ID,CMN_RESPONSIBILITIES,RESP_ID,ORATECHCANNON
SUP_CTC_FK,FOREIGN KEY,AP_SUPPLIERS,None,CTC_PK,NO ACTION,3,CTC_TAX_CODE_ID,CMN_TAX_CODES,TAX_CODE_ID,ORATECHCANNON
CTB_CTC_FK,FOREIGN KEY,CMN_TAX_BREAKUPS,None,CTC_PK,NO ACTION,3,CTC_TAX_CODE_ID,CMN_TAX_CODES,TAX_CODE_ID,ORATECHCANNON
CUST_CTC_FK,FOREIGN KEY,AR_CUSTOMERS,None,CTC_PK,NO ACTION,3,CTC_TAX_CODE_ID,CMN_TAX_CODES,TAX_CODE_ID,ORATECHCANNON
IIP_CUOM_FK,FOREIGN KEY,INV_ITEM_PRICEBREAKS,None,CUOM_PK,NO ACTION,3,CUOM_UOM_ID,CMN_UNIT_OF_MEASUREMENTS,UOM_ID,ORATECHCANNON
CURESP_FK1,FOREIGN KEY,CMN_USER_RESPONSIBILITIES,None,CU_PK,CASCADE,3,CU_USER_ID,CMN_USERS,USER_ID,ORATECHCANNON
CLU_CU_FK,FOREIGN KEY,CMN_LOGGEDIN_USERS,None,CU_PK,NO ACTION,3,CU_USER_ID,CMN_USERS,USER_ID,ORATECHCANNON
AFM_GAC_FK,FOREIGN KEY,AR_FREIGHT_MASTERS,None,GAC_PK,NO ACTION,3,GAC_GL_ACCOUNT_ID,GL_ACCOUNT_CODES,GL_ACCOUNT_ID,ORATECHCANNON
CTC_GAC_FK,FOREIGN KEY,CMN_TAX_CODES,None,GAC_PK,NO ACTION,3,GAC_GL_ACCOUNT_ID,GL_ACCOUNT_CODES,GL_ACCOUNT_ID,ORATECHCANNON
CPM_GAC_FK,FOREIGN KEY,CMN_PAYMENT_METHODS,None,GAC_PK,NO ACTION,3,GAC_GL_ACCOUNT_ID,GL_ACCOUNT_CODES,GL_ACCOUNT_ID,ORATECHCANNON
CBA_GAC_FK,FOREIGN KEY,CMN_BANK_ACCOUNTS,None,GAC_PK,NO ACTION,3,GAC_GL_ACCOUNT_ID,GL_ACCOUNT_CODES,GL_ACCOUNT_ID,ORATECHCANNON
GSC_GC_FK,FOREIGN KEY,GL_SUB_CATEGORIES,None,GC_PK,NO ACTION,3,GC_GL_CATEGORY_ID,GL_CATEGORIES,GL_CATEGORY_ID,ORATECHCANNON
GAC_GC_FK,FOREIGN KEY,GL_ACCOUNT_CODES,None,GC_PK,NO ACTION,3,GC_GL_CATEGORY_ID,GL_CATEGORIES,GL_CATEGORY_ID,ORATECHCANNON
APPMNTL_FK3,FOREIGN KEY,AP_PAYMENT_LINES,None,SUP_PK,CASCADE,3,SUP_SUPPLIER_ID,AP_SUPPLIERS,SUPPLIER_ID,ORATECHCANNON
IIPH_SUP_FK,FOREIGN KEY,INV_ITEM_PO_HISTORIES,None,SUP_PK,NO ACTION,3,SUP_SUPPLIER_ID,AP_SUPPLIERS,SUPPLIER_ID,ORATECHCANNON
SUP_ASP_FK,FOREIGN KEY,AP_SUPPLIERS,None,ASP_PK,NO ACTION,3,ASP_SUP_PROFILE_ID,AP_SUPPLIER_PROFILES,SUP_PROFILE_ID,ORATECHCANNON
ACPM_CUST_FK,FOREIGN KEY,AR_CUST_PAYMENT_METHODS,None,CUST_PK,NO ACTION,3,CUST_CUSTOMER_ID,AR_CUSTOMERS,CUSTOMER_ID,ORATECHCANNON
ACSC_CUST_FK,FOREIGN KEY,AR_CUST_STORE_CARDSES,None,CUST_PK,NO ACTION,3,CUST_CUSTOMER_ID,AR_CUSTOMERS,CUSTOMER_ID,ORATECHCANNON
CUST_CTP_FK,FOREIGN KEY,AR_CUSTOMERS,None,CTP_PK,NO ACTION,3,CTP_CUST_PROFILE_ID,AR_CUSTOMER_PROFILES,CUST_PROFILE_ID,ORATECHCANNON
INVSIMCATL_FK2,FOREIGN KEY,INV_SIMILAR_CATEGORIES,None,IIC_PK,CASCADE,3,CATEGORY_ID,INV_ITEM_CATEGORIES,CATEGORY_ID,ORATECHCANNON
INVMCATL_FK2,FOREIGN KEY,INV_ITEM_MULTI_CATEGORIES,None,IIC_PK,CASCADE,3,CATEGORY_ID,INV_ITEM_CATEGORIES,CATEGORY_ID,ORATECHCANNON
ARCUSTEXCATL_FK2,FOREIGN KEY,AR_CUST_ITEM_EXLCATEGORIES,None,IIC_PK,CASCADE,3,CATEGORY_ID,INV_ITEM_CATEGORIES,CATEGORY_ID,ORATECHCANNON
TRANITMSNAP_FK3,FOREIGN KEY,INV_ITEMSALPURSUM_SNAP,None,IIM_PK,CASCADE,3,ITEM_ID,INV_ITEM_MASTERS,ITEM_ID,ORATECHCANNON
INVMCATL_FK1,FOREIGN KEY,INV_ITEM_MULTI_CATEGORIES,None,IIM_PK,CASCADE,3,ITEM_ID,INV_ITEM_MASTERS,ITEM_ID,ORATECHCANNON
CUSTITEM_FK2,FOREIGN KEY,AR_CUST_ITEM_UPLOADS,None,IIM_PK,CASCADE,3,ITEM_ID,INV_ITEM_MASTERS,ITEM_ID,ORATECHCANNON
INVSIMCATL_FK3,FOREIGN KEY,INV_SIMILAR_CATEGORIES,None,IISC_PK,CASCADE,3,SUB_CATEGORY_ID,INV_ITEM_SUB_CATEGORIES,SUB_CATEGORY_ID,ORATECHCANNON
INVMCATL_FK3,FOREIGN KEY,INV_ITEM_MULTI_CATEGORIES,None,IISC_PK,CASCADE,3,SUB_CATEGORY_ID,INV_ITEM_SUB_CATEGORIES,SUB_CATEGORY_ID,ORATECHCANNON
ARCUSTEXCATL_FK3,FOREIGN KEY,AR_CUST_ITEM_EXLCATEGORIES,None,IISC_PK,CASCADE,3,SUB_CATEGORY_ID,INV_ITEM_SUB_CATEGORIES,SUB_CATEGORY_ID,ORATECHCANNON
TRANITMSNAP_FK1,FOREIGN KEY,INV_ITEMSALPURSUM_SNAP,None,IL_PK,CASCADE,3,LOCATION_ID,INV_LOCATIONS,LOCATION_ID,ORATECHCANNON
CUSTSNAP_FK1,FOREIGN KEY,AR_CUSTSUM_SNAP,None,IL_PK,CASCADE,3,LOCATION_ID,INV_LOCATIONS,LOCATION_ID,ORATECHCANNON
SUPTSNAP_FK1,FOREIGN KEY,AP_SUPSUM_SNAP,None,IL_PK,CASCADE,3,LOCATION_ID,INV_LOCATIONS,LOCATION_ID,ORATECHCANNON
TRANITMSNAP_FK2,FOREIGN KEY,INV_ITEMSALPURSUM_SNAP,None,ISL_PK,CASCADE,3,SUB_LOCATION_ID,INV_SUB_LOCATIONS,SUB_LOCATION_ID,ORATECHCANNON
CUSTSNAP_FK2,FOREIGN KEY,AR_CUSTSUM_SNAP,None,ISL_PK,CASCADE,3,SUB_LOCATION_ID,INV_SUB_LOCATIONS,SUB_LOCATION_ID,ORATECHCANNON
SUPSNAP_FK2,FOREIGN KEY,AP_SUPSUM_SNAP,None,ISL_PK,CASCADE,3,SUB_LOCATION_ID,INV_SUB_LOCATIONS,SUB_LOCATION_ID,ORATECHCANNON
CMNMAILMERGEL_FK1,FOREIGN KEY,CMN_MAILMERGE_LINES,None,CMNMAILMERGEH_PK,CASCADE,3,MERGE_HEADER_ID,CMN_MAILMERGE_HEADERS,MERGE_HEADER_ID,ORATECHCANNON
CMNRSET_FK2,FOREIGN KEY,CMN_REPORT_SET,None,CMRR_PK,CASCADE,3,REPORT_ID,CMN_REPORTS,REPORT_ID,ORATECHCANNON
SUPSNAP_FK3,FOREIGN KEY,AP_SUPSUM_SNAP,None,SUP_PK,CASCADE,3,SUPPLIER_ID,AP_SUPPLIERS,SUPPLIER_ID,ORATECHCANNON
CUSTSNAP_FK3,FOREIGN KEY,AR_CUSTSUM_SNAP,None,CUST_PK,CASCADE,3,CUSTOMER_ID,AR_CUSTOMERS,CUSTOMER_ID,ORATECHCANNON
ARCUSTEXCATL_FK1,FOREIGN KEY,AR_CUST_ITEM_EXLCATEGORIES,None,CUST_PK,CASCADE,3,CUSTOMER_ID,AR_CUSTOMERS,CUSTOMER_ID,ORATECHCANNON
CUSTITEM_FK1,FOREIGN KEY,AR_CUST_ITEM_UPLOADS,None,CUST_PK,CASCADE,3,CUSTOMER_ID,AR_CUSTOMERS,CUSTOMER_ID,ORATECHCANNON
GLTEMPLINE_FK,FOREIGN KEY,GL_TEMPLATE_LINES,None,GLTEMP_PK,CASCADE,3,TEMPLATE_ID,GL_TEMPLATES,TEMPLATE_ID,ORATECHCANNON
INVBOM_TRANS_FK3,FOREIGN KEY,INV_BOM_TRANS,None,IIM_PK,CASCADE,3,PARENT_ITEM_ID,INV_ITEM_MASTERS,ITEM_ID,ORATECHCANNON
INVBOM_TRANS_FK2,FOREIGN KEY,INV_BOM_TRANS,None,IIM_PK,CASCADE,3,LEVEL0_ITEM_ID,INV_ITEM_MASTERS,ITEM_ID,ORATECHCANNON
INVBOM_TRANS_FK1,FOREIGN KEY,INV_BOM_TRANS,None,IIM_PK,CASCADE,3,ITEM_ID,INV_ITEM_MASTERS,ITEM_ID,ORATECHCANNON
ITEMFR_SUID,FOREIGN KEY,INV_ITEM_FREIGHTS,None,IISU_PK,CASCADE,3,SU_ID,INV_ITEM_SALES_UNITS,SU_ID,ORATECHCANNON
INVBOM_TRANS_FK4,FOREIGN KEY,INV_BOM_TRANS,None,AR_SALH_PK,CASCADE,3,ORDER_HEADER_ID,AR_SALESORDER_HEADERS,ORDER_HEADER_ID,ORATECHCANNON
INVBOM_TRANS_FK5,FOREIGN KEY,INV_BOM_TRANS,None,ARSOLINE_PK,CASCADE,3,ORDER_LINE_ID,AR_SALESORDER_LINES,ORDER_LINE_ID,ORATECHCANNON
INVSLOCASSIGNLINES_FK1,FOREIGN KEY,INV_SLOCASSIGN_LINES,None,IL_PK,CASCADE,3,LOCATION_ID,INV_LOCATIONS,LOCATION_ID,ORATECHCANNON
INVSUBLOCH_FK1,FOREIGN KEY,INV_SUBLOC_HIERARCHY,None,IL_PK,CASCADE,3,LOCATION_ID,INV_LOCATIONS,LOCATION_ID,ORATECHCANNON
INVITEMSUBLOCGRP_FK3,FOREIGN KEY,INV_ITEM_SUBLOC_GROUPS,None,IL_PK,CASCADE,3,LOCATION_ID,INV_LOCATIONS,LOCATION_ID,ORATECHCANNON
INVITEMSUBLOCGRP_FK4,FOREIGN KEY,INV_ITEM_SUBLOC_GROUPS,None,ISL_PK,CASCADE,3,SUB_LOCATION_ID,INV_SUB_LOCATIONS,SUB_LOCATION_ID,ORATECHCANNON
GLPMNTLINES_FK3,FOREIGN KEY,GL_PAYMENT_LINES,None,GLPMNTHEADERS_PK,CASCADE,3,PAYMENT_ID,GL_PAYMENT_HEADERS,PAYMENT_ID,ORATECHCANNON
GLCASHINGUPLINES_FK3,FOREIGN KEY,GL_CASHINGUP_LINES,None,GLCASHINGUPHEADERS_PK,CASCADE,3,CASHINGUP_ID,GL_CASHINGUP_HEADERS,CASHINGUP_ID,ORATECHCANNON
INVQKCODELINES_FK3,FOREIGN KEY,INV_QUICKCODE_LINES,None,INVQKCODEHEADERS_PK,CASCADE,3,QUICKCODE_ID,INV_QUICKCODE_HEADERS,QUICKCODE_ID,ORATECHCANNON
INVSLOCASSIGNLINES_FK3,FOREIGN KEY,INV_SLOCASSIGN_LINES,None,INVSLOCASSIGNHEADERS_PK,CASCADE,3,ASSIGNMENT_ID,INV_SLOCASSIGN_HEADERS,ASSIGNMENT_ID,ORATECHCANNON
GLCASHINGUPLINES_FK4,FOREIGN KEY,GL_CASHINGUP_LINES,None,GAC_PK,NO ACTION,3,DIFF_GL_ACCOUNT_ID,GL_ACCOUNT_CODES,GL_ACCOUNT_ID,ORATECHCANNON
GLCASHINGUPLINES_FK2,FOREIGN KEY,GL_CASHINGUP_LINES,None,GAC_PK,NO ACTION,3,GL_ACCOUNT_ID,GL_ACCOUNT_CODES,GL_ACCOUNT_ID,ORATECHCANNON
GLPMNTLINES_FK2,FOREIGN KEY,GL_PAYMENT_LINES,None,GAC_PK,CASCADE,3,GL_ACCOUNT_ID,GL_ACCOUNT_CODES,GL_ACCOUNT_ID,ORATECHCANNON
GLPMNTHEADERS_FK2,FOREIGN KEY,GL_PAYMENT_HEADERS,None,GAC_PK,CASCADE,3,GL_ACCOUNT_ID,GL_ACCOUNT_CODES,GL_ACCOUNT_ID,ORATECHCANNON
INVITEMSUBLOCGRP_FK1,FOREIGN KEY,INV_ITEM_SUBLOC_GROUPS,None,IIM_PK,CASCADE,3,ITEM_ID,INV_ITEM_MASTERS,ITEM_ID,ORATECHCANNON
INVQKCODELINES_FK1,FOREIGN KEY,INV_QUICKCODE_LINES,None,IIM_PK,CASCADE,3,ITEM_ID,INV_ITEM_MASTERS,ITEM_ID,ORATECHCANNON
GLCASHINGUPHEADERS_FK1,FOREIGN KEY,GL_CASHINGUP_HEADERS,None,CBA_PK,NO ACTION,3,BANK_ACCOUNT_ID,CMN_BANK_ACCOUNTS,BANK_ACCOUNT_ID,ORATECHCANNON
CMNLKUPLINK_FK4,FOREIGN KEY,CMN_LOOKUP_LINKS,None,CLC_PK,CASCADE,3,LOOKUP_TYPE~LOOKUP_CODE~,CMN_LOOKUP_CODES,CLT_LOOKUP_TYPE~LOOKUP_CODE~,ORATECHCANNON
CMNLKUPLINK_FK3,FOREIGN KEY,CMN_LOOKUP_LINKS,None,CLT_PK,CASCADE,3,LOOKUP_TYPE,CMN_LOOKUP_TYPES,LOOKUP_TYPE,ORATECHCANNON
GLCASHINGUPLINES_FK1,FOREIGN KEY,GL_CASHINGUP_LINES,None,CPM_PK,NO ACTION,3,PMNT_METHOD_ID,CMN_PAYMENT_METHODS,PMNT_METHOD_ID,ORATECHCANNON
GLPMNTLINES_FK1,FOREIGN KEY,GL_PAYMENT_LINES,None,CPM_PK,CASCADE,3,PMNT_METHOD_ID,CMN_PAYMENT_METHODS,PMNT_METHOD_ID,ORATECHCANNON
GLPMNTHEADERS_FK1,FOREIGN KEY,GL_PAYMENT_HEADERS,None,CPM_PK,CASCADE,3,PMNT_METHOD_ID,CMN_PAYMENT_METHODS,PMNT_METHOD_ID,ORATECHCANNON
SYSNOTIFL_FK1,FOREIGN KEY,SYS_NOTIFICATION_RECIPIENTS,None,SYSNOTIFH_PK,CASCADE,3,EVENT_ID,SYS_NOTIFICATION_EVENTS,EVENT_ID,ORATECHCANNON
SYSNOTIFL_FK3,FOREIGN KEY,SYS_NOTIFICATION_RECIPIENTS,None,CR_PK,CASCADE,3,RESPONSIBILITY_ID,CMN_RESPONSIBILITIES,RESP_ID,ORATECHCANNON
SYSNOTIFL_FK2,FOREIGN KEY,SYS_NOTIFICATION_RECIPIENTS,None,CU_PK,CASCADE,3,USER_ID,CMN_USERS,USER_ID,ORATECHCANNON
APINVHEAD_FK4,FOREIGN KEY,AP_INVOICE_HEADERS,None,GAC_PK,NO ACTION,3,GL_ACCOUNT_ID,GL_ACCOUNT_CODES,GL_ACCOUNT_ID,ORATECHCANNON
APINVLINE_FK4,FOREIGN KEY,AP_INVOICE_LINES,None,GAC_PK,NO ACTION,3,GL_ACCOUNT_ID,GL_ACCOUNT_CODES,GL_ACCOUNT_ID,ORATECHCANNON
INVMSEASON_FK1,FOREIGN KEY,INV_ITEM_MULTI_SEASONS,None,IIM_PK,CASCADE,3,ITEM_ID,INV_ITEM_MASTERS,ITEM_ID,ORATECHCANNON
CUSTBARCODE_FK2,FOREIGN KEY,AR_CUST_BARCODE_UPLOADS,None,IIM_PK,CASCADE,3,ITEM_ID,INV_ITEM_MASTERS,ITEM_ID,ORATECHCANNON
CUSTBARCODE_FK3,FOREIGN KEY,AR_CUST_BARCODE_UPLOADS,None,IISU_PK,CASCADE,3,SU_ID,INV_ITEM_SALES_UNITS,SU_ID,ORATECHCANNON
INVMSEASON_FK2,FOREIGN KEY,INV_ITEM_MULTI_SEASONS,None,SEA_PK,CASCADE,3,SEASON_CODE_ID,CMN_SEASONS,SEASON_CODE_ID,ORATECHCANNON
CUSTBARCODE_FK4,FOREIGN KEY,AR_CUST_BARCODE_UPLOADS,None,IIB_PK,CASCADE,3,BARCODE,INV_ITEM_BARCODES,BARCODE,ORATECHCANNON
ARFULFILL_FK3,FOREIGN KEY,AR_ITEM_FULFILLMENT,None,IIM_PK,CASCADE,3,ITEM_ID,INV_ITEM_MASTERS,ITEM_ID,ORATECHCANNON
CUSTBARCODE_FK1,FOREIGN KEY,AR_CUST_BARCODE_UPLOADS,None,CUST_PK,CASCADE,3,CUSTOMER_ID,AR_CUSTOMERS,CUSTOMER_ID,ORATECHCANNON
CUSTBARCODE_FK5,FOREIGN KEY,AR_CUST_BARCODE_UPLOADS,None,CUSTITEM_PK,CASCADE,3,UPLOAD_ID,AR_CUST_ITEM_UPLOADS,UPLOAD_ID,ORATECHCANNON
ARFULFILL_FK1,FOREIGN KEY,AR_ITEM_FULFILLMENT,None,AR_SALH_PK,CASCADE,3,ORDER_HEADER_ID,AR_SALESORDER_HEADERS,ORDER_HEADER_ID,ORATECHCANNON
ARFULFILL_FK2,FOREIGN KEY,AR_ITEM_FULFILLMENT,None,ARSOLINE_PK,CASCADE,3,ORDER_LINE_ID,AR_SALESORDER_LINES,ORDER_LINE_ID,ORATECHCANNON
PRUPDATESP_FK1,FOREIGN KEY,PRICE_UPDATESP_PRICES,None,IIM_PK,CASCADE,3,ITEM_ID,INV_ITEM_MASTERS,ITEM_ID,ORATECHCANNON
PRUPDATESP_FK2,FOREIGN KEY,PRICE_UPDATESP_PRICES,None,IISU_PK,CASCADE,3,SU_ID,INV_ITEM_SALES_UNITS,SU_ID,ORATECHCANNON
CMNPRINTMATRIX_FK1,FOREIGN KEY,CMN_PRINTER_MATRIX,None,IL_PK,CASCADE,3,LOCATION_ID,INV_LOCATIONS,LOCATION_ID,ORATECHCANNON
PRUPDATESP_FK3,FOREIGN KEY,PRICE_UPDATESP_PRICES,None,IPT_PK,CASCADE,3,PRICE_TYPE_ID,INV_PRICE_TYPES,PRICE_TYPE_ID,ORATECHCANNON
PRUPDATESP_FK5,FOREIGN KEY,PRICE_UPDATESP_PRICES,None,PRUPDH_PK,CASCADE,3,UPDATEITEMCP_HEADER_ID,PRICE_UPDATEITEMCP_HEADERS,UPDATEITEMCP_HEADER_ID,ORATECHCANNON
PRUPDATESP_FK4,FOREIGN KEY,PRICE_UPDATESP_PRICES,None,PRUPDL_PK,CASCADE,3,UPDATEITEMCP_LINE_ID,PRICE_UPDATEITEMCP_LINES,UPDATEITEMCP_LINE_ID,ORATECHCANNON
CMNPRINTMATRIX_FK3,FOREIGN KEY,CMN_PRINTER_MATRIX,None,SYSPROG_PK,CASCADE,3,PROGRAM_ID,SYS_PROGRAMS,PROGRAM_ID,ORATECHCANNON
CMNPRINTMATRIX_FK2,FOREIGN KEY,CMN_PRINTER_MATRIX,None,CP_PK,CASCADE,3,PRINTER_ID,CMN_PRINTERS,PRINTER_ID,ORATECHCANNON
CMNPRINTMATRIX_FK4,FOREIGN KEY,CMN_PRINTER_MATRIX,None,CMNTERM_ID_PK,CASCADE,3,TERMINAL_ID,CMN_TERMINALS,TERMINAL_ID,ORATECHCANNON
GAC_GSC_FK,FOREIGN KEY,GL_ACCOUNT_CODES,None,GSC_PK,NO ACTION,3,GSC_GL_SUB_CATEGORY_ID,GL_SUB_CATEGORIES,GL_SUB_CATEGORY_ID,ORATECHCANNON
IIAL_IIAH_FK,FOREIGN KEY,INV_ITEM_ADJUSTMENT_LINES,None,IIAH_PK,NO ACTION,3,IIAH_ADJUST_HEADER_ID,INV_ITEM_ADJUSTMENT_HEADERS,ADJUST_HEADER_ID,ORATECHCANNON
IISC_IIC_FK,FOREIGN KEY,INV_ITEM_SUB_CATEGORIES,None,IIC_PK,NO ACTION,3,IIC_CATEGORY_ID,INV_ITEM_CATEGORIES,CATEGORY_ID,ORATECHCANNON
IIM_IIC_FK,FOREIGN KEY,INV_ITEM_MASTERS,None,IIC_PK,NO ACTION,3,IIC_CATEGORY_ID,INV_ITEM_CATEGORIES,CATEGORY_ID,ORATECHCANNON
IIP2_IIM_FK,FOREIGN KEY,INV_ITEM_PRICES,None,IIM_PK,NO ACTION,3,IIM_ITEM_ID,INV_ITEM_MASTERS,ITEM_ID,ORATECHCANNON
IISU_IIM_FK,FOREIGN KEY,INV_ITEM_SALES_UNITS,None,IIM_PK,NO ACTION,3,IIM_ITEM_ID,INV_ITEM_MASTERS,ITEM_ID,ORATECHCANNON
IIP_IIM_FK,FOREIGN KEY,INV_ITEM_PRICEBREAKS,None,IIM_PK,NO ACTION,3,IIM_ITEM_ID,INV_ITEM_MASTERS,ITEM_ID,ORATECHCANNON
IIPH_IIM_FK,FOREIGN KEY,INV_ITEM_PO_HISTORIES,None,IIM_PK,NO ACTION,3,IIM_ITEM_ID,INV_ITEM_MASTERS,ITEM_ID,ORATECHCANNON
IIMLHEADER_FK1,FOREIGN KEY,INV_ITEM_MOVEMENT_LINES,None,IIMH_PK,CASCADE,3,IIMH_ITEM_MOVEMENT_HEADER_ID,INV_ITEM_MOVEMENT_HEADERS,ITEM_MOVEMENT_HEADER_ID,ORATECHCANNON
IIP2_IISU_FK,FOREIGN KEY,INV_ITEM_PRICES,None,IISU_PK,NO ACTION,3,IISU_SU_ID,INV_ITEM_SALES_UNITS,SU_ID,ORATECHCANNON
IIP_IISU_FK,FOREIGN KEY,INV_ITEM_PRICEBREAKS,None,IISU_PK,NO ACTION,3,IISU_SU_ID,INV_ITEM_SALES_UNITS,SU_ID,ORATECHCANNON
IIM_IISC_FK,FOREIGN KEY,INV_ITEM_MASTERS,None,IISC_PK,NO ACTION,3,IISC_SUB_CATEGORY_ID,INV_ITEM_SUB_CATEGORIES,SUB_CATEGORY_ID,ORATECHCANNON
ISL_IL_FK,FOREIGN KEY,INV_SUB_LOCATIONS,None,IL_PK,NO ACTION,3,IL_LOCATION_ID,INV_LOCATIONS,LOCATION_ID,ORATECHCANNON
PRICETEMPLINES_FK1,FOREIGN KEY,PRICE_TEMPLATE_LINES,None,CUOM_PK,CASCADE,3,UOM_ID,CMN_UNIT_OF_MEASUREMENTS,UOM_ID,ORATECHCANNON
POHEAD_GLAC_FK5,FOREIGN KEY,PO_HEADERS,None,GAC_PK,NO ACTION,3,GL_ACCOUNT_ID,GL_ACCOUNT_CODES,GL_ACCOUNT_ID,ORATECHCANNON
POLINES_GLAC_FK5,FOREIGN KEY,PO_LINES,None,GAC_PK,NO ACTION,3,GL_ACCOUNT_ID,GL_ACCOUNT_CODES,GL_ACCOUNT_ID,ORATECHCANNON
AR_CUSTSUPPID_FK5,FOREIGN KEY,AR_CUSTOMERS,None,SUP_PK,NO ACTION,3,SUPPLIER_ID,AP_SUPPLIERS,SUPPLIER_ID,ORATECHCANNON
AP_SUPPCUSTID_FK5,FOREIGN KEY,AP_SUPPLIERS,None,CUST_PK,NO ACTION,3,CUSTOMER_ID,AR_CUSTOMERS,CUSTOMER_ID,ORATECHCANNON
MKUPTEMPLINES_FK1,FOREIGN KEY,INV_MKUPTEMP_LINES,None,IPT_PK,CASCADE,3,PRICE_TYPE_ID,INV_PRICE_TYPES,PRICE_TYPE_ID,ORATECHCANNON
MKUPTEMPLINES_FK3,FOREIGN KEY,INV_MKUPTEMP_LINES,None,MKUPTEMPHEADERS_PK,CASCADE,3,MKUPTEMP_ID,INV_MKUPTEMP_HEADERS,MKUPTEMP_ID,ORATECHCANNON
INVBOM_FK3,FOREIGN KEY,INV_BOM,None,IIM_PK,CASCADE,3,LEVEL0_ITEM_ID,INV_ITEM_MASTERS,ITEM_ID,ORATECHCANNON
INVBOM_FK2,FOREIGN KEY,INV_BOM,None,IIM_PK,CASCADE,3,PARENT_ITEM_ID,INV_ITEM_MASTERS,ITEM_ID,ORATECHCANNON
INVBOM_FK1,FOREIGN KEY,INV_BOM,None,IIM_PK,CASCADE,3,ITEM_ID,INV_ITEM_MASTERS,ITEM_ID,ORATECHCANNON
INV_ITEM_FREIGHTS_FK6,FOREIGN KEY,INV_ITEM_FREIGHTS,None,IIM_PK,CASCADE,3,ITEM_ID,INV_ITEM_MASTERS,ITEM_ID,ORATECHCANNON
INV_ITEM_FREIGHTS_FK3,FOREIGN KEY,INV_ITEM_FREIGHTS,None,ARFREIGHT_PK,CASCADE,3,FREIGHT_HEADER_ID,AR_FREIGHT_HEADERS,FREIGHT_HEADER_ID,ORATECHCANNON
AR_FREIGHT_COUNTRIES_FK3,FOREIGN KEY,AR_FREIGHT_COUNTRIES,None,ARFREIGHT_PK,CASCADE,3,FREIGHT_HEADER_ID,AR_FREIGHT_HEADERS,FREIGHT_HEADER_ID,ORATECHCANNON
INV_ITEM_FREIGHTS_FK4,FOREIGN KEY,INV_ITEM_FREIGHTS,None,ARFREIGHTL_PK,CASCADE,3,FREIGHT_LINE_ID,AR_FREIGHT_LINES,FREIGHT_LINE_ID,ORATECHCANNON
AR_FREIGHT_COUNTRIES_FK4,FOREIGN KEY,AR_FREIGHT_COUNTRIES,None,ARFREIGHTL_PK,CASCADE,3,FREIGHT_LINE_ID,AR_FREIGHT_LINES,FREIGHT_LINE_ID,ORATECHCANNON
INV_ITEM_FREIGHTS_FK5,FOREIGN KEY,INV_ITEM_FREIGHTS,None,CCO_PK,CASCADE,3,COUNTRY_CODE,CMN_COUNTRIES,COUNTRY_CODE,ORATECHCANNON
AR_FREIGHT_COUNTRIES_FK5,FOREIGN KEY,AR_FREIGHT_COUNTRIES,None,CCO_PK,CASCADE,3,COUNTRY_CODE,CMN_COUNTRIES,COUNTRY_CODE,ORATECHCANNON
CMN_WDAY_SHIFTS_FK4,FOREIGN KEY,CMN_WDAY_SHIFTS,None,CMN_SHIFTS_PK,CASCADE,3,SHIFT_ID,CMN_SHIFTS,SHIFT_ID,ORATECHCANNON
CMN_WDAY_SHIFTS_FK3,FOREIGN KEY,CMN_WDAY_SHIFTS,None,EMPWD_PK,CASCADE,3,WORKING_DAY_ID,EMP_WORKING_DAYS,WORKING_DAY_ID,ORATECHCANNON
CMNPMNT_GLACID_FK5,FOREIGN KEY,CMN_PAYMENT_METHODS,None,GAC_PK,NO ACTION,3,OUT_GL_ACCOUNT_ID,GL_ACCOUNT_CODES,GL_ACCOUNT_ID,ORATECHCANNON
ARCUSTITEMOFFER__FK3,FOREIGN KEY,AR_CUST_ITEM_OFFERS,None,IIOH_PK,CASCADE,3,OFFER_HEADER_ID,INV_ITEM_OFFER_HEADERS,OFFER_HEADER_ID,ORATECHCANNON
ARCUSTITEMOFFER__FK2,FOREIGN KEY,AR_CUST_ITEM_OFFERS,None,CUST_PK,CASCADE,3,CUSTOMER_ID,AR_CUSTOMERS,CUSTOMER_ID,ORATECHCANNON
CMNPAYMENTTRANS_FK2,FOREIGN KEY,CMN_PAYMENT_TRANS,None,CMNPAYMENTS_PK,NO ACTION,3,CMN_PAYMENT_ID,CMN_PAYMENTS,CMN_PAYMENT_ID,ORATECHCANNON
ARPMNTLINES_FK4,FOREIGN KEY,AR_PAYMENT_LINES,None,CMNPAYMENTTRANS_PK,NO ACTION,3,PAYMENT_TRANS_ID,CMN_PAYMENT_TRANS,PAYMENT_TRANS_ID,ORATECHCANNON
APPMNTLINES_FK4,FOREIGN KEY,AP_PAYMENT_LINES,None,CMNPAYMENTTRANS_PK,NO ACTION,3,PAYMENT_TRANS_ID,CMN_PAYMENT_TRANS,PAYMENT_TRANS_ID,ORATECHCANNON
CMNPAYMENTS_FK2,FOREIGN KEY,CMN_PAYMENTS,None,CPM_PK,NO ACTION,3,PMNT_METHOD_ID,CMN_PAYMENT_METHODS,PMNT_METHOD_ID,ORATECHCANNON
CMNPAYMENTTRANS_FK1,FOREIGN KEY,CMN_PAYMENT_TRANS,None,GAC_PK,NO ACTION,3,GL_ACCOUNT_ID,GL_ACCOUNT_CODES,GL_ACCOUNT_ID,ORATECHCANNON
CMNPAYMENTS_FK1,FOREIGN KEY,CMN_PAYMENTS,None,GAC_PK,NO ACTION,3,GL_ACCOUNT_ID,GL_ACCOUNT_CODES,GL_ACCOUNT_ID,ORATECHCANNON
CMNPAYMENTS_FK3,FOREIGN KEY,CMN_PAYMENTS,None,CB_PK,NO ACTION,3,BANK_ID,CMN_BANKS,BANK_ID,ORATECHCANNON
CMNPAYMENTS_FK4,FOREIGN KEY,CMN_PAYMENTS,None,CBA_PK,NO ACTION,3,BANK_ACCOUNT_ID,CMN_BANK_ACCOUNTS,BANK_ACCOUNT_ID,ORATECHCANNON
CMNSTYLEPATTERNS_FK2,FOREIGN KEY,CMN_STYLE_PATTERNS,None,IM_PK,CASCADE,3,MANF_ID,INV_MANUFACTURERS,MANF_ID,ORATECHCANNON
CMNSTPLEVELS_FK1,FOREIGN KEY,CMN_STP_LEVELS,None,CMNSTYLEPATTERNS_PK,CASCADE,3,STP_ID,CMN_STYLE_PATTERNS,STP_ID,ORATECHCANNON
CMNSTPATTRIBUTES_FK1,FOREIGN KEY,CMN_STP_ATTRIBUTES,None,CMNSTYLEPATTERNS_PK,CASCADE,3,STP_ID,CMN_STYLE_PATTERNS,STP_ID,ORATECHCANNON
CMNSTYLEPATTERNS_FK1,FOREIGN KEY,CMN_STYLE_PATTERNS,None,SUP_PK,CASCADE,3,SUPPLIER_ID,AP_SUPPLIERS,SUPPLIER_ID,ORATECHCANNON
PARAMVAL_JOB_FK1,FOREIGN KEY,SYS_JOB_PARAM_VALUES,None,SYSCHJOB_PK,CASCADE,3,JOB_ID,SYS_SCHEDULE_JOBS,JOB_ID,ORATECHCANNON
ARCUSTOMERIMP_FK1,FOREIGN KEY,AR_CUSTOMER_IMPORT,None,CMNIMPBATCH_PK,CASCADE,3,BATCH_ID,CMN_IMPORT_BATCH,BATCH_ID,ORATECHCANNON
ARSALORDERH_SUBLOC_FK10,FOREIGN KEY,AR_SALESORDER_HEADERS,None,ISL_PK,NO ACTION,3,SUB_LOCATION_ID,INV_SUB_LOCATIONS,SUB_LOCATION_ID,ORATECHCANNON
ARINVHEADER_SUBLOC_FK10,FOREIGN KEY,AR_INVOICE_HEADERS,None,ISL_PK,NO ACTION,3,SUB_LOCATION_ID,INV_SUB_LOCATIONS,SUB_LOCATION_ID,ORATECHCANNON
POHEADER_SUBLOC_FK10,FOREIGN KEY,PO_HEADERS,None,ISL_PK,NO ACTION,3,SUB_LOCATION_ID,INV_SUB_LOCATIONS,SUB_LOCATION_ID,ORATECHCANNON
POGRNSUBLOC_FK10,FOREIGN KEY,PO_GRN_HEADERS,None,ISL_PK,NO ACTION,3,SUB_LOCATION_ID,INV_SUB_LOCATIONS,SUB_LOCATION_ID,ORATECHCANNON
ARSHIPFROM_FK10,FOREIGN KEY,AR_SALESORDER_HEADERS,None,IL_PK,NO ACTION,3,SHIPFROM_LOCATION_ID,INV_LOCATIONS,LOCATION_ID,ORATECHCANNON
ARSALPAYTO_FK10,FOREIGN KEY,AR_SALESORDER_HEADERS,None,IL_PK,NO ACTION,3,PAYTO_LOCATION_ID,INV_LOCATIONS,LOCATION_ID,ORATECHCANNON
ARSALINVPAYTO_FK10,FOREIGN KEY,AR_INVOICE_HEADERS,None,IL_PK,NO ACTION,3,PAYTO_LOCATION_ID,INV_LOCATIONS,LOCATION_ID,ORATECHCANNON
ARSALINVSHIPFROM_FK10,FOREIGN KEY,AR_INVOICE_HEADERS,None,IL_PK,NO ACTION,3,SHIPFROM_LOCATION_ID,INV_LOCATIONS,LOCATION_ID,ORATECHCANNON
SALORDPICKITEM_FK6,FOREIGN KEY,AR_SALESORDER_PICKLIST,None,IIM_PK,CASCADE,3,ITEM_ID,INV_ITEM_MASTERS,ITEM_ID,ORATECHCANNON
INVITEMEXTRAS_FK2,FOREIGN KEY,INV_ITEM_EXTRAS,None,IIM_PK,CASCADE,3,ITEM_ID,INV_ITEM_MASTERS,ITEM_ID,ORATECHCANNON
INVBARCODEITEM_FK2,FOREIGN KEY,INV_ITEM_BARCODES,None,IIM_PK,CASCADE,3,IIM_ITEM_ID,INV_ITEM_MASTERS,ITEM_ID,ORATECHCANNON
CMNOBJBATCHLINE_FK1,FOREIGN KEY,CMN_OBJECT_BATCH_LINES,None,CMNOBJBATCH_PK,CASCADE,3,BATCH_ID,CMN_OBJECT_BATCHES,BATCH_ID,ORATECHCANNON
SALORDLINE_TAXCODE_FK5,FOREIGN KEY,AR_SALESORDER_LINES,None,CTC_PK,NO ACTION,3,TAX_CODE_ID,CMN_TAX_CODES,TAX_CODE_ID,ORATECHCANNON
ARINVLINE_TAXCODEID,FOREIGN KEY,AR_INVOICE_LINES,None,CTC_PK,NO ACTION,3,TAX_CODE_ID,CMN_TAX_CODES,TAX_CODE_ID,ORATECHCANNON
APINVLINES_TAXCODE_FK5,FOREIGN KEY,AP_INVOICE_LINES,None,CTC_PK,NO ACTION,3,TAX_CODE_ID,CMN_TAX_CODES,TAX_CODE_ID,ORATECHCANNON
APDBNOTELINES_TAXCODE_FK5,FOREIGN KEY,AP_DBNOTE_LINES,None,CTC_PK,NO ACTION,3,TAX_CODE_ID,CMN_TAX_CODES,TAX_CODE_ID,ORATECHCANNON
POLINES_TAXCODE_FK5,FOREIGN KEY,PO_LINES,None,CTC_PK,NO ACTION,3,TAX_CODE_ID,CMN_TAX_CODES,TAX_CODE_ID,ORATECHCANNON
POGRNLINES_TAXCODE_FK5,FOREIGN KEY,PO_GRN_LINES,None,CTC_PK,NO ACTION,3,TAX_CODE_ID,CMN_TAX_CODES,TAX_CODE_ID,ORATECHCANNON
ARSALORDERIMP_FK1,FOREIGN KEY,AR_SALESORDER_IMPORT,None,ARSOIMPBATCH_PK,CASCADE,3,BATCH_ID,AR_SOIMPORT_BATCH,BATCH_ID,ORATECHCANNON
POGRNLINESPALLET_FK6,FOREIGN KEY,PO_GRN_LINES,None,INVPALLET_PK,CASCADE,3,PALLET_ID,INV_PALLETS,PALLET_ID,ORATECHCANNON
INVPALLET_FK2,FOREIGN KEY,INV_PALLETS,None,INVCONTAINRELOG_PK,CASCADE,3,CONTAINER_LOG_ID,INV_CONTAINER_LOG,CONTAINER_LOG_ID,ORATECHCANNON
INVPICKLISTITEM_FK3,FOREIGN KEY,INV_ITEM_PICKLIST,None,IIM_PK,CASCADE,3,ITEM_ID,INV_ITEM_MASTERS,ITEM_ID,ORATECHCANNON
INVREQUISITIONLINES_FK3,FOREIGN KEY,INV_REQUISITION_LINES,None,INVREQUISITIONHEADERS_PK,CASCADE,3,REQUISITION_ID,INV_REQUISITION_HEADERS,REQUISITION_ID,ORATECHCANNON
INVREQUISITIONLINES_FK2,FOREIGN KEY,INV_REQUISITION_LINES,None,ISL_PK,CASCADE,3,PICKED_SUB_LOCATION_ID,INV_SUB_LOCATIONS,SUB_LOCATION_ID,ORATECHCANNON
INVREQUISITIONLINES_FK1,FOREIGN KEY,INV_REQUISITION_LINES,None,IL_PK,CASCADE,3,PICKED_LOCATION_ID,INV_LOCATIONS,LOCATION_ID,ORATECHCANNON
INVREQUISITIONLINES_FK4,FOREIGN KEY,INV_REQUISITION_LINES,None,IIM_PK,CASCADE,3,ITEM_ID,INV_ITEM_MASTERS,ITEM_ID,ORATECHCANNON
INVREQUISITIONHEADERS_FK1,FOREIGN KEY,INV_REQUISITION_HEADERS,None,IL_PK,CASCADE,3,FROM_LOCATION_ID,INV_LOCATIONS,LOCATION_ID,ORATECHCANNON
INVREQUISITIONHEADERS_FK2,FOREIGN KEY,INV_REQUISITION_HEADERS,None,IL_PK,CASCADE,3,TO_LOCATION_ID,INV_LOCATIONS,LOCATION_ID,ORATECHCANNON
