,ACTIVE,UPDATE_SOURCE,DELETE_FLAG,BU_ID,CREATED_BY,CREATION_DATE,LAST_UPDATED_BY,LAST_UPDATE_DATE,WHAT_TO_RUN,SL_NO,JOB_TYPE,JOB_SHORT_NAME,DESCRIPTION,JOB_NAME,JOB_ID,END_DATE,START_DATE,PARAM_ID,LINE_SL_NO,LINE_ACTIVE,PARAM_NAME,PARAM_PROMPT,PARAM_TYPE,PARAM_FORMAT,PARAM_DEFAULT_VALUE,PARAM_DESCRIPTION,PARAM_START_DATE,PARAM_END_DATE
0,Y,API,None,1,None,2011-12-31 12:44:16,nan,2011-12-31 12:44:16,IMPEXP_PKG.EXPORT_VIEWDATA,3,PL/SQL,AR ORDER H STATUS,None,AR ORDER H STATUS,51,None,None,231,1,Y,P_VIEWNAME,VIEW NAME,CHAR,None,EXP_ARORDHSTATUS_V,None,None,None
1,Y,API,None,1,None,2011-12-31 12:44:16,nan,2011-12-31 12:44:16,IMPEXP_PKG.EXPORT_VIEWDATA,3,PL/SQL,AR ORDER H STATUS,None,AR ORDER H STATUS,51,None,None,232,2,Y,P_FILENAME,FILE NAME,CHAR,None,ARORDHSTATUS.TXT,None,None,None
2,Y,API,None,1,None,2011-12-31 12:44:16,nan,2011-12-31 12:44:16,IMPEXP_PKG.EXPORT_VIEWDATA,3,PL/SQL,AR ORDER H STATUS,None,AR ORDER H STATUS,51,None,None,233,3,Y,P_CALLCODE,CALL CODE,CHAR,None,0,None,None,None
3,Y,API,None,1,None,2011-12-31 12:44:16,nan,2011-12-31 12:44:16,IMPEXP_PKG.EXPORT_VIEWDATA,3,PL/SQL,AR ORDER H STATUS,None,AR ORDER H STATUS,51,None,None,234,4,Y,P_DELIMITER,DELIMTER,CHAR,None,|,None,None,None
4,Y,API,None,1,None,2011-12-31 12:44:16,nan,2011-12-31 12:44:16,IMPEXP_PKG.EXPORT_VIEWDATA,3,PL/SQL,AR ORDER H STATUS,None,AR ORDER H STATUS,51,None,None,235,5,Y,P_NOTIFGROUP,NOTIFCATION GROUP,CHAR,None,NONE,None,None,None
5,Y,API,None,1,None,2011-12-31 12:44:16,nan,2011-12-31 12:44:16,IMPEXP_PKG.EXPORT_VIEWDATA,3,PL/SQL,AR ORDER H STATUS,None,AR ORDER H STATUS,51,None,None,262,6,Y,P_HINT,HINT,CHAR,None,ALL,None,None,None
6,Y,API,None,1,None,2011-12-31 12:44:16,nan,2011-12-31 12:44:16,IMPEXP_PKG.EXPORT_VIEWDATA,3,PL/SQL,AR ORDER L STATUS,None,AR ORDER L STATUS,50,None,None,226,1,Y,P_VIEWNAME,VIEW NAME,CHAR,None,EXP_ARORDLSTATUS_V,None,None,None
7,Y,API,None,1,None,2011-12-31 12:44:16,nan,2011-12-31 12:44:16,IMPEXP_PKG.EXPORT_VIEWDATA,3,PL/SQL,AR ORDER L STATUS,None,AR ORDER L STATUS,50,None,None,227,2,Y,P_FILENAME,FILE NAME,CHAR,None,ARORDLSTATUS.TXT,None,None,None
8,Y,API,None,1,None,2011-12-31 12:44:16,nan,2011-12-31 12:44:16,IMPEXP_PKG.EXPORT_VIEWDATA,3,PL/SQL,AR ORDER L STATUS,None,AR ORDER L STATUS,50,None,None,228,3,Y,P_CALLCODE,CALL CODE,CHAR,None,0,None,None,None
9,Y,API,None,1,None,2011-12-31 12:44:16,nan,2011-12-31 12:44:16,IMPEXP_PKG.EXPORT_VIEWDATA,3,PL/SQL,AR ORDER L STATUS,None,AR ORDER L STATUS,50,None,None,229,4,Y,P_DELIMITER,DELIMTER,CHAR,None,|,None,None,None
10,Y,API,None,1,None,2011-12-31 12:44:16,nan,2011-12-31 12:44:16,IMPEXP_PKG.EXPORT_VIEWDATA,3,PL/SQL,AR ORDER L STATUS,None,AR ORDER L STATUS,50,None,None,230,5,Y,P_NOTIFGROUP,NOTIFCATION GROUP,CHAR,None,NONE,None,None,None
11,Y,API,None,1,None,2011-12-31 12:44:16,nan,2011-12-31 12:44:16,IMPEXP_PKG.EXPORT_VIEWDATA,3,PL/SQL,AR ORDER L STATUS,None,AR ORDER L STATUS,50,None,None,261,6,Y,P_HINT,HINT,CHAR,None,ALL,None,None,None
12,Y,API,None,1,None,2015-10-02 18:51:14,nan,2015-10-02 18:51:14,IMPEXP_PKG.EXPORT_VIEWDATA,99,PL/SQL,BIN LOCATIONS1,None,BIN LOCATIONS1,104,None,None,370,1,Y,P_VIEWNAME,VIEW NAME,CHAR,None,EXP_BINLOCATIONS1_V,None,None,None
13,Y,API,None,1,None,2015-10-02 18:51:14,nan,2015-10-02 18:51:14,IMPEXP_PKG.EXPORT_VIEWDATA,99,PL/SQL,BIN LOCATIONS1,None,BIN LOCATIONS1,104,None,None,371,2,Y,P_FILENAME,FILE NAME,CHAR,None,BINLOCATIONS.TXT,None,None,None
14,Y,API,None,1,None,2015-10-02 18:51:14,nan,2015-10-02 18:51:14,IMPEXP_PKG.EXPORT_VIEWDATA,99,PL/SQL,BIN LOCATIONS1,None,BIN LOCATIONS1,104,None,None,372,3,Y,P_CALLCODE,CALL CODE,NUMBER,None,0,None,None,None
15,Y,API,None,1,None,2015-10-02 18:51:14,nan,2015-10-02 18:51:14,IMPEXP_PKG.EXPORT_VIEWDATA,99,PL/SQL,BIN LOCATIONS1,None,BIN LOCATIONS1,104,None,None,373,4,Y,P_DELIMITER,DELIMITER,CHAR,None,",",None,None,None
16,Y,API,None,1,None,2015-10-02 18:51:14,nan,2015-10-02 18:51:14,IMPEXP_PKG.EXPORT_VIEWDATA,99,PL/SQL,BIN LOCATIONS1,None,BIN LOCATIONS1,104,None,None,374,5,Y,P_NOTIFGROUP,NOTIFICATION GROUP,CHAR,None,NONE,None,None,None
17,Y,API,None,1,None,2015-10-02 18:51:14,nan,2015-10-02 18:51:14,IMPEXP_PKG.EXPORT_VIEWDATA,99,PL/SQL,BIN LOCATIONS1,None,BIN LOCATIONS1,104,None,None,375,6,Y,P_HINT,HINT,CHAR,None,ALL,None,None,None
18,Y,API,None,1,None,2015-10-02 18:51:14,nan,2015-10-02 18:51:14,IMPEXP2_PKG.WRITE_TO_FILES,1,PL/SQL,BLANKFILES,None,BLANK FILES,97,None,None,358,1,Y,P_DIRECTORY,DIRECTORY,CHAR,None,DIR_OUTBOUND,None,None,None
19,Y,API,None,1,None,2015-10-02 18:51:14,nan,2015-10-02 18:51:14,IMPEXP2_PKG.WRITE_TO_FILES,1,PL/SQL,BLANKFILES,None,BLANK FILES,97,None,None,360,2,Y,P_FILE0HEADER,FILE0 HEDER,CHAR,None,"column1,column2,column3",None,None,None
20,Y,API,None,1,None,2015-10-02 18:51:14,nan,2015-10-02 18:51:14,IMPEXP2_PKG.WRITE_TO_FILES,1,PL/SQL,BLANKFILES,None,BLANK FILES,97,None,None,359,2,Y,P_FILE0,FILE0,CHAR,None,BLANKFILE.csv,None,None,None
21,Y,API,None,1,None,2015-10-02 18:51:14,nan,2015-10-02 18:51:14,IMPEXP2_PKG.WRITE_TO_FILES,1,PL/SQL,BLANKFILES,None,BLANK FILES,97,None,None,361,4,Y,P_FILE0DATA,FILE0 DATA,CHAR,None,"data1,data2,data3",None,None,None
22,Y,API,None,1,None,2015-10-02 18:51:14,nan,2015-10-02 18:51:14,INV02_PKG.CAL_WEBPRICES,1,PL/SQL,CALWBPRICE,None,CALCULATE WEB PRICES,106,None,None,382,1,Y,P_HINT,HINT,CHAR,None,ALL,None,None,None
23,Y,API,None,1,None,2015-10-02 18:51:14,nan,2015-10-02 18:51:14,INV02_PKG.CAL_WEBPRICES,1,PL/SQL,CALWBPRICE,None,CALCULATE WEB PRICES,106,None,None,383,2,Y,P_BASEPRICE,BASEPRICE,NUMBER,None,1,None,None,None
24,Y,API,None,1,None,2015-10-02 18:51:14,nan,2015-10-02 18:51:14,INV02_PKG.CAL_WEBPRICES,1,PL/SQL,CALWBPRICE,None,CALCULATE WEB PRICES,106,None,None,384,3,Y,P_PRICEBASIS,PRICEBASIS,CHAR,None,NOVAT,None,None,None
25,Y,API,None,1,None,2012-02-19 17:19:22,nan,2012-02-19 17:19:22,SCHEDULE_PKG.COPYSALESINVOICE,1,PL/SQL,COPY SALES INVOICE,None,COPY SALES INVOICE,58,None,None,296,1,Y,P_HEADERID,INVOICE ID,NUMBER,None,0,None,None,None
26,Y,API,None,1,None,2012-02-19 17:19:22,nan,2012-02-19 17:19:22,SCHEDULE_PKG.COPYSALESINVOICE,1,PL/SQL,COPY SALES INVOICE,None,COPY SALES INVOICE,58,None,None,297,2,Y,P_INVOICENUMBER,INVOICE NUMBER,CHAR,None,461,None,None,None
27,Y,API,None,1,None,2012-02-19 17:19:22,nan,2012-02-19 17:19:22,SCHEDULE_PKG.COPYSALESINVOICE,1,PL/SQL,COPY SALES INVOICE,None,COPY SALES INVOICE,58,None,None,298,3,Y,P_TOINVOICETYPE,INVOICE TYPE,CHAR,None,None,None,None,None
28,N,API,None,1,None,2011-12-31 12:44:16,29.0,2012-01-29 16:25:23,SCHEDULE_PKG.AR_CREATEBACKORDER,1,PL/SQL,CREATE SO BO,None,CREATE SO BACKORDERS,43,None,None,192,1,Y,P_HINT,HINT,CHAR,None,APPEND,None,None,None
29,Y,API,None,1,None,2012-01-29 16:13:22,nan,2012-01-29 16:13:22,IMPEXP_PKG.AUTOIMPORT,90,PL/SQL,CUSTIMP01,None,CSUTOMER IMPORT 01,55,None,None,252,1,Y,P_HINT,HINT,CHAR,None,CUSTOMER,None,None,None
30,Y,API,None,1,None,2012-01-29 16:13:22,nan,2012-01-29 16:13:22,IMPEXP_PKG.AUTOIMPORT,90,PL/SQL,CUSTIMP01,None,CSUTOMER IMPORT 01,55,None,None,253,2,Y,P_FILEPREFIX,FILEPREFIX,CHAR,None,CU%,None,None,None
31,Y,API,None,1,None,2012-01-29 16:13:22,nan,2012-01-29 16:13:22,IMPEXP_PKG.AUTOIMPORT,90,PL/SQL,CUSTIMP01,None,CSUTOMER IMPORT 01,55,None,None,254,3,Y,P_INDIRECTORY,INBOUND DIRECTORY,CHAR,None,DIR_ARIMPORT,None,None,None
32,Y,API,None,1,None,2012-01-29 16:13:22,nan,2012-01-29 16:13:22,IMPEXP_PKG.AUTOIMPORT,90,PL/SQL,CUSTIMP01,None,CSUTOMER IMPORT 01,55,None,None,255,4,Y,P_FILENAME,FILENAME,CHAR,None,None,None,None,None
33,Y,API,None,1,None,2012-01-29 16:13:22,nan,2012-01-29 16:13:22,IMPEXP_PKG.AUTOIMPORT,90,PL/SQL,CUSTIMP01,None,CSUTOMER IMPORT 01,55,None,None,256,5,Y,P_NOTIFGROUP,NOTIFGROUP,CHAR,None,OWNER GROUP,None,None,None
34,Y,API,None,1,None,2012-01-29 16:13:22,nan,2012-01-29 16:13:22,IMPEXP_PKG.AUTOIMPORT,90,PL/SQL,CUSTIMP01,None,CSUTOMER IMPORT 01,55,None,None,257,6,Y,P_LOCATIONID,LOCATION ID,CHAR,None,2,None,None,None
35,N,API,None,1,None,2010-08-26 19:11:28,2.0,2011-01-21 12:33:32,ORACLEAPPSSYNC_PKG.GRN_EXTRACT,99,PL/SQL,DAILYGRNEXTRACT,None,DAILY GRN EXTRACT,4,None,None,8,1,Y,P_NOOFDAYS,NO OF DAYS,NUMBER,None,1,None,None,None
36,Y,API,None,1,None,2012-02-19 17:19:22,nan,2012-02-19 17:19:22,SCHEDULE_PKG.SALESINVOICE_ACTIVITY,3,PL/SQL,EMAIL DAILY INVOICES,None,EMAIL DAILY INVOICES,57,None,None,293,1,Y,P_DATEFROM,DATE FROM,DATE,None,TRUNC(SYSDATE),None,None,None
37,Y,API,None,1,None,2012-02-19 17:19:22,nan,2012-02-19 17:19:22,SCHEDULE_PKG.SALESINVOICE_ACTIVITY,3,PL/SQL,EMAIL DAILY INVOICES,None,EMAIL DAILY INVOICES,57,None,None,294,2,Y,P_DATETO,DATE TO,DATE,None,TRUNC(SYSDATE+1),None,None,None
38,Y,API,None,1,None,2012-02-19 17:19:22,nan,2012-02-19 17:19:22,SCHEDULE_PKG.SALESINVOICE_ACTIVITY,3,PL/SQL,EMAIL DAILY INVOICES,None,EMAIL DAILY INVOICES,57,None,None,295,3,Y,P_DESTYPE,DESTYPE,CHAR,None,EMAIL,None,None,None
39,N,API,None,1,None,2011-02-20 18:04:10,29.0,2012-01-29 16:28:22,IMPEXP_PKG.EXPORT_AMAZONTEMPLATE,11,PL/SQL,EXPORT ITEMS 110924,None,EXPORT AMAZON ITEMS,27,None,None,116,1,Y,P_FORWHOM,WEBSIITE NAME,CHAR,None,AAF001,None,None,None
40,N,API,None,1,None,2011-02-20 18:04:10,29.0,2012-01-29 16:28:22,IMPEXP_PKG.EXPORT_AMAZONTEMPLATE,11,PL/SQL,EXPORT ITEMS 110924,None,EXPORT AMAZON ITEMS,27,None,None,117,2,Y,P_DELIMITER,DELIMITER,CHAR,None,",",None,None,None
41,N,API,None,1,None,2011-02-20 18:04:10,29.0,2012-01-29 16:28:22,IMPEXP_PKG.EXPORT_AMAZONTEMPLATE,11,PL/SQL,EXPORT ITEMS 110924,None,EXPORT AMAZON ITEMS,27,None,None,118,3,Y,P_NOTIFGROUP,NOTIFICATION GROUP,CHAR,None,NONE,None,None,None
42,N,API,None,1,None,2011-02-20 18:04:10,29.0,2012-01-29 16:28:22,IMPEXP_PKG.EXPORT_AMAZONTEMPLATE,11,PL/SQL,EXPORT ITEMS 110924,None,EXPORT AMAZON ITEMS,27,None,None,191,4,Y,P_FILENAME,FILENAME,CHAR,None,WEBAMAZON.CSV,None,None,None
43,Y,API,None,1,None,2010-10-07 14:04:14,2.0,2011-01-21 12:35:26,IMPEXP_PKG.EXPORT_VIEWDATA,14,PL/SQL,EXPORT BARCODES,None,EXPORT BAROCDES,19,None,None,59,1,Y,P_VIEWNAME,VIEW NAME,CHAR,None,EXP_ITEMBARCODES_V,None,None,None
44,Y,API,None,1,None,2010-10-07 14:04:14,2.0,2011-01-21 12:35:26,IMPEXP_PKG.EXPORT_VIEWDATA,14,PL/SQL,EXPORT BARCODES,None,EXPORT BAROCDES,19,None,None,60,2,Y,P_FILENAME,FILE NAME,CHAR,None,BARCODS.TXT,None,None,None
45,Y,API,None,1,None,2010-10-07 14:04:14,2.0,2011-01-21 12:35:26,IMPEXP_PKG.EXPORT_VIEWDATA,14,PL/SQL,EXPORT BARCODES,None,EXPORT BAROCDES,19,None,None,61,3,Y,P_CALLCODE,CALL CODE,CHAR,None,0,None,None,None
46,Y,API,None,1,None,2010-10-07 14:04:14,2.0,2011-01-21 12:35:26,IMPEXP_PKG.EXPORT_VIEWDATA,14,PL/SQL,EXPORT BARCODES,None,EXPORT BAROCDES,19,None,None,62,4,Y,P_DELIMITER,DELIMTER,CHAR,None,|,None,None,None
47,Y,API,None,1,None,2010-10-07 14:04:14,2.0,2011-01-21 12:35:26,IMPEXP_PKG.EXPORT_VIEWDATA,14,PL/SQL,EXPORT BARCODES,None,EXPORT BAROCDES,19,None,None,85,5,Y,P_NOTIFGROUP,NOTIFICATION GROUP,CHAR,None,NONE,None,None,None
48,Y,API,None,1,None,2010-10-07 14:04:14,2.0,2011-01-21 12:35:26,IMPEXP_PKG.EXPORT_VIEWDATA,14,PL/SQL,EXPORT BARCODES,None,EXPORT BAROCDES,19,None,None,272,6,Y,P_HINT,HINT,CHAR,None,ALL,None,None,None
49,N,API,None,1,None,2010-09-03 15:32:10,2.0,2011-01-21 12:33:32,IMPEXP_PKG.EXPORT_VIEWDATA,99,PL/SQL,EXPORT BIN LOCATIONS,None,EXPORT BIN LOCATIONS,5,None,None,9,1,Y,P_VIEWNAME,VIEW NAME,CHAR,None,EXP_BINLOCATIONS_V,None,None,None
50,N,API,None,1,None,2010-09-03 15:32:10,2.0,2011-01-21 12:33:32,IMPEXP_PKG.EXPORT_VIEWDATA,99,PL/SQL,EXPORT BIN LOCATIONS,None,EXPORT BIN LOCATIONS,5,None,None,10,2,Y,P_FILENAME,FILE NAME,CHAR,None,BINLOCATIONS.TXT,None,None,None
51,N,API,None,1,None,2010-09-03 15:32:10,2.0,2011-01-21 12:33:32,IMPEXP_PKG.EXPORT_VIEWDATA,99,PL/SQL,EXPORT BIN LOCATIONS,None,EXPORT BIN LOCATIONS,5,None,None,11,3,Y,P_CALLCODE,CALL CODE,NUMBER,None,0,None,None,None
52,N,API,None,1,None,2010-09-03 15:32:10,2.0,2011-01-21 12:33:32,IMPEXP_PKG.EXPORT_VIEWDATA,99,PL/SQL,EXPORT BIN LOCATIONS,None,EXPORT BIN LOCATIONS,5,None,None,12,4,Y,P_DELIMITER,DELIMITER,CHAR,None,|,None,None,None
53,N,API,None,1,None,2010-09-03 15:32:10,2.0,2011-01-21 12:33:32,IMPEXP_PKG.EXPORT_VIEWDATA,99,PL/SQL,EXPORT BIN LOCATIONS,None,EXPORT BIN LOCATIONS,5,None,None,98,5,Y,P_NOTIFGROUP,NOTIFICATION GROUP,CHAR,None,NONE,None,None,None
54,N,API,None,1,None,2010-09-03 15:32:10,2.0,2011-01-21 12:33:32,IMPEXP_PKG.EXPORT_VIEWDATA,99,PL/SQL,EXPORT BIN LOCATIONS,None,EXPORT BIN LOCATIONS,5,None,None,284,6,Y,P_HINT,HINT,CHAR,None,ALL,None,None,None
55,Y,API,None,1,None,2015-10-02 18:51:14,nan,2015-10-02 18:51:14,IMPEXP_PKG.EXPORT_BOMITEMS01,10,PL/SQL,EXPORT BOM,None,EXPORT BOM,105,None,None,376,2,Y,P_FILENAME,FILENAME,CHAR,None,BOMS.TXT,None,None,None
56,Y,API,None,1,None,2015-10-02 18:51:14,nan,2015-10-02 18:51:14,IMPEXP_PKG.EXPORT_BOMITEMS01,10,PL/SQL,EXPORT BOM,None,EXPORT BOM,105,None,None,377,3,Y,P_NOTIFGROUP,NOTIFICATION GROUP,CHAR,None,NONE,None,None,None
57,Y,API,None,1,None,2015-10-02 18:51:14,nan,2015-10-02 18:51:14,IMPEXP_PKG.EXPORT_BOMITEMS01,10,PL/SQL,EXPORT BOM,None,EXPORT BOM,105,None,None,378,4,Y,P_HINT,HINT,CHAR,None,FULL,None,None,None
58,Y,API,None,1,None,2015-10-02 18:51:14,nan,2015-10-02 18:51:14,IMPEXP_PKG.EXPORT_BOMITEMS01,10,PL/SQL,EXPORT BOM,None,EXPORT BOM,105,None,None,379,5,Y,P_DELIMITER,DELIMITER,CHAR,None,|,None,None,None
59,Y,API,None,1,None,2015-10-02 18:51:14,nan,2015-10-02 18:51:14,IMPEXP_PKG.EXPORT_BOMITEMS01,10,PL/SQL,EXPORT BOM,None,EXPORT BOM,105,None,None,380,6,Y,P_QTYPERCENT,QTY PERCENT,CHAR,None,100,None,None,None
60,Y,API,None,1,None,2015-10-02 18:51:14,nan,2015-10-02 18:51:14,IMPEXP_PKG.EXPORT_BOMITEMS01,10,PL/SQL,EXPORT BOM,None,EXPORT BOM,105,None,None,381,7,Y,P_INCLUDEBOM,INCLUDE BOM,CHAR,None,Y,None,None,None
61,N,API,None,1,None,2010-09-03 15:32:10,2.0,2011-01-21 12:33:32,IMPEXP_PKG.EXPORT_VIEWDATA,2,PL/SQL,EXPCATSUBCAT,None,EXPORT CAT AND SUBCAT,8,None,None,21,1,Y,P_VIEWNAME,VIEW NAME,CHAR,None,EXP_CATSUBCATIDS_V,None,None,None
62,N,API,None,1,None,2010-09-03 15:32:10,2.0,2011-01-21 12:33:32,IMPEXP_PKG.EXPORT_VIEWDATA,2,PL/SQL,EXPCATSUBCAT,None,EXPORT CAT AND SUBCAT,8,None,None,22,2,Y,P_FILENAME,FILE NAME,CHAR,None,WEBGRCAT.TXT,None,None,None
63,N,API,None,1,None,2010-09-03 15:32:10,2.0,2011-01-21 12:33:32,IMPEXP_PKG.EXPORT_VIEWDATA,2,PL/SQL,EXPCATSUBCAT,None,EXPORT CAT AND SUBCAT,8,None,None,23,3,Y,P_CALLCODE,CALL CODE,CHAR,None,0,None,None,None
64,N,API,None,1,None,2010-09-03 15:32:10,2.0,2011-01-21 12:33:32,IMPEXP_PKG.EXPORT_VIEWDATA,2,PL/SQL,EXPCATSUBCAT,None,EXPORT CAT AND SUBCAT,8,None,None,24,4,Y,P_DELIMITER,DELIMTER,CHAR,None,|,None,None,None
65,N,API,None,1,None,2010-09-03 15:32:10,2.0,2011-01-21 12:33:32,IMPEXP_PKG.EXPORT_VIEWDATA,2,PL/SQL,EXPCATSUBCAT,None,EXPORT CAT AND SUBCAT,8,None,None,99,5,Y,P_NOTIFGROUP,NOTIFICATION GROUP,CHAR,None,NONE,None,None,None
66,N,API,None,1,None,2010-09-03 15:32:10,2.0,2011-01-21 12:33:32,IMPEXP_PKG.EXPORT_VIEWDATA,2,PL/SQL,EXPCATSUBCAT,None,EXPORT CAT AND SUBCAT,8,None,None,285,6,Y,P_HINT,HINT,CHAR,None,ALL,None,None,None
67,N,API,None,1,None,2011-09-10 11:25:52,29.0,2012-01-29 16:28:22,IMPEXP_PKG.EXPORT_VIEWDATA,9,PL/SQL,EXPORT CAT/SUB 001,None,EXPORT CAT/SUB CATEGORY,42,None,None,186,1,Y,P_VIEWNAME,VIEW NAME,CHAR,None,EXP_CATSUBCATEGORIES_V,None,None,None
68,N,API,None,1,None,2011-09-10 11:25:52,29.0,2012-01-29 16:28:22,IMPEXP_PKG.EXPORT_VIEWDATA,9,PL/SQL,EXPORT CAT/SUB 001,None,EXPORT CAT/SUB CATEGORY,42,None,None,187,2,Y,P_FILENAME,FILE NAME,CHAR,None,CATSUBCAT.CSV,None,None,None
69,N,API,None,1,None,2011-09-10 11:25:52,29.0,2012-01-29 16:28:22,IMPEXP_PKG.EXPORT_VIEWDATA,9,PL/SQL,EXPORT CAT/SUB 001,None,EXPORT CAT/SUB CATEGORY,42,None,None,188,3,Y,P_CALLCODE,CALL CODE,NUMBER,None,0,None,None,None
70,N,API,None,1,None,2011-09-10 11:25:52,29.0,2012-01-29 16:28:22,IMPEXP_PKG.EXPORT_VIEWDATA,9,PL/SQL,EXPORT CAT/SUB 001,None,EXPORT CAT/SUB CATEGORY,42,None,None,189,4,Y,P_DELIMITER,DELIMITER,CHAR,None,",",None,None,None
71,N,API,None,1,None,2011-09-10 11:25:52,29.0,2012-01-29 16:28:22,IMPEXP_PKG.EXPORT_VIEWDATA,9,PL/SQL,EXPORT CAT/SUB 001,None,EXPORT CAT/SUB CATEGORY,42,None,None,190,5,Y,P_NOTIFGROUP,NOTIFICATION GROUP,CHAR,None,NONE,None,None,None
72,N,API,None,1,None,2011-09-10 11:25:52,29.0,2012-01-29 16:28:22,IMPEXP_PKG.EXPORT_VIEWDATA,9,PL/SQL,EXPORT CAT/SUB 001,None,EXPORT CAT/SUB CATEGORY,42,None,None,264,6,Y,P_HINT,HINT,CHAR,None,ALL,None,None,None
73,Y,API,None,1,None,2010-08-26 19:11:28,2.0,2011-01-21 12:34:34,IMPEXP_PKG.EXPORT_VIEWDATA,3,PL/SQL,EXPCATEGORY,None,EXPORT CATEGORIES,3,None,None,5,1,Y,P_VIEWNAME,VIEW NAME,CHAR,None,EXP_CATEGORIES_V,None,None,None
74,Y,API,None,1,None,2010-08-26 19:11:28,2.0,2011-01-21 12:34:34,IMPEXP_PKG.EXPORT_VIEWDATA,3,PL/SQL,EXPCATEGORY,None,EXPORT CATEGORIES,3,None,None,6,2,Y,P_FILENAME,FILE NAME,CHAR,None,CATEGORIES.TXT,None,None,None
75,Y,API,None,1,None,2010-08-26 19:11:28,2.0,2011-01-21 12:34:34,IMPEXP_PKG.EXPORT_VIEWDATA,3,PL/SQL,EXPCATEGORY,None,EXPORT CATEGORIES,3,None,None,7,3,Y,P_CALLCODE,CALL CODE,NUMBER,None,1,None,None,None
76,Y,API,None,1,None,2010-08-26 19:11:28,2.0,2011-01-21 12:34:34,IMPEXP_PKG.EXPORT_VIEWDATA,3,PL/SQL,EXPCATEGORY,None,EXPORT CATEGORIES,3,None,None,26,4,Y,P_DELIMITER,DELIMITER,CHAR,None,|,None,None,None
77,Y,API,None,1,None,2010-08-26 19:11:28,2.0,2011-01-21 12:34:34,IMPEXP_PKG.EXPORT_VIEWDATA,3,PL/SQL,EXPCATEGORY,None,EXPORT CATEGORIES,3,None,None,103,5,Y,P_NOTIFGROUP,NOTIFICATION GROUP,CHAR,None,NONE,None,None,None
78,Y,API,None,1,None,2010-08-26 19:11:28,2.0,2011-01-21 12:34:34,IMPEXP_PKG.EXPORT_VIEWDATA,3,PL/SQL,EXPCATEGORY,None,EXPORT CATEGORIES,3,None,None,288,6,Y,P_HINT,HINT,CHAR,None,ALL,None,None,None
79,Y,API,None,1,None,2011-04-24 21:32:39,nan,2011-04-24 21:32:39,IMPEXP_PKG.EXPORT_VIEWDATA,5,PL/SQL,EXPORT CONTRACTPRICE,None,EXPORT CONTRACT PRICE,33,None,None,141,1,Y,P_VIEWNAME,VIEW NAME,CHAR,None,AR_CUSTOMERFIXEDPRICE_V,None,None,None
80,Y,API,None,1,None,2011-04-24 21:32:39,nan,2011-04-24 21:32:39,IMPEXP_PKG.EXPORT_VIEWDATA,5,PL/SQL,EXPORT CONTRACTPRICE,None,EXPORT CONTRACT PRICE,33,None,None,142,2,Y,P_FILENAME,FILE NAME,CHAR,None,CONTRACTPRICE.TXT,None,None,None
81,Y,API,None,1,None,2011-04-24 21:32:39,nan,2011-04-24 21:32:39,IMPEXP_PKG.EXPORT_VIEWDATA,5,PL/SQL,EXPORT CONTRACTPRICE,None,EXPORT CONTRACT PRICE,33,None,None,143,3,Y,P_CALLCODE,CALL CODE,NUMBER,None,1,None,None,None
82,Y,API,None,1,None,2011-04-24 21:32:39,nan,2011-04-24 21:32:39,IMPEXP_PKG.EXPORT_VIEWDATA,5,PL/SQL,EXPORT CONTRACTPRICE,None,EXPORT CONTRACT PRICE,33,None,None,144,4,Y,P_DELIMITER,DELIMITER,CHAR,None,|,None,None,None
83,Y,API,None,1,None,2011-04-24 21:32:39,nan,2011-04-24 21:32:39,IMPEXP_PKG.EXPORT_VIEWDATA,5,PL/SQL,EXPORT CONTRACTPRICE,None,EXPORT CONTRACT PRICE,33,None,None,145,5,Y,P_NOTIFGROUP,NOTIFICATION GROUP,CHAR,None,NONE,None,None,None
84,Y,API,None,1,None,2011-04-24 21:32:39,nan,2011-04-24 21:32:39,IMPEXP_PKG.EXPORT_VIEWDATA,5,PL/SQL,EXPORT CONTRACTPRICE,None,EXPORT CONTRACT PRICE,33,None,None,146,6,Y,P_HINT,HINT,CHAR,None,ALL,None,None,None
85,Y,API,None,1,None,2011-06-08 10:22:27,nan,2011-06-08 10:22:27,IMPEXP_PKG.EXPORT_VIEWDATA,3,PL/SQL,EXPORT CUST BALANCE,None,EXPORT CUST BALANCE,39,None,None,169,1,Y,P_VIEWNAME,VIEW NAME,CHAR,None,REP_CUSTOMERBALANCE_V,None,None,None
86,Y,API,None,1,None,2011-06-08 10:22:27,nan,2011-06-08 10:22:27,IMPEXP_PKG.EXPORT_VIEWDATA,3,PL/SQL,EXPORT CUST BALANCE,None,EXPORT CUST BALANCE,39,None,None,170,2,Y,P_FILENAME,FILE NAME,CHAR,None,CUSTBALANCE.TXT,None,None,None
87,Y,API,None,1,None,2011-06-08 10:22:27,nan,2011-06-08 10:22:27,IMPEXP_PKG.EXPORT_VIEWDATA,3,PL/SQL,EXPORT CUST BALANCE,None,EXPORT CUST BALANCE,39,None,None,171,3,Y,P_CALLCODE,CALL CODE,CHAR,None,1,None,None,None
88,Y,API,None,1,None,2011-06-08 10:22:27,nan,2011-06-08 10:22:27,IMPEXP_PKG.EXPORT_VIEWDATA,3,PL/SQL,EXPORT CUST BALANCE,None,EXPORT CUST BALANCE,39,None,None,172,4,Y,P_DELIMITER,DELIMTER,CHAR,None,|,None,None,None
89,Y,API,None,1,None,2011-06-08 10:22:27,nan,2011-06-08 10:22:27,IMPEXP_PKG.EXPORT_VIEWDATA,3,PL/SQL,EXPORT CUST BALANCE,None,EXPORT CUST BALANCE,39,None,None,173,5,Y,P_NOTIFGROUP,NOTIFCATION GROUP,CHAR,None,NONE,None,None,None
90,Y,API,None,1,None,2011-06-08 10:22:27,nan,2011-06-08 10:22:27,IMPEXP_PKG.EXPORT_VIEWDATA,3,PL/SQL,EXPORT CUST BALANCE,None,EXPORT CUST BALANCE,39,None,None,265,6,Y,P_HINT,HINT,CHAR,None,ALL,None,None,None
91,Y,API,None,1,None,2011-05-17 18:44:44,nan,2011-05-17 18:44:44,IMPEXP_PKG.EXPORT_VIEWDATA,5,PL/SQL,EXPORT FIXED PRICE,None,EXPORT CUST FIXED PRICE,37,None,None,159,1,Y,P_VIEWNAME,VIEW NAME,CHAR,None,EXP_CUSTOMERFIXEDPRICE_V,None,None,None
92,Y,API,None,1,None,2011-05-17 18:44:44,nan,2011-05-17 18:44:44,IMPEXP_PKG.EXPORT_VIEWDATA,5,PL/SQL,EXPORT FIXED PRICE,None,EXPORT CUST FIXED PRICE,37,None,None,160,2,Y,P_FILENAME,FILE NAME,CHAR,None,CUSTFIXEDPRICE.TXT,None,None,None
93,Y,API,None,1,None,2011-05-17 18:44:44,nan,2011-05-17 18:44:44,IMPEXP_PKG.EXPORT_VIEWDATA,5,PL/SQL,EXPORT FIXED PRICE,None,EXPORT CUST FIXED PRICE,37,None,None,161,3,Y,P_CALLCODE,CALL CODE,NUMBER,None,0,None,None,None
94,Y,API,None,1,None,2011-05-17 18:44:44,nan,2011-05-17 18:44:44,IMPEXP_PKG.EXPORT_VIEWDATA,5,PL/SQL,EXPORT FIXED PRICE,None,EXPORT CUST FIXED PRICE,37,None,None,162,4,Y,P_DELIMITER,DELIMITER,CHAR,None,|,None,None,None
95,Y,API,None,1,None,2011-05-17 18:44:44,nan,2011-05-17 18:44:44,IMPEXP_PKG.EXPORT_VIEWDATA,5,PL/SQL,EXPORT FIXED PRICE,None,EXPORT CUST FIXED PRICE,37,None,None,163,5,Y,P_NOTIFGROUP,NOTIFICATION GROUP,CHAR,None,NONE,None,None,None
96,Y,API,None,1,None,2011-05-17 18:44:44,nan,2011-05-17 18:44:44,IMPEXP_PKG.EXPORT_VIEWDATA,5,PL/SQL,EXPORT FIXED PRICE,None,EXPORT CUST FIXED PRICE,37,None,None,164,6,Y,P_HINT,HINT,CHAR,None,ALL,None,None,None
97,N,API,None,1,None,2010-12-18 21:39:50,29.0,2012-01-29 16:28:22,IMPEXP_PKG.EXPORT_VIEWDATA,9,PL/SQL,EXPORT CUST PROFILES,None,EXPORT CUST PROFILES,26,None,None,111,1,Y,P_VIEWNAME,VIEW NAME,CHAR,None,EXP_CUSTOMERPROFILES_V,None,None,None
98,N,API,None,1,None,2010-12-18 21:39:50,29.0,2012-01-29 16:28:22,IMPEXP_PKG.EXPORT_VIEWDATA,9,PL/SQL,EXPORT CUST PROFILES,None,EXPORT CUST PROFILES,26,None,None,112,2,Y,P_FILENAME,FILE NAME,CHAR,None,CUSTPROFILES.TXT,None,None,None
99,N,API,None,1,None,2010-12-18 21:39:50,29.0,2012-01-29 16:28:22,IMPEXP_PKG.EXPORT_VIEWDATA,9,PL/SQL,EXPORT CUST PROFILES,None,EXPORT CUST PROFILES,26,None,None,113,3,Y,P_CALLCODE,CALL CODE,NUMBER,None,0,None,None,None
100,N,API,None,1,None,2010-12-18 21:39:50,29.0,2012-01-29 16:28:22,IMPEXP_PKG.EXPORT_VIEWDATA,9,PL/SQL,EXPORT CUST PROFILES,None,EXPORT CUST PROFILES,26,None,None,114,4,Y,P_DELIMITER,DELIMITER,CHAR,None,|,None,None,None
101,N,API,None,1,None,2010-12-18 21:39:50,29.0,2012-01-29 16:28:22,IMPEXP_PKG.EXPORT_VIEWDATA,9,PL/SQL,EXPORT CUST PROFILES,None,EXPORT CUST PROFILES,26,None,None,115,5,Y,P_NOTIFGROUP,NOTIFICATION GROUP,CHAR,None,NONE,None,None,None
102,N,API,None,1,None,2010-12-18 21:39:50,29.0,2012-01-29 16:28:22,IMPEXP_PKG.EXPORT_VIEWDATA,9,PL/SQL,EXPORT CUST PROFILES,None,EXPORT CUST PROFILES,26,None,None,268,6,Y,P_HINT,HINT,CHAR,None,ALL,None,None,None
103,N,API,None,1,None,2010-09-03 15:32:10,2.0,2011-01-21 12:33:32,IMPEXP_PKG.EXPORT_VIEWDATA,99,PL/SQL,EXPORT CUSTOMERS,None,EXPORT CUSTOMERS,7,None,None,17,1,Y,P_VIEWNAME,VIEW NAME,CHAR,None,EXP_CUSTOMERS_V,None,None,None
104,N,API,None,1,None,2010-09-03 15:32:10,2.0,2011-01-21 12:33:32,IMPEXP_PKG.EXPORT_VIEWDATA,99,PL/SQL,EXPORT CUSTOMERS,None,EXPORT CUSTOMERS,7,None,None,18,2,Y,P_FILENAME,FILE NAME,CHAR,None,WEBCUST.TXT,None,None,None
105,N,API,None,1,None,2010-09-03 15:32:10,2.0,2011-01-21 12:33:32,IMPEXP_PKG.EXPORT_VIEWDATA,99,PL/SQL,EXPORT CUSTOMERS,None,EXPORT CUSTOMERS,7,None,None,19,3,Y,P_CALLCODE,CALL CODE,NUMBER,None,0,None,None,None
106,N,API,None,1,None,2010-09-03 15:32:10,2.0,2011-01-21 12:33:32,IMPEXP_PKG.EXPORT_VIEWDATA,99,PL/SQL,EXPORT CUSTOMERS,None,EXPORT CUSTOMERS,7,None,None,20,4,Y,P_DELIMITER,DELIMITER,CHAR,None,|,None,None,None
107,N,API,None,1,None,2010-09-03 15:32:10,2.0,2011-01-21 12:33:32,IMPEXP_PKG.EXPORT_VIEWDATA,99,PL/SQL,EXPORT CUSTOMERS,None,EXPORT CUSTOMERS,7,None,None,100,5,Y,P_NOTIFGROUP,NOTIFICATION GROUP,CHAR,None,NONE,None,None,None
108,N,API,None,1,None,2010-09-03 15:32:10,2.0,2011-01-21 12:33:32,IMPEXP_PKG.EXPORT_VIEWDATA,99,PL/SQL,EXPORT CUSTOMERS,None,EXPORT CUSTOMERS,7,None,None,286,6,Y,P_HINT,HINT,CHAR,None,ALL,None,None,None
109,Y,API,None,1,None,2010-10-07 14:04:14,2.0,2011-01-21 12:34:34,IMPEXP_PKG.EXPORT_VIEWDATA,4,PL/SQL,EXPORT CUSTOMALL,None,EXPORT CUSTOMERS ALL,16,None,None,47,1,Y,P_VIEWNAME,VIEW NAME,CHAR,None,EXP_CUSTOMERALL_V,None,None,None
110,Y,API,None,1,None,2010-10-07 14:04:14,2.0,2011-01-21 12:34:34,IMPEXP_PKG.EXPORT_VIEWDATA,4,PL/SQL,EXPORT CUSTOMALL,None,EXPORT CUSTOMERS ALL,16,None,None,48,2,Y,P_FILENAME,FILE NAME,CHAR,None,CUSTOMERS.TXT,None,None,None
111,Y,API,None,1,None,2010-10-07 14:04:14,2.0,2011-01-21 12:34:34,IMPEXP_PKG.EXPORT_VIEWDATA,4,PL/SQL,EXPORT CUSTOMALL,None,EXPORT CUSTOMERS ALL,16,None,None,49,3,Y,P_CALLCODE,CALL CODE,NUMBER,None,0,None,None,None
112,Y,API,None,1,None,2010-10-07 14:04:14,2.0,2011-01-21 12:34:34,IMPEXP_PKG.EXPORT_VIEWDATA,4,PL/SQL,EXPORT CUSTOMALL,None,EXPORT CUSTOMERS ALL,16,None,None,50,4,Y,P_DELIMITER,DELIMITER,CHAR,None,|,None,None,None
113,Y,API,None,1,None,2010-10-07 14:04:14,2.0,2011-01-21 12:34:34,IMPEXP_PKG.EXPORT_VIEWDATA,4,PL/SQL,EXPORT CUSTOMALL,None,EXPORT CUSTOMERS ALL,16,None,None,86,5,Y,P_NOTIFGROUP,NOTIFICATION GROUP,CHAR,None,NONE,None,None,None
114,Y,API,None,1,None,2010-10-07 14:04:14,2.0,2011-01-21 12:34:34,IMPEXP_PKG.EXPORT_VIEWDATA,4,PL/SQL,EXPORT CUSTOMALL,None,EXPORT CUSTOMERS ALL,16,None,None,273,6,Y,P_HINT,HINT,CHAR,None,ALL,None,None,None
115,Y,API,None,1,None,2011-12-31 12:44:16,nan,2011-12-31 12:44:16,IMPEXP_PKG.EXPORT_VIEWDATA,3,PL/SQL,EXPORT ITEM HINT,None,EXPORT ITEM HINT,49,None,None,221,1,Y,P_VIEWNAME,VIEW NAME,CHAR,None,EXP_ITEMWEBHINTS_V,None,None,None
116,Y,API,None,1,None,2011-12-31 12:44:16,nan,2011-12-31 12:44:16,IMPEXP_PKG.EXPORT_VIEWDATA,3,PL/SQL,EXPORT ITEM HINT,None,EXPORT ITEM HINT,49,None,None,222,2,Y,P_FILENAME,FILE NAME,CHAR,None,ITEMHINT.TXT,None,None,None
117,Y,API,None,1,None,2011-12-31 12:44:16,nan,2011-12-31 12:44:16,IMPEXP_PKG.EXPORT_VIEWDATA,3,PL/SQL,EXPORT ITEM HINT,None,EXPORT ITEM HINT,49,None,None,223,3,Y,P_CALLCODE,CALL CODE,CHAR,None,0,None,None,None
118,Y,API,None,1,None,2011-12-31 12:44:16,nan,2011-12-31 12:44:16,IMPEXP_PKG.EXPORT_VIEWDATA,3,PL/SQL,EXPORT ITEM HINT,None,EXPORT ITEM HINT,49,None,None,224,4,Y,P_DELIMITER,DELIMTER,CHAR,None,|,None,None,None
119,Y,API,None,1,None,2011-12-31 12:44:16,nan,2011-12-31 12:44:16,IMPEXP_PKG.EXPORT_VIEWDATA,3,PL/SQL,EXPORT ITEM HINT,None,EXPORT ITEM HINT,49,None,None,225,5,Y,P_NOTIFGROUP,NOTIFCATION GROUP,CHAR,None,NONE,None,None,None
120,Y,API,None,1,None,2011-12-31 12:44:16,nan,2011-12-31 12:44:16,IMPEXP_PKG.EXPORT_VIEWDATA,3,PL/SQL,EXPORT ITEM HINT,None,EXPORT ITEM HINT,49,None,None,260,6,Y,P_HINT,HINT,CHAR,None,ALL,None,None,None
121,Y,API,None,1,None,2011-12-31 12:44:16,nan,2011-12-31 12:44:16,IMPEXP_PKG.EXPORT_VIEWDATA,3,PL/SQL,EXPORT ITEM INFO,None,EXPORT ITEM INFO,48,None,None,216,1,Y,P_VIEWNAME,VIEW NAME,CHAR,None,EXP_ITEMADDITIONALINFO_V,None,None,None
122,Y,API,None,1,None,2011-12-31 12:44:16,nan,2011-12-31 12:44:16,IMPEXP_PKG.EXPORT_VIEWDATA,3,PL/SQL,EXPORT ITEM INFO,None,EXPORT ITEM INFO,48,None,None,217,2,Y,P_FILENAME,FILE NAME,CHAR,None,ITEMINFO.TXT,None,None,None
123,Y,API,None,1,None,2011-12-31 12:44:16,nan,2011-12-31 12:44:16,IMPEXP_PKG.EXPORT_VIEWDATA,3,PL/SQL,EXPORT ITEM INFO,None,EXPORT ITEM INFO,48,None,None,218,3,Y,P_CALLCODE,CALL CODE,CHAR,None,0,None,None,None
124,Y,API,None,1,None,2011-12-31 12:44:16,nan,2011-12-31 12:44:16,IMPEXP_PKG.EXPORT_VIEWDATA,3,PL/SQL,EXPORT ITEM INFO,None,EXPORT ITEM INFO,48,None,None,219,4,Y,P_DELIMITER,DELIMTER,CHAR,None,|,None,None,None
125,Y,API,None,1,None,2011-12-31 12:44:16,nan,2011-12-31 12:44:16,IMPEXP_PKG.EXPORT_VIEWDATA,3,PL/SQL,EXPORT ITEM INFO,None,EXPORT ITEM INFO,48,None,None,220,5,Y,P_NOTIFGROUP,NOTIFCATION GROUP,CHAR,None,NONE,None,None,None
126,Y,API,None,1,None,2011-12-31 12:44:16,nan,2011-12-31 12:44:16,IMPEXP_PKG.EXPORT_VIEWDATA,3,PL/SQL,EXPORT ITEM INFO,None,EXPORT ITEM INFO,48,None,None,259,6,Y,P_HINT,HINT,CHAR,None,ALL,None,None,None
127,Y,API,None,1,None,2010-10-07 14:04:15,2.0,2011-01-21 13:46:03,IMPEXP_PKG.EXPORT_VIEWDATA,5,PL/SQL,EXPORT ITEM MASTER,None,EXPORT ITEM MASTER,22,None,None,71,1,Y,P_VIEWNAME,VIEW NAME,CHAR,None,EXP_ITEMBASE_V,None,None,None
128,Y,API,None,1,None,2010-10-07 14:04:15,2.0,2011-01-21 13:46:03,IMPEXP_PKG.EXPORT_VIEWDATA,5,PL/SQL,EXPORT ITEM MASTER,None,EXPORT ITEM MASTER,22,None,None,72,2,Y,P_FILENAME,FILE NAME,CHAR,None,ITEMMASTER.TXT,None,None,None
129,Y,API,None,1,None,2010-10-07 14:04:15,2.0,2011-01-21 13:46:03,IMPEXP_PKG.EXPORT_VIEWDATA,5,PL/SQL,EXPORT ITEM MASTER,None,EXPORT ITEM MASTER,22,None,None,73,3,Y,P_CALLCODE,CALL CODE,CHAR,None,0,None,None,None
130,Y,API,None,1,None,2010-10-07 14:04:15,2.0,2011-01-21 13:46:03,IMPEXP_PKG.EXPORT_VIEWDATA,5,PL/SQL,EXPORT ITEM MASTER,None,EXPORT ITEM MASTER,22,None,None,74,4,Y,P_DELIMITER,DELIMTER,CHAR,None,|,None,None,None
131,Y,API,None,1,None,2010-10-07 14:04:15,2.0,2011-01-21 13:46:03,IMPEXP_PKG.EXPORT_VIEWDATA,5,PL/SQL,EXPORT ITEM MASTER,None,EXPORT ITEM MASTER,22,None,None,87,5,Y,P_NOTIFGROUP,NOTIFCATION GROUP,CHAR,None,NONE,None,None,None
132,Y,API,None,1,None,2010-10-07 14:04:15,2.0,2011-01-21 13:46:03,IMPEXP_PKG.EXPORT_VIEWDATA,5,PL/SQL,EXPORT ITEM MASTER,None,EXPORT ITEM MASTER,22,None,None,274,6,Y,P_HINT,HINT,CHAR,None,ALL,None,None,None
133,N,API,None,1,None,2010-11-25 22:11:57,29.0,2012-01-29 16:28:22,IMPEXP_PKG.EXPORT_VIEWDATA,8,PL/SQL,EXPORT ITEM QTY,None,EXPORT ITEM QTY,23,None,None,75,1,Y,P_VIEWNAME,VIEW NAME,CHAR,None,EXP_ITEMSTATUSES_V,None,None,None
134,N,API,None,1,None,2010-11-25 22:11:57,29.0,2012-01-29 16:28:22,IMPEXP_PKG.EXPORT_VIEWDATA,8,PL/SQL,EXPORT ITEM QTY,None,EXPORT ITEM QTY,23,None,None,76,2,Y,P_FILENAME,FILE NAME,CHAR,None,ITEMQTY.TXT,None,None,None
135,N,API,None,1,None,2010-11-25 22:11:57,29.0,2012-01-29 16:28:22,IMPEXP_PKG.EXPORT_VIEWDATA,8,PL/SQL,EXPORT ITEM QTY,None,EXPORT ITEM QTY,23,None,None,77,3,Y,P_CALLCODE,CALL CODE,NUMBER,None,0,None,None,None
136,N,API,None,1,None,2010-11-25 22:11:57,29.0,2012-01-29 16:28:22,IMPEXP_PKG.EXPORT_VIEWDATA,8,PL/SQL,EXPORT ITEM QTY,None,EXPORT ITEM QTY,23,None,None,78,4,Y,P_DELIMITER,DELIMITER,CHAR,None,|,None,None,None
137,N,API,None,1,None,2010-11-25 22:11:57,29.0,2012-01-29 16:28:22,IMPEXP_PKG.EXPORT_VIEWDATA,8,PL/SQL,EXPORT ITEM QTY,None,EXPORT ITEM QTY,23,None,None,79,5,Y,P_NOTIFGROUP,NOTIFICATION GROUP,CHAR,None,NONE,None,None,None
138,N,API,None,1,None,2010-11-25 22:11:57,29.0,2012-01-29 16:28:22,IMPEXP_PKG.EXPORT_VIEWDATA,8,PL/SQL,EXPORT ITEM QTY,None,EXPORT ITEM QTY,23,None,None,270,6,Y,P_HINT,HINT,CHAR,None,ALL,None,None,None
139,Y,API,None,1,None,2010-10-07 14:04:14,2.0,2011-01-21 12:35:26,IMPEXP_PKG.EXPORT_VIEWDATA,12,PL/SQL,EXPORT ITEM SP,None,EXPORT ITEM SALES PRICES,20,None,None,63,1,Y,P_VIEWNAME,VIEW NAME,CHAR,None,EXP_ITEMPRICES_V,None,None,None
140,Y,API,None,1,None,2010-10-07 14:04:14,2.0,2011-01-21 12:35:26,IMPEXP_PKG.EXPORT_VIEWDATA,12,PL/SQL,EXPORT ITEM SP,None,EXPORT ITEM SALES PRICES,20,None,None,64,2,Y,P_FILENAME,FILE NAME,CHAR,None,SALESPRICES.TXT,None,None,None
141,Y,API,None,1,None,2010-10-07 14:04:14,2.0,2011-01-21 12:35:26,IMPEXP_PKG.EXPORT_VIEWDATA,12,PL/SQL,EXPORT ITEM SP,None,EXPORT ITEM SALES PRICES,20,None,None,65,3,Y,P_CALLCODE,CALL CODE,CHAR,None,0,None,None,None
142,Y,API,None,1,None,2010-10-07 14:04:14,2.0,2011-01-21 12:35:26,IMPEXP_PKG.EXPORT_VIEWDATA,12,PL/SQL,EXPORT ITEM SP,None,EXPORT ITEM SALES PRICES,20,None,None,66,4,Y,P_DELIMITER,DELIMTER,CHAR,None,|,None,None,None
143,Y,API,None,1,None,2010-10-07 14:04:14,2.0,2011-01-21 12:35:26,IMPEXP_PKG.EXPORT_VIEWDATA,12,PL/SQL,EXPORT ITEM SP,None,EXPORT ITEM SALES PRICES,20,None,None,88,5,Y,P_NOTIFGROUP,NOTIFICATION GROUP,CHAR,None,NONE,None,None,None
144,Y,API,None,1,None,2010-10-07 14:04:14,2.0,2011-01-21 12:35:26,IMPEXP_PKG.EXPORT_VIEWDATA,12,PL/SQL,EXPORT ITEM SP,None,EXPORT ITEM SALES PRICES,20,None,None,275,6,Y,P_HINT,HINT,CHAR,None,ALL,None,None,None
145,N,API,None,1,None,2011-09-10 11:25:52,29.0,2012-01-29 16:28:22,IMPEXP_PKG.EXPORT_ITEMTEMPLATE02,11,PL/SQL,EXPORT ITTEMP02,None,EXPORT ITEM TEMPLATE02,41,None,None,179,1,Y,P_FILENAME,FILE NAME,CHAR,None,PRODUCT02.CSV,None,None,None
146,N,API,None,1,None,2011-09-10 11:25:52,29.0,2012-01-29 16:28:22,IMPEXP_PKG.EXPORT_ITEMTEMPLATE02,11,PL/SQL,EXPORT ITTEMP02,None,EXPORT ITEM TEMPLATE02,41,None,None,180,2,Y,P_DELIMITER,DELIMITER,CHAR,None,",",None,None,None
147,N,API,None,1,None,2011-09-10 11:25:52,29.0,2012-01-29 16:28:22,IMPEXP_PKG.EXPORT_ITEMTEMPLATE02,11,PL/SQL,EXPORT ITTEMP02,None,EXPORT ITEM TEMPLATE02,41,None,None,181,3,Y,P_NOTIFGROUP,NOTIFICATION GROUP,CHAR,None,NONE,None,None,None
148,N,API,None,1,None,2011-09-10 11:25:52,29.0,2012-01-29 16:28:22,IMPEXP_PKG.EXPORT_ITEMTEMPLATE02,11,PL/SQL,EXPORT ITTEMP02,None,EXPORT ITEM TEMPLATE02,41,None,None,182,4,Y,P_FORWHOM,FOR WHOM,CHAR,None,AAF001,None,None,None
149,N,API,None,1,None,2011-09-10 11:25:52,29.0,2012-01-29 16:28:22,IMPEXP_PKG.EXPORT_ITEMTEMPLATE02,11,PL/SQL,EXPORT ITTEMP02,None,EXPORT ITEM TEMPLATE02,41,None,None,183,5,Y,P_HINT,HINT,CHAR,None,NONE,None,None,None
150,N,API,None,1,None,2011-09-10 11:25:52,29.0,2012-01-29 16:28:22,IMPEXP_PKG.EXPORT_ITEMTEMPLATE02,11,PL/SQL,EXPORT ITTEMP02,None,EXPORT ITEM TEMPLATE02,41,None,None,184,6,Y,P_MULTIGROUP,MULTIGROUP,CHAR,None,N,None,None,None
151,N,API,None,1,None,2011-09-10 11:25:52,29.0,2012-01-29 16:28:22,IMPEXP_PKG.EXPORT_ITEMTEMPLATE02,11,PL/SQL,EXPORT ITTEMP02,None,EXPORT ITEM TEMPLATE02,41,None,None,185,7,Y,P_INSTOCKONLY,INSTOCKONLY,CHAR,None,N,None,None,None
152,N,API,None,1,None,2011-12-31 12:44:16,29.0,2012-01-29 16:28:22,IMPEXP_PKG.EXPORT_ITEMTEMPLATE03,11,PL/SQL,EXPORT ITTEMP 113516,None,EXPORT ITEM TEMPLATE03,47,None,None,209,1,Y,P_FILENAME,FILE NAME,CHAR,None,PRODUCT02.CSV,None,None,None
153,N,API,None,1,None,2011-12-31 12:44:16,29.0,2012-01-29 16:28:22,IMPEXP_PKG.EXPORT_ITEMTEMPLATE03,11,PL/SQL,EXPORT ITTEMP 113516,None,EXPORT ITEM TEMPLATE03,47,None,None,210,2,Y,P_DELIMITER,DELIMITER,CHAR,None,",",None,None,None
154,N,API,None,1,None,2011-12-31 12:44:16,29.0,2012-01-29 16:28:22,IMPEXP_PKG.EXPORT_ITEMTEMPLATE03,11,PL/SQL,EXPORT ITTEMP 113516,None,EXPORT ITEM TEMPLATE03,47,None,None,211,3,Y,P_NOTIFGROUP,NOTIFICATION GROUP,CHAR,None,NONE,None,None,None
155,N,API,None,1,None,2011-12-31 12:44:16,29.0,2012-01-29 16:28:22,IMPEXP_PKG.EXPORT_ITEMTEMPLATE03,11,PL/SQL,EXPORT ITTEMP 113516,None,EXPORT ITEM TEMPLATE03,47,None,None,212,4,Y,P_FORWHOM,FOR WHOM,CHAR,None,Z0063,None,None,None
156,N,API,None,1,None,2011-12-31 12:44:16,29.0,2012-01-29 16:28:22,IMPEXP_PKG.EXPORT_ITEMTEMPLATE03,11,PL/SQL,EXPORT ITTEMP 113516,None,EXPORT ITEM TEMPLATE03,47,None,None,213,5,Y,P_HINT,HINT,CHAR,None,ALL,None,None,None
157,N,API,None,1,None,2011-12-31 12:44:16,29.0,2012-01-29 16:28:22,IMPEXP_PKG.EXPORT_ITEMTEMPLATE03,11,PL/SQL,EXPORT ITTEMP 113516,None,EXPORT ITEM TEMPLATE03,47,None,None,214,6,Y,P_MULTIGROUP,MULTIGROUP,CHAR,None,N,None,None,None
158,N,API,None,1,None,2011-12-31 12:44:16,29.0,2012-01-29 16:28:22,IMPEXP_PKG.EXPORT_ITEMTEMPLATE03,11,PL/SQL,EXPORT ITTEMP 113516,None,EXPORT ITEM TEMPLATE03,47,None,None,215,7,Y,P_INSTOCKONLY,INSTOCKONLY,CHAR,None,N,None,None,None
159,N,API,None,1,None,2011-12-31 12:44:16,29.0,2012-01-29 16:28:22,IMPEXP_PKG.EXPORT_ITEMTEMPLATE03,11,PL/SQL,EXPORT ITTEMP 113516,None,EXPORT ITEM TEMPLATE03,47,None,None,386,8,Y,P_SUBSTITUTE,SUBSTITUTE,CHAR,None,01,None,None,None
160,N,API,None,1,None,2011-12-31 12:44:16,29.0,2012-01-29 16:28:22,IMPEXP_PKG.EXPORT_ITEMTEMPLATE03,11,PL/SQL,EXPORT ITTEMP 113516,None,EXPORT ITEM TEMPLATE03,47,None,None,387,10,Y,P_INCLUDEBOM,INCLUDEBOM,CHAR,None,Y,None,None,None
161,N,API,None,1,None,2011-12-31 12:44:16,29.0,2012-01-29 16:28:22,IMPEXP_PKG.EXPORT_ITEMTEMPLATE03,11,PL/SQL,EXPORT ITTEMP 113516,None,EXPORT ITEM TEMPLATE03,47,None,None,388,11,Y,P_FILE1,FILE1,CHAR,None,FILE1.CSV,None,None,None
162,N,API,None,1,None,2011-12-31 12:44:16,29.0,2012-01-29 16:28:22,IMPEXP_PKG.EXPORT_ITEMTEMPLATE03,11,PL/SQL,EXPORT ITTEMP 113516,None,EXPORT ITEM TEMPLATE03,47,None,None,389,12,Y,P_FILE1HEADER,FILE1 HEADER,CHAR,None,":SKU,:IMAGE_MAIN",None,None,None
163,N,API,None,1,None,2011-12-31 12:44:16,29.0,2012-01-29 16:28:22,IMPEXP_PKG.EXPORT_ITEMTEMPLATE03,11,PL/SQL,EXPORT ITTEMP 113516,None,EXPORT ITEM TEMPLATE03,47,None,None,390,13,Y,P_FILE1COLUMNS,FILE1 COLUMNS,CHAR,None,"2,+55",None,None,None
164,N,API,None,1,None,2011-12-31 12:44:16,29.0,2012-01-29 16:28:22,IMPEXP_PKG.EXPORT_ITEMTEMPLATE03,11,PL/SQL,EXPORT ITTEMP 113516,None,EXPORT ITEM TEMPLATE03,47,None,None,391,14,Y,P_FILE2,FILE2,CHAR,None,FILE2.CSV,None,None,None
165,N,API,None,1,None,2011-12-31 12:44:16,29.0,2012-01-29 16:28:22,IMPEXP_PKG.EXPORT_ITEMTEMPLATE03,11,PL/SQL,EXPORT ITTEMP 113516,None,EXPORT ITEM TEMPLATE03,47,None,None,392,15,Y,P_FILE2HEADER,FILE2 HEADER,CHAR,None,":SKU,:SOURCE,:SUBSOURCE,:TITLE,:PRICE,:SP5INC,:CALC",None,None,None
166,N,API,None,1,None,2011-12-31 12:44:16,29.0,2012-01-29 16:28:22,IMPEXP_PKG.EXPORT_ITEMTEMPLATE03,11,PL/SQL,EXPORT ITTEMP 113516,None,EXPORT ITEM TEMPLATE03,47,None,None,393,16,Y,P_FILE2COLUMNS,FILE2 COLUMNS,CHAR,None,"2,$AMAZON,$AMUK,-10,,131,~131~*1.20,",None,None,None
167,N,API,None,1,None,2011-12-31 12:44:16,29.0,2012-01-29 16:28:22,IMPEXP_PKG.EXPORT_ITEMTEMPLATE03,11,PL/SQL,EXPORT ITTEMP 113516,None,EXPORT ITEM TEMPLATE03,47,None,None,394,17,Y,P_APPLYSUFILTER,APPLY SU FILTER,NUMBER,None,0,None,None,None
168,N,API,None,1,None,2011-12-31 12:44:16,29.0,2012-01-29 16:28:22,IMPEXP_PKG.EXPORT_ITEMTEMPLATE03,11,PL/SQL,EXPORT ITTEMP 113516,None,EXPORT ITEM TEMPLATE03,47,None,None,395,18,Y,P_STAGE,STAGE,CHAR,None,YES,None,None,None
169,N,API,None,1,None,2011-12-31 12:44:16,29.0,2012-01-29 16:28:22,IMPEXP_PKG.EXPORT_ITEMTEMPLATE03,11,PL/SQL,EXPORT ITTEMP 113516,None,EXPORT ITEM TEMPLATE03,47,None,None,437,19,Y,P_OUTFORMAT,OUTPUT CASE,CHAR,None,INITCAP,None,None,None
170,N,API,None,1,None,2010-09-08 18:19:53,2.0,2011-01-21 12:35:26,IMPEXP_PKG.EXPORT_ITEMTEMPLATE,100,PL/SQL,EXPORT ITEMS,None,EXPORT ITEMS,10,None,None,27,1,Y,P_FILENAME,FILE NAME,CHAR,None,WEBSTOCK.TXT,None,None,None
171,N,API,None,1,None,2010-09-08 18:19:53,2.0,2011-01-21 12:35:26,IMPEXP_PKG.EXPORT_ITEMTEMPLATE,100,PL/SQL,EXPORT ITEMS,None,EXPORT ITEMS,10,None,None,28,2,Y,P_DELIMITER,DELIMITER,CHAR,None,|,None,None,None
172,N,API,None,1,None,2010-09-08 18:19:53,2.0,2011-01-21 12:35:26,IMPEXP_PKG.EXPORT_ITEMTEMPLATE,100,PL/SQL,EXPORT ITEMS,None,EXPORT ITEMS,10,None,None,96,3,Y,P_NOTIFGROUP,NOTIFICATION GROUP,CHAR,None,NONE,None,None,None
173,N,API,None,1,None,2011-06-08 10:22:27,29.0,2012-01-29 16:28:22,IMPEXP_PKG.EXPORT_ITEMTEMPLATE02,11,PL/SQL,EXPORT ITEMS  MTG,None,EXPORT ITEMS MTG,38,None,None,165,1,Y,P_FILENAME,FILE NAME,CHAR,None,MTGSTOCK.TXT,None,None,None
174,N,API,None,1,None,2011-06-08 10:22:27,29.0,2012-01-29 16:28:22,IMPEXP_PKG.EXPORT_ITEMTEMPLATE02,11,PL/SQL,EXPORT ITEMS  MTG,None,EXPORT ITEMS MTG,38,None,None,166,2,Y,P_DELIMITER,DELIMITER,CHAR,None,",",None,None,None
175,N,API,None,1,None,2011-06-08 10:22:27,29.0,2012-01-29 16:28:22,IMPEXP_PKG.EXPORT_ITEMTEMPLATE02,11,PL/SQL,EXPORT ITEMS  MTG,None,EXPORT ITEMS MTG,38,None,None,167,3,Y,P_NOTIFGROUP,NOTIFICATION GROUP,CHAR,None,NONE,None,None,None
176,N,API,None,1,None,2011-06-08 10:22:27,29.0,2012-01-29 16:28:22,IMPEXP_PKG.EXPORT_ITEMTEMPLATE02,11,PL/SQL,EXPORT ITEMS  MTG,None,EXPORT ITEMS MTG,38,None,None,168,4,Y,P_FORWHOM,FOR WHOM,CHAR,None,None,None,None,None
177,N,API,None,1,None,2011-02-20 18:04:10,29.0,2012-01-29 16:28:22,IMPEXP_PKG.EXPORT_ITEMTEMPLATE02,11,PL/SQL,EXPORT ITEMS PINK,None,EXPORT ITEMS PINK,28,None,None,119,1,Y,P_FILENAME,FILE NAME,CHAR,None,WEBSTOCK.TXT,None,None,None
178,N,API,None,1,None,2011-02-20 18:04:10,29.0,2012-01-29 16:28:22,IMPEXP_PKG.EXPORT_ITEMTEMPLATE02,11,PL/SQL,EXPORT ITEMS PINK,None,EXPORT ITEMS PINK,28,None,None,120,2,Y,P_DELIMITER,DELIMITER,CHAR,None,",",None,None,None
179,N,API,None,1,None,2011-02-20 18:04:10,29.0,2012-01-29 16:28:22,IMPEXP_PKG.EXPORT_ITEMTEMPLATE02,11,PL/SQL,EXPORT ITEMS PINK,None,EXPORT ITEMS PINK,28,None,None,121,3,Y,P_NOTIFGROUP,NOTIFICATION GROUP,CHAR,None,NONE,None,None,None
180,N,API,None,1,None,2011-02-20 18:04:10,29.0,2012-01-29 16:28:22,IMPEXP_PKG.EXPORT_ITEMTEMPLATE02,11,PL/SQL,EXPORT ITEMS PINK,None,EXPORT ITEMS PINK,28,None,None,174,4,Y,P_FORWHOM,FOR WHOM,CHAR,None,AAF01,None,None,None
181,N,API,None,1,None,2010-12-14 11:47:31,2.0,2011-01-21 13:46:29,IMPEXP_PKG.EXPORT_VIEWDATA,100,PL/SQL,EXPORT ITEMS ALL,None,EXPORT ITMS ALL,25,None,None,106,1,Y,P_VIEWNAME,VIEW NAME,CHAR,None,INV_ITEMEXPORT_V,None,None,None
182,N,API,None,1,None,2010-12-14 11:47:31,2.0,2011-01-21 13:46:29,IMPEXP_PKG.EXPORT_VIEWDATA,100,PL/SQL,EXPORT ITEMS ALL,None,EXPORT ITMS ALL,25,None,None,107,2,Y,P_FILENAME,FILE NAME,CHAR,None,ITEMS.TXT,None,None,None
183,N,API,None,1,None,2010-12-14 11:47:31,2.0,2011-01-21 13:46:29,IMPEXP_PKG.EXPORT_VIEWDATA,100,PL/SQL,EXPORT ITEMS ALL,None,EXPORT ITMS ALL,25,None,None,108,3,Y,P_CALLCODE,CALL CODE,NUMBER,None,1,None,None,None
184,N,API,None,1,None,2010-12-14 11:47:31,2.0,2011-01-21 13:46:29,IMPEXP_PKG.EXPORT_VIEWDATA,100,PL/SQL,EXPORT ITEMS ALL,None,EXPORT ITMS ALL,25,None,None,109,4,Y,P_DELIMITER,DELIMITER,CHAR,None,|,None,None,None
185,N,API,None,1,None,2010-12-14 11:47:31,2.0,2011-01-21 13:46:29,IMPEXP_PKG.EXPORT_VIEWDATA,100,PL/SQL,EXPORT ITEMS ALL,None,EXPORT ITMS ALL,25,None,None,110,5,Y,P_NOTIFGROUP,NOTIFICATION GROUP,CHAR,None,NONE,None,None,None
186,N,API,None,1,None,2010-12-14 11:47:31,2.0,2011-01-21 13:46:29,IMPEXP_PKG.EXPORT_VIEWDATA,100,PL/SQL,EXPORT ITEMS ALL,None,EXPORT ITMS ALL,25,None,None,269,6,Y,P_HINT,HINT,CHAR,None,ALL,None,None,None
187,Y,API,None,1,None,2010-10-07 14:04:14,2.0,2011-01-21 12:34:34,IMPEXP_PKG.EXPORT_VIEWDATA,5,PL/SQL,EXPORT MANF,None,EXPORT MANUFACTURERS,15,None,None,43,1,Y,P_VIEWNAME,VIEW NAME,CHAR,None,EXP_MANUFACTURERES_V,None,None,None
188,Y,API,None,1,None,2010-10-07 14:04:14,2.0,2011-01-21 12:34:34,IMPEXP_PKG.EXPORT_VIEWDATA,5,PL/SQL,EXPORT MANF,None,EXPORT MANUFACTURERS,15,None,None,44,2,Y,P_FILENAME,FILE NAME,CHAR,None,MANUFACTURERES.TXT,None,None,None
189,Y,API,None,1,None,2010-10-07 14:04:14,2.0,2011-01-21 12:34:34,IMPEXP_PKG.EXPORT_VIEWDATA,5,PL/SQL,EXPORT MANF,None,EXPORT MANUFACTURERS,15,None,None,45,3,Y,P_CALLCODE,CALL CODE,NUMBER,None,0,None,None,None
190,Y,API,None,1,None,2010-10-07 14:04:14,2.0,2011-01-21 12:34:34,IMPEXP_PKG.EXPORT_VIEWDATA,5,PL/SQL,EXPORT MANF,None,EXPORT MANUFACTURERS,15,None,None,46,4,Y,P_DELIMITER,DELIMITER,CHAR,None,|,None,None,None
191,Y,API,None,1,None,2010-10-07 14:04:14,2.0,2011-01-21 12:34:34,IMPEXP_PKG.EXPORT_VIEWDATA,5,PL/SQL,EXPORT MANF,None,EXPORT MANUFACTURERS,15,None,None,89,5,Y,P_NOTIFGROUP,NOTIFICATION GROUP,CHAR,None,NONE,None,None,None
192,Y,API,None,1,None,2010-10-07 14:04:14,2.0,2011-01-21 12:34:34,IMPEXP_PKG.EXPORT_VIEWDATA,5,PL/SQL,EXPORT MANF,None,EXPORT MANUFACTURERS,15,None,None,276,6,Y,P_HINT,HINT,CHAR,None,ALL,None,None,None
193,Y,API,None,1,None,2011-12-31 12:44:16,nan,2011-12-31 12:44:16,IMPEXP_PKG.EXPORT_VIEWDATA,3,PL/SQL,EXPORT PB TEXT,None,EXPORT PB TEXT,52,None,None,236,1,Y,P_VIEWNAME,VIEW NAME,CHAR,None,EXP_ITEMPBTEXT_V,None,None,None
194,Y,API,None,1,None,2011-12-31 12:44:16,nan,2011-12-31 12:44:16,IMPEXP_PKG.EXPORT_VIEWDATA,3,PL/SQL,EXPORT PB TEXT,None,EXPORT PB TEXT,52,None,None,237,2,Y,P_FILENAME,FILE NAME,CHAR,None,ITEMPBTEXT.TXT,None,None,None
195,Y,API,None,1,None,2011-12-31 12:44:16,nan,2011-12-31 12:44:16,IMPEXP_PKG.EXPORT_VIEWDATA,3,PL/SQL,EXPORT PB TEXT,None,EXPORT PB TEXT,52,None,None,238,3,Y,P_CALLCODE,CALL CODE,CHAR,None,0,None,None,None
196,Y,API,None,1,None,2011-12-31 12:44:16,nan,2011-12-31 12:44:16,IMPEXP_PKG.EXPORT_VIEWDATA,3,PL/SQL,EXPORT PB TEXT,None,EXPORT PB TEXT,52,None,None,239,4,Y,P_DELIMITER,DELIMTER,CHAR,None,|,None,None,None
197,Y,API,None,1,None,2011-12-31 12:44:16,nan,2011-12-31 12:44:16,IMPEXP_PKG.EXPORT_VIEWDATA,3,PL/SQL,EXPORT PB TEXT,None,EXPORT PB TEXT,52,None,None,240,5,Y,P_NOTIFGROUP,NOTIFCATION GROUP,CHAR,None,NONE,None,None,None
198,Y,API,None,1,None,2011-12-31 12:44:16,nan,2011-12-31 12:44:16,IMPEXP_PKG.EXPORT_VIEWDATA,3,PL/SQL,EXPORT PB TEXT,None,EXPORT PB TEXT,52,None,None,263,6,Y,P_HINT,HINT,CHAR,None,ALL,None,None,None
199,Y,API,None,1,None,2011-05-17 18:44:44,nan,2011-05-17 18:44:44,IMPEXP_PKG.EXPORT_VIEWDATA,3,PL/SQL,EXPORT PRICE BREAK,None,EXPORT PRICE BREAK,36,None,None,154,1,Y,P_VIEWNAME,VIEW NAME,CHAR,None,EXP_ITEMPRICEBREAK_V,None,None,None
200,Y,API,None,1,None,2011-05-17 18:44:44,nan,2011-05-17 18:44:44,IMPEXP_PKG.EXPORT_VIEWDATA,3,PL/SQL,EXPORT PRICE BREAK,None,EXPORT PRICE BREAK,36,None,None,155,2,Y,P_FILENAME,FILE NAME,CHAR,None,PRICEBREAK.TXT,None,None,None
201,Y,API,None,1,None,2011-05-17 18:44:44,nan,2011-05-17 18:44:44,IMPEXP_PKG.EXPORT_VIEWDATA,3,PL/SQL,EXPORT PRICE BREAK,None,EXPORT PRICE BREAK,36,None,None,156,3,Y,P_CALLCODE,CALL CODE,CHAR,None,0,None,None,None
202,Y,API,None,1,None,2011-05-17 18:44:44,nan,2011-05-17 18:44:44,IMPEXP_PKG.EXPORT_VIEWDATA,3,PL/SQL,EXPORT PRICE BREAK,None,EXPORT PRICE BREAK,36,None,None,157,4,Y,P_DELIMITER,DELIMTER,CHAR,None,|,None,None,None
203,Y,API,None,1,None,2011-05-17 18:44:44,nan,2011-05-17 18:44:44,IMPEXP_PKG.EXPORT_VIEWDATA,3,PL/SQL,EXPORT PRICE BREAK,None,EXPORT PRICE BREAK,36,None,None,158,5,Y,P_NOTIFGROUP,NOTIFCATION GROUP,CHAR,None,NONE,None,None,None
204,Y,API,None,1,None,2011-05-17 18:44:44,nan,2011-05-17 18:44:44,IMPEXP_PKG.EXPORT_VIEWDATA,3,PL/SQL,EXPORT PRICE BREAK,None,EXPORT PRICE BREAK,36,None,None,267,6,Y,P_HINT,HINT,CHAR,None,ALL,None,None,None
205,Y,API,None,1,None,2011-05-17 18:44:44,nan,2011-05-17 18:44:44,IMPEXP_PKG.EXPORT_VIEWDATA,14,PL/SQL,EXPORT PRICE TYPES,None,EXPORT PRICE TYPES,35,None,None,149,1,Y,P_VIEWNAME,VIEW NAME,CHAR,None,EXP_PRICETYPES_V,None,None,None
206,Y,API,None,1,None,2011-05-17 18:44:44,nan,2011-05-17 18:44:44,IMPEXP_PKG.EXPORT_VIEWDATA,14,PL/SQL,EXPORT PRICE TYPES,None,EXPORT PRICE TYPES,35,None,None,150,2,Y,P_FILENAME,FILE NAME,CHAR,None,PRICETYPES.TXT,None,None,None
207,Y,API,None,1,None,2011-05-17 18:44:44,nan,2011-05-17 18:44:44,IMPEXP_PKG.EXPORT_VIEWDATA,14,PL/SQL,EXPORT PRICE TYPES,None,EXPORT PRICE TYPES,35,None,None,151,3,Y,P_CALLCODE,CALL CODE,NUMBER,None,0,None,None,None
208,Y,API,None,1,None,2011-05-17 18:44:44,nan,2011-05-17 18:44:44,IMPEXP_PKG.EXPORT_VIEWDATA,14,PL/SQL,EXPORT PRICE TYPES,None,EXPORT PRICE TYPES,35,None,None,152,4,Y,P_DELIMITER,DELIMITER,CHAR,None,|,None,None,None
209,Y,API,None,1,None,2011-05-17 18:44:44,nan,2011-05-17 18:44:44,IMPEXP_PKG.EXPORT_VIEWDATA,14,PL/SQL,EXPORT PRICE TYPES,None,EXPORT PRICE TYPES,35,None,None,153,5,Y,P_NOTIFGROUP,NOTIFICATION GROUP,CHAR,None,NONE,None,None,None
210,Y,API,None,1,None,2011-05-17 18:44:44,nan,2011-05-17 18:44:44,IMPEXP_PKG.EXPORT_VIEWDATA,14,PL/SQL,EXPORT PRICE TYPES,None,EXPORT PRICE TYPES,35,None,None,266,6,Y,P_HINT,HINT,CHAR,None,ALL,None,None,None
211,N,API,None,1,None,2011-12-31 12:44:16,29.0,2012-01-29 16:28:22,IMPEXP_PKG.EXPORT_QTYINSTOCK,10,PL/SQL,EXPSTOCKTOAMA 154951,None,EXPORT QTY IN STOCK TO  154951,44,None,None,193,1,Y,P_FORWHOM,IDENTIFIER,CHAR,None,AAF001,None,None,None
212,N,API,None,1,None,2011-12-31 12:44:16,29.0,2012-01-29 16:28:22,IMPEXP_PKG.EXPORT_QTYINSTOCK,10,PL/SQL,EXPSTOCKTOAMA 154951,None,EXPORT QTY IN STOCK TO  154951,44,None,None,194,2,Y,P_FILENAME,FILENAME,CHAR,None,MOR_AMAZON_QTY.TXT,None,None,None
213,N,API,None,1,None,2011-12-31 12:44:16,29.0,2012-01-29 16:28:22,IMPEXP_PKG.EXPORT_QTYINSTOCK,10,PL/SQL,EXPSTOCKTOAMA 154951,None,EXPORT QTY IN STOCK TO  154951,44,None,None,195,3,Y,P_NOTIFGROUP,NOTIFICATION GROUP,CHAR,None,NONE,None,None,None
214,N,API,None,1,None,2011-12-31 12:44:16,29.0,2012-01-29 16:28:22,IMPEXP_PKG.EXPORT_QTYINSTOCK,10,PL/SQL,EXPSTOCKTOAMA 154951,None,EXPORT QTY IN STOCK TO  154951,44,None,None,196,4,Y,P_HINT,HINT,CHAR,None,INCREMENTAL,None,None,None
215,N,API,None,1,None,2011-12-31 12:44:16,29.0,2012-01-29 16:28:22,IMPEXP_PKG.EXPORT_QTYINSTOCK,10,PL/SQL,EXPSTOCKTOAMA 154951,None,EXPORT QTY IN STOCK TO  154951,44,None,None,385,5,Y,P_DELIMITER,DELIMITER,CHAR,None,",",None,None,None
216,N,API,None,1,None,2010-09-08 18:19:53,2.0,2011-01-21 12:33:32,IMPEXP_PKG.EXPORT_QTYINSTOCK,99,PL/SQL,EXPSTOCKTOAMAZON,None,EXPORT QTY IN STOCK TO AMAZON,11,None,None,29,1,Y,P_FORWHOM,IDENTIFIER,CHAR,None,AMAZON,None,None,None
217,N,API,None,1,None,2010-09-08 18:19:53,2.0,2011-01-21 12:33:32,IMPEXP_PKG.EXPORT_QTYINSTOCK,99,PL/SQL,EXPSTOCKTOAMAZON,None,EXPORT QTY IN STOCK TO AMAZON,11,None,None,30,2,Y,P_FILENAME,FILENAME,CHAR,None,MOR_AMAZON_QTY.TXT,None,None,None
218,N,API,None,1,None,2010-09-08 18:19:53,2.0,2011-01-21 12:33:32,IMPEXP_PKG.EXPORT_QTYINSTOCK,99,PL/SQL,EXPSTOCKTOAMAZON,None,EXPORT QTY IN STOCK TO AMAZON,11,None,None,97,3,Y,P_NOTIFGROUP,NOTIFICATION GROUP,CHAR,None,NONE,None,None,None
219,N,API,None,1,None,2010-09-08 18:19:53,2.0,2011-01-21 12:33:32,IMPEXP_PKG.EXPORT_QTYINSTOCK,99,PL/SQL,EXPSTOCKTOAMAZON,None,EXPORT QTY IN STOCK TO AMAZON,11,None,None,140,4,Y,P_HINT,HINT,CHAR,None,INCREMENTAL,None,None,None
220,Y,API,None,1,None,2011-03-22 20:18:45,7.0,2012-02-21 17:14:16,IMPEXP_PKG.EXPORT_VIEWDATA,5,PL/SQL,EXPORT SAGE CUSTOMER,None,EXPORT SAGE CUSTOMERS,31,None,None,132,1,Y,P_VIEWNAME,VIEW NAME,CHAR,None,SAGE_CUSTOMERS_V,None,None,None
221,Y,API,None,1,None,2011-03-22 20:18:45,7.0,2012-02-21 17:14:16,IMPEXP_PKG.EXPORT_VIEWDATA,5,PL/SQL,EXPORT SAGE CUSTOMER,None,EXPORT SAGE CUSTOMERS,31,None,None,133,2,Y,P_FILENAME,FILE NAME,CHAR,None,SAGECUST_$DATE$.CSV,None,None,None
222,Y,API,None,1,None,2011-03-22 20:18:45,7.0,2012-02-21 17:14:16,IMPEXP_PKG.EXPORT_VIEWDATA,5,PL/SQL,EXPORT SAGE CUSTOMER,None,EXPORT SAGE CUSTOMERS,31,None,None,134,3,Y,P_CALLCODE,CALL CODE,NUMBER,None,0,None,None,None
223,Y,API,None,1,None,2011-03-22 20:18:45,7.0,2012-02-21 17:14:16,IMPEXP_PKG.EXPORT_VIEWDATA,5,PL/SQL,EXPORT SAGE CUSTOMER,None,EXPORT SAGE CUSTOMERS,31,None,None,135,4,Y,P_DELIMITER,DELIMITER,CHAR,None,",",None,None,None
224,Y,API,None,1,None,2011-03-22 20:18:45,7.0,2012-02-21 17:14:16,IMPEXP_PKG.EXPORT_VIEWDATA,5,PL/SQL,EXPORT SAGE CUSTOMER,None,EXPORT SAGE CUSTOMERS,31,None,None,136,5,Y,P_NOTIFGROUP,NOTIFICATION GROUP,CHAR,None,NONE,None,None,None
225,Y,API,None,1,None,2011-03-22 20:18:45,7.0,2012-02-21 17:14:16,IMPEXP_PKG.EXPORT_VIEWDATA,5,PL/SQL,EXPORT SAGE CUSTOMER,None,EXPORT SAGE CUSTOMERS,31,None,None,139,6,Y,P_HINT,HINT,CHAR,None,INCREMENTAL,None,None,None
226,Y,API,None,1,None,2011-03-22 20:18:45,7.0,2012-02-21 17:14:16,IMPEXP_PKG.EXPORT_VIEWDATA,5,PL/SQL,EXPORT SAGE SUPPLIER,None,EXPORT SAGE SUPPLIERS,30,None,None,127,1,Y,P_VIEWNAME,VIEW NAME,CHAR,None,SAGE_SUPPLIERS_V,None,None,None
227,Y,API,None,1,None,2011-03-22 20:18:45,7.0,2012-02-21 17:14:16,IMPEXP_PKG.EXPORT_VIEWDATA,5,PL/SQL,EXPORT SAGE SUPPLIER,None,EXPORT SAGE SUPPLIERS,30,None,None,128,2,Y,P_FILENAME,FILE NAME,CHAR,None,SAGESUPP_$DATE$.CSV,None,None,None
228,Y,API,None,1,None,2011-03-22 20:18:45,7.0,2012-02-21 17:14:16,IMPEXP_PKG.EXPORT_VIEWDATA,5,PL/SQL,EXPORT SAGE SUPPLIER,None,EXPORT SAGE SUPPLIERS,30,None,None,129,3,Y,P_CALLCODE,CALL CODE,NUMBER,None,0,None,None,None
229,Y,API,None,1,None,2011-03-22 20:18:45,7.0,2012-02-21 17:14:16,IMPEXP_PKG.EXPORT_VIEWDATA,5,PL/SQL,EXPORT SAGE SUPPLIER,None,EXPORT SAGE SUPPLIERS,30,None,None,130,4,Y,P_DELIMITER,DELIMITER,CHAR,None,",",None,None,None
230,Y,API,None,1,None,2011-03-22 20:18:45,7.0,2012-02-21 17:14:16,IMPEXP_PKG.EXPORT_VIEWDATA,5,PL/SQL,EXPORT SAGE SUPPLIER,None,EXPORT SAGE SUPPLIERS,30,None,None,131,5,Y,P_NOTIFGROUP,NOTIFICATION GROUP,CHAR,None,NONE,None,None,None
231,Y,API,None,1,None,2011-03-22 20:18:45,7.0,2012-02-21 17:14:16,IMPEXP_PKG.EXPORT_VIEWDATA,5,PL/SQL,EXPORT SAGE SUPPLIER,None,EXPORT SAGE SUPPLIERS,30,None,None,138,6,Y,P_HINT,HINT,CHAR,None,INCREMENTAL,None,None,None
232,Y,API,None,1,None,2011-03-22 20:18:45,7.0,2012-02-21 17:14:16,IMPEXP_PKG.EXPORT_SAGETRANS,5,PL/SQL,EXPORT SAGE TRANS,None,EXPORT SAGE TRANSACTIONS,29,None,None,122,1,Y,P_TRANSTYPE,TRANSTYPE,CHAR,None,ALL,None,None,None
233,Y,API,None,1,None,2011-03-22 20:18:45,7.0,2012-02-21 17:14:16,IMPEXP_PKG.EXPORT_SAGETRANS,5,PL/SQL,EXPORT SAGE TRANS,None,EXPORT SAGE TRANSACTIONS,29,None,None,123,2,Y,P_DATECRITERIA,DATECRITERIA,CHAR,None,TODAY,None,None,None
234,Y,API,None,1,None,2011-03-22 20:18:45,7.0,2012-02-21 17:14:16,IMPEXP_PKG.EXPORT_SAGETRANS,5,PL/SQL,EXPORT SAGE TRANS,None,EXPORT SAGE TRANSACTIONS,29,None,None,124,3,Y,P_FILENAME,FILENAME,CHAR,None,SAGETRANS_$DATE$.CSV,None,None,None
235,Y,API,None,1,None,2011-03-22 20:18:45,7.0,2012-02-21 17:14:16,IMPEXP_PKG.EXPORT_SAGETRANS,5,PL/SQL,EXPORT SAGE TRANS,None,EXPORT SAGE TRANSACTIONS,29,None,None,125,4,Y,P_DELIMITER,DELIMITER,CHAR,None,",",None,None,None
236,Y,API,None,1,None,2011-03-22 20:18:45,7.0,2012-02-21 17:14:16,IMPEXP_PKG.EXPORT_SAGETRANS,5,PL/SQL,EXPORT SAGE TRANS,None,EXPORT SAGE TRANSACTIONS,29,None,None,126,5,Y,P_NOTIFGROUP,NOTIFICATION GROUP,CHAR,None,NONE,None,None,None
237,Y,API,None,1,None,2010-10-07 14:04:14,2.0,2011-01-21 12:35:26,IMPEXP_PKG.EXPORT_VIEWDATA,11,PL/SQL,EXPORT SALES UNITS,None,EXPORT SALES UNITS,21,None,None,67,1,Y,P_VIEWNAME,VIEW NAME,CHAR,None,EXP_ITEMSALESUNITS_V,None,None,None
238,Y,API,None,1,None,2010-10-07 14:04:14,2.0,2011-01-21 12:35:26,IMPEXP_PKG.EXPORT_VIEWDATA,11,PL/SQL,EXPORT SALES UNITS,None,EXPORT SALES UNITS,21,None,None,68,2,Y,P_FILENAME,FILE NAME,CHAR,None,SALESUNITS.TXT,None,None,None
239,Y,API,None,1,None,2010-10-07 14:04:14,2.0,2011-01-21 12:35:26,IMPEXP_PKG.EXPORT_VIEWDATA,11,PL/SQL,EXPORT SALES UNITS,None,EXPORT SALES UNITS,21,None,None,69,3,Y,P_CALLCODE,CALL CODE,CHAR,None,0,None,None,None
240,Y,API,None,1,None,2010-10-07 14:04:14,2.0,2011-01-21 12:35:26,IMPEXP_PKG.EXPORT_VIEWDATA,11,PL/SQL,EXPORT SALES UNITS,None,EXPORT SALES UNITS,21,None,None,70,4,Y,P_DELIMITER,DELIMTER,CHAR,None,|,None,None,None
241,Y,API,None,1,None,2010-10-07 14:04:14,2.0,2011-01-21 12:35:26,IMPEXP_PKG.EXPORT_VIEWDATA,11,PL/SQL,EXPORT SALES UNITS,None,EXPORT SALES UNITS,21,None,None,90,5,Y,P_NOTIFGROUP,NOTIFIACATION GROUP,CHAR,None,NONE,None,None,None
242,Y,API,None,1,None,2010-10-07 14:04:14,2.0,2011-01-21 12:35:26,IMPEXP_PKG.EXPORT_VIEWDATA,11,PL/SQL,EXPORT SALES UNITS,None,EXPORT SALES UNITS,21,None,None,277,6,Y,P_HINT,HINT,CHAR,None,ALL,None,None,None
243,Y,API,None,1,None,2010-10-07 14:04:14,2.0,2011-01-21 12:34:34,IMPEXP_PKG.EXPORT_VIEWDATA,6,PL/SQL,EXPORT SEASONS,None,EXPORT SEASONS,14,None,None,39,1,Y,P_VIEWNAME,VIEW NAME,CHAR,None,EXP_SEASONS_V,None,None,None
244,Y,API,None,1,None,2010-10-07 14:04:14,2.0,2011-01-21 12:34:34,IMPEXP_PKG.EXPORT_VIEWDATA,6,PL/SQL,EXPORT SEASONS,None,EXPORT SEASONS,14,None,None,40,2,Y,P_FILENAME,FILE NAME,CHAR,None,SEASONS.TXT,None,None,None
245,Y,API,None,1,None,2010-10-07 14:04:14,2.0,2011-01-21 12:34:34,IMPEXP_PKG.EXPORT_VIEWDATA,6,PL/SQL,EXPORT SEASONS,None,EXPORT SEASONS,14,None,None,41,3,Y,P_CALLCODE,CALL CODE,NUMBER,None,0,None,None,None
246,Y,API,None,1,None,2010-10-07 14:04:14,2.0,2011-01-21 12:34:34,IMPEXP_PKG.EXPORT_VIEWDATA,6,PL/SQL,EXPORT SEASONS,None,EXPORT SEASONS,14,None,None,42,4,Y,P_DELIMITER,DELIMITER,CHAR,None,|,None,None,None
247,Y,API,None,1,None,2010-10-07 14:04:14,2.0,2011-01-21 12:34:34,IMPEXP_PKG.EXPORT_VIEWDATA,6,PL/SQL,EXPORT SEASONS,None,EXPORT SEASONS,14,None,None,91,5,Y,P_NOTIFGROUP,NOTIFICATION GROUP,CHAR,None,NONE,None,None,None
248,Y,API,None,1,None,2010-10-07 14:04:14,2.0,2011-01-21 12:34:34,IMPEXP_PKG.EXPORT_VIEWDATA,6,PL/SQL,EXPORT SEASONS,None,EXPORT SEASONS,14,None,None,278,6,Y,P_HINT,HINT,CHAR,None,ALL,None,None,None
249,Y,API,None,1,None,2010-10-07 14:04:14,29.0,2012-04-20 09:59:02,IMPEXP_PKG.EXPORT_VIEWDATA,99,PL/SQL,EXPORT SIMILAR ITEMS,None,EXPORT SIMILAR ITEMS,18,None,None,55,1,Y,P_VIEWNAME,VIEW NAME,CHAR,None, EXP_SIMILARITEMS1_V,None,None,None
250,Y,API,None,1,None,2010-10-07 14:04:14,29.0,2012-04-20 09:59:02,IMPEXP_PKG.EXPORT_VIEWDATA,99,PL/SQL,EXPORT SIMILAR ITEMS,None,EXPORT SIMILAR ITEMS,18,None,None,56,2,Y,P_FILENAME,FILE NAME,CHAR,None,LINKEDITEMS.TXT,None,None,None
251,Y,API,None,1,None,2010-10-07 14:04:14,29.0,2012-04-20 09:59:02,IMPEXP_PKG.EXPORT_VIEWDATA,99,PL/SQL,EXPORT SIMILAR ITEMS,None,EXPORT SIMILAR ITEMS,18,None,None,57,3,Y,P_CALLCODE,CALL CODE,CHAR,None,0,None,None,None
252,Y,API,None,1,None,2010-10-07 14:04:14,29.0,2012-04-20 09:59:02,IMPEXP_PKG.EXPORT_VIEWDATA,99,PL/SQL,EXPORT SIMILAR ITEMS,None,EXPORT SIMILAR ITEMS,18,None,None,58,4,Y,P_DELIMITER,DELIMTER,CHAR,None,|,None,None,None
253,Y,API,None,1,None,2010-10-07 14:04:14,29.0,2012-04-20 09:59:02,IMPEXP_PKG.EXPORT_VIEWDATA,99,PL/SQL,EXPORT SIMILAR ITEMS,None,EXPORT SIMILAR ITEMS,18,None,None,92,5,Y,P_NOTIFGROUP,NOTIFICATION GROUP,CHAR,None,NONE,None,None,None
254,Y,API,None,1,None,2010-10-07 14:04:14,29.0,2012-04-20 09:59:02,IMPEXP_PKG.EXPORT_VIEWDATA,99,PL/SQL,EXPORT SIMILAR ITEMS,None,EXPORT SIMILAR ITEMS,18,None,None,279,6,Y,P_HINT,HINT,CHAR,None,ALL,None,None,None
255,Y,API,None,1,None,2010-08-26 19:11:28,2.0,2011-01-21 12:34:34,IMPEXP_PKG.EXPORT_VIEWDATA,7,PL/SQL,EXPSUBCATEGORY,None,EXPORT SUB CATEGORIES,2,None,None,2,1,Y,P_VIEWNAME,VIEW NAME,CHAR,None,EXP_SUBCATEGORIES_V,None,None,None
256,Y,API,None,1,None,2010-08-26 19:11:28,2.0,2011-01-21 12:34:34,IMPEXP_PKG.EXPORT_VIEWDATA,7,PL/SQL,EXPSUBCATEGORY,None,EXPORT SUB CATEGORIES,2,None,None,3,2,Y,P_FILENAME,FILE NAME,CHAR,None,SUBCATEGORIES.TXT,None,None,None
257,Y,API,None,1,None,2010-08-26 19:11:28,2.0,2011-01-21 12:34:34,IMPEXP_PKG.EXPORT_VIEWDATA,7,PL/SQL,EXPSUBCATEGORY,None,EXPORT SUB CATEGORIES,2,None,None,4,3,Y,P_CALLCODE,CALL CODE,CHAR,None,1,None,None,None
258,Y,API,None,1,None,2010-08-26 19:11:28,2.0,2011-01-21 12:34:34,IMPEXP_PKG.EXPORT_VIEWDATA,7,PL/SQL,EXPSUBCATEGORY,None,EXPORT SUB CATEGORIES,2,None,None,25,4,Y,P_DELIMITER,DELIMTER,CHAR,None,|,None,None,None
259,Y,API,None,1,None,2010-08-26 19:11:28,2.0,2011-01-21 12:34:34,IMPEXP_PKG.EXPORT_VIEWDATA,7,PL/SQL,EXPSUBCATEGORY,None,EXPORT SUB CATEGORIES,2,None,None,104,5,Y,P_NOTIFGROUP,NOTIFICATION GROUP,CHAR,None,NONE,None,None,None
260,Y,API,None,1,None,2010-08-26 19:11:28,2.0,2011-01-21 12:34:34,IMPEXP_PKG.EXPORT_VIEWDATA,7,PL/SQL,EXPSUBCATEGORY,None,EXPORT SUB CATEGORIES,2,None,None,289,6,Y,P_HINT,HINT,CHAR,None,ALL,None,None,None
261,N,API,None,1,None,2010-10-07 14:04:14,2.0,2011-01-21 12:33:32,IMPEXP_PKG.EXPORT_VIEWDATA,99,PL/SQL,EXPORT SUPPBASE,None,EXPORT SUPPLIERS BASE,12,None,None,31,1,Y,P_VIEWNAME,VIEW NAME,CHAR,None,EXP_SUPPLIERSBASE_V,None,None,None
262,N,API,None,1,None,2010-10-07 14:04:14,2.0,2011-01-21 12:33:32,IMPEXP_PKG.EXPORT_VIEWDATA,99,PL/SQL,EXPORT SUPPBASE,None,EXPORT SUPPLIERS BASE,12,None,None,32,2,Y,P_FILENAME,FILE NAME,CHAR,None,SUPPLIERSBASE.TXT,None,None,None
263,N,API,None,1,None,2010-10-07 14:04:14,2.0,2011-01-21 12:33:32,IMPEXP_PKG.EXPORT_VIEWDATA,99,PL/SQL,EXPORT SUPPBASE,None,EXPORT SUPPLIERS BASE,12,None,None,33,3,Y,P_CALLCODE,CALL CODE,NUMBER,None,0,None,None,None
264,N,API,None,1,None,2010-10-07 14:04:14,2.0,2011-01-21 12:33:32,IMPEXP_PKG.EXPORT_VIEWDATA,99,PL/SQL,EXPORT SUPPBASE,None,EXPORT SUPPLIERS BASE,12,None,None,34,4,Y,P_DELIMITER,DELIMITER,CHAR,None,|,None,None,None
265,N,API,None,1,None,2010-10-07 14:04:14,2.0,2011-01-21 12:33:32,IMPEXP_PKG.EXPORT_VIEWDATA,99,PL/SQL,EXPORT SUPPBASE,None,EXPORT SUPPLIERS BASE,12,None,None,93,5,Y,P_NOTIFGROUP,NOTIFICATION GROUP,CHAR,None,NONE,None,None,None
266,N,API,None,1,None,2010-10-07 14:04:14,2.0,2011-01-21 12:33:32,IMPEXP_PKG.EXPORT_VIEWDATA,99,PL/SQL,EXPORT SUPPBASE,None,EXPORT SUPPLIERS BASE,12,None,None,280,6,Y,P_HINT,HINT,CHAR,None,ALL,None,None,None
267,Y,API,None,1,None,2010-09-03 15:32:10,2.0,2011-01-21 12:33:32,IMPEXP_PKG.EXPORT_VIEWDATA,1,PL/SQL,EXPORT TAX CODES,None,EXPORT TAX CODES,6,None,None,13,1,Y,P_VIEWNAME,VIEW NAME,CHAR,None,EXP_TAXCODES_V,None,None,None
268,Y,API,None,1,None,2010-09-03 15:32:10,2.0,2011-01-21 12:33:32,IMPEXP_PKG.EXPORT_VIEWDATA,1,PL/SQL,EXPORT TAX CODES,None,EXPORT TAX CODES,6,None,None,14,2,Y,P_FILENAME,FILE NAME,CHAR,None,TAXCODES.TXT,None,None,None
269,Y,API,None,1,None,2010-09-03 15:32:10,2.0,2011-01-21 12:33:32,IMPEXP_PKG.EXPORT_VIEWDATA,1,PL/SQL,EXPORT TAX CODES,None,EXPORT TAX CODES,6,None,None,15,3,Y,P_CALLCODE,CALL CODE,NUMBER,None,0,None,None,None
270,Y,API,None,1,None,2010-09-03 15:32:10,2.0,2011-01-21 12:33:32,IMPEXP_PKG.EXPORT_VIEWDATA,1,PL/SQL,EXPORT TAX CODES,None,EXPORT TAX CODES,6,None,None,16,4,Y,P_DELIMITER,DELIMITER,CHAR,None,|,None,None,None
271,Y,API,None,1,None,2010-09-03 15:32:10,2.0,2011-01-21 12:33:32,IMPEXP_PKG.EXPORT_VIEWDATA,1,PL/SQL,EXPORT TAX CODES,None,EXPORT TAX CODES,6,None,None,101,5,Y,P_NOTIFGROUP,NOTIFICATION GROUP,CHAR,None,NONE,None,None,None
272,Y,API,None,1,None,2010-09-03 15:32:10,2.0,2011-01-21 12:33:32,IMPEXP_PKG.EXPORT_VIEWDATA,1,PL/SQL,EXPORT TAX CODES,None,EXPORT TAX CODES,6,None,None,287,6,Y,P_HINT,HINT,CHAR,None,ALL,None,None,None
273,Y,API,None,1,None,2010-10-07 14:04:14,2.0,2011-01-21 12:35:26,IMPEXP_PKG.EXPORT_VIEWDATA,13,PL/SQL,EXPMULTICATEGORY,None,EXPORTMULTI CATEGORIES,17,None,None,51,1,Y,P_VIEWNAME,VIEW NAME,CHAR,None,EXP_ITEMMULTICATEGORIES_V,None,None,None
274,Y,API,None,1,None,2010-10-07 14:04:14,2.0,2011-01-21 12:35:26,IMPEXP_PKG.EXPORT_VIEWDATA,13,PL/SQL,EXPMULTICATEGORY,None,EXPORTMULTI CATEGORIES,17,None,None,52,2,Y,P_FILENAME,FILE NAME,CHAR,None,ITEMMULTICAT.TXT,None,None,None
275,Y,API,None,1,None,2010-10-07 14:04:14,2.0,2011-01-21 12:35:26,IMPEXP_PKG.EXPORT_VIEWDATA,13,PL/SQL,EXPMULTICATEGORY,None,EXPORTMULTI CATEGORIES,17,None,None,53,3,Y,P_CALLCODE,CALL CODE,NUMBER,None,0,None,None,None
276,Y,API,None,1,None,2010-10-07 14:04:14,2.0,2011-01-21 12:35:26,IMPEXP_PKG.EXPORT_VIEWDATA,13,PL/SQL,EXPMULTICATEGORY,None,EXPORTMULTI CATEGORIES,17,None,None,54,4,Y,P_DELIMITER,DELIMITER,CHAR,None,|,None,None,None
277,Y,API,None,1,None,2010-10-07 14:04:14,2.0,2011-01-21 12:35:26,IMPEXP_PKG.EXPORT_VIEWDATA,13,PL/SQL,EXPMULTICATEGORY,None,EXPORTMULTI CATEGORIES,17,None,None,94,5,Y,P_NOTIFGROUP,NOTIFICATION GROUP,CHAR,None,NONE,None,None,None
278,Y,API,None,1,None,2010-10-07 14:04:14,2.0,2011-01-21 12:35:26,IMPEXP_PKG.EXPORT_VIEWDATA,13,PL/SQL,EXPMULTICATEGORY,None,EXPORTMULTI CATEGORIES,17,None,None,281,6,Y,P_HINT,HINT,CHAR,None,ALL,None,None,None
279,N,API,None,1,None,2010-10-07 14:04:14,2.0,2011-01-21 12:33:32,IMPEXP_PKG.EXPORT_VIEWDATA,99,PL/SQL,EXPORT MULTISEASON,None,EXPORTMULTI SEASONS,13,None,None,35,1,Y,P_VIEWNAME,VIEW NAME,CHAR,None,EXP_MULTISEASONS_V,None,None,None
280,N,API,None,1,None,2010-10-07 14:04:14,2.0,2011-01-21 12:33:32,IMPEXP_PKG.EXPORT_VIEWDATA,99,PL/SQL,EXPORT MULTISEASON,None,EXPORTMULTI SEASONS,13,None,None,36,2,Y,P_FILENAME,FILE NAME,CHAR,None,ITEMSEASONS.TXT,None,None,None
281,N,API,None,1,None,2010-10-07 14:04:14,2.0,2011-01-21 12:33:32,IMPEXP_PKG.EXPORT_VIEWDATA,99,PL/SQL,EXPORT MULTISEASON,None,EXPORTMULTI SEASONS,13,None,None,37,3,Y,P_CALLCODE,CALL CODE,NUMBER,None,0,None,None,None
282,N,API,None,1,None,2010-10-07 14:04:14,2.0,2011-01-21 12:33:32,IMPEXP_PKG.EXPORT_VIEWDATA,99,PL/SQL,EXPORT MULTISEASON,None,EXPORTMULTI SEASONS,13,None,None,38,4,Y,P_DELIMITER,DELIMITER,CHAR,None,|,None,None,None
283,N,API,None,1,None,2010-10-07 14:04:14,2.0,2011-01-21 12:33:32,IMPEXP_PKG.EXPORT_VIEWDATA,99,PL/SQL,EXPORT MULTISEASON,None,EXPORTMULTI SEASONS,13,None,None,95,5,Y,P_NOTIFGROUP,NOTIFICATION GROUP,CHAR,None,NONE,None,None,None
284,N,API,None,1,None,2010-10-07 14:04:14,2.0,2011-01-21 12:33:32,IMPEXP_PKG.EXPORT_VIEWDATA,99,PL/SQL,EXPORT MULTISEASON,None,EXPORTMULTI SEASONS,13,None,None,282,6,Y,P_HINT,HINT,CHAR,None,ALL,None,None,None
285,N,API,None,1,None,2010-11-25 22:11:57,2.0,2011-01-21 12:34:34,IMPEXP_PKG.EXPORT_VIEWDATA,99,PL/SQL,EXPORT SIMCATEGORIES,None,EXPORTSIMILAR CATEGORIES,24,None,None,80,1,Y,P_VIEWNAME,VIEW NAME,CHAR,None,EXP_SIMILARCATEGORIES_V,None,None,None
286,N,API,None,1,None,2010-11-25 22:11:57,2.0,2011-01-21 12:34:34,IMPEXP_PKG.EXPORT_VIEWDATA,99,PL/SQL,EXPORT SIMCATEGORIES,None,EXPORTSIMILAR CATEGORIES,24,None,None,81,2,Y,P_FILENAME,FILE NAME,CHAR,None,SIMCATEGORIES.TXT,None,None,None
287,N,API,None,1,None,2010-11-25 22:11:57,2.0,2011-01-21 12:34:34,IMPEXP_PKG.EXPORT_VIEWDATA,99,PL/SQL,EXPORT SIMCATEGORIES,None,EXPORTSIMILAR CATEGORIES,24,None,None,82,3,Y,P_CALLCODE,CALL CODE,NUMBER,None,0,None,None,None
288,N,API,None,1,None,2010-11-25 22:11:57,2.0,2011-01-21 12:34:34,IMPEXP_PKG.EXPORT_VIEWDATA,99,PL/SQL,EXPORT SIMCATEGORIES,None,EXPORTSIMILAR CATEGORIES,24,None,None,83,4,Y,P_DELIMITER,DELIMITER,CHAR,None,|,None,None,None
289,N,API,None,1,None,2010-11-25 22:11:57,2.0,2011-01-21 12:34:34,IMPEXP_PKG.EXPORT_VIEWDATA,99,PL/SQL,EXPORT SIMCATEGORIES,None,EXPORTSIMILAR CATEGORIES,24,None,None,84,5,Y,P_NOTIFGROUP,NOTIFICATION GROUP,CHAR,None,NONE,None,None,None
290,N,API,None,1,None,2010-11-25 22:11:57,2.0,2011-01-21 12:34:34,IMPEXP_PKG.EXPORT_VIEWDATA,99,PL/SQL,EXPORT SIMCATEGORIES,None,EXPORTSIMILAR CATEGORIES,24,None,None,271,6,Y,P_HINT,HINT,CHAR,None,ALL,None,None,None
291,Y,API,None,1,None,2012-02-19 17:19:22,nan,2012-02-19 17:19:22,SCHEDULE_PKG.SALESINVOICE_ACTIVITY,3,PL/SQL,FILE DAILY ARINV,None,FILE DAILY INVOICES,56,None,None,290,1,Y,P_DATEFROM,DATE FROM,DATE,None,TRUNC(SYSDATE),None,None,None
292,Y,API,None,1,None,2012-02-19 17:19:22,nan,2012-02-19 17:19:22,SCHEDULE_PKG.SALESINVOICE_ACTIVITY,3,PL/SQL,FILE DAILY ARINV,None,FILE DAILY INVOICES,56,None,None,291,2,Y,P_DATETO,DATE TO,DATE,None,TRUNC(SYSDATE+1),None,None,None
293,Y,API,None,1,None,2012-02-19 17:19:22,nan,2012-02-19 17:19:22,SCHEDULE_PKG.SALESINVOICE_ACTIVITY,3,PL/SQL,FILE DAILY ARINV,None,FILE DAILY INVOICES,56,None,None,292,3,Y,P_DESTYPE,DESTYPE,CHAR,None,FILE,None,None,None
294,Y,API,None,1,None,2015-10-02 18:51:14,nan,2015-10-02 18:51:14,GL_TRANS_PKG.PUSH_JOURNAL2GL_PUB,12,PL/SQL,GL JOURNAL,None,GL JOURNAL,100,None,None,366,1,Y,P_DATECRITERIA,DATE CRITERIA,CHAR,None,MONTHLY,None,None,None
295,Y,API,None,1,None,2015-10-02 18:51:14,nan,2015-10-02 18:51:14,GL_TRANS_PKG.POP_GLTEMPLATETRANS_PUB,12,PL/SQL,GL POP TEMPLATE,None,GL POP TEMPLATE,99,None,None,365,1,Y,P_DATECRITERIA,DATE CRITERIA,CHAR,None,MONTHLY,None,None,None
296,Y,API,None,1,None,2015-10-02 18:51:14,nan,2015-10-02 18:51:14,GL_TRANS_PKG.PUSH_APINV2GL_PUB,12,PL/SQL,GL PURINV,None,GL PURINV,101,None,None,367,1,Y,P_DATECRITERIA,DATE CRITERIA,CHAR,None,MONTHLY,None,None,None
297,Y,API,None,1,None,2015-10-02 18:51:14,nan,2015-10-02 18:51:14,GL_TRANS_PKG.PUSH_ARINV2GL_PUB,12,PL/SQL,GL SALINV,None,GL SALINV,102,None,None,368,1,Y,P_DATECRITERIA,DATE CRITERIA,CHAR,None,MONTHLY,None,None,None
298,Y,API,None,1,None,2015-10-02 18:51:14,nan,2015-10-02 18:51:14,GL_TRANS_PKG.LOAD_GL_SUMMARY,1,PL/SQL,GLSUMM01,None,GL SUMMARY,103,None,None,369,1,Y,P_DATECRITERIA,DATE CRITERIA,CHAR,None,DAILY,None,None,None
299,N,API,None,1,None,2011-12-31 12:44:16,29.0,2012-01-29 16:28:22,IMPEXP_PKG.EXPORT_ITEMTEMPLATE03,11,PL/SQL,GOOGLE FEED,None,GOOGLE FEED,46,None,None,202,1,Y,P_FILENAME,FILE NAME,CHAR,None,GOOGLE_$DATE$.TXT,None,None,None
300,N,API,None,1,None,2011-12-31 12:44:16,29.0,2012-01-29 16:28:22,IMPEXP_PKG.EXPORT_ITEMTEMPLATE03,11,PL/SQL,GOOGLE FEED,None,GOOGLE FEED,46,None,None,203,2,Y,P_DELIMITER,DELIMITER,CHAR,None,",",None,None,None
301,N,API,None,1,None,2011-12-31 12:44:16,29.0,2012-01-29 16:28:22,IMPEXP_PKG.EXPORT_ITEMTEMPLATE03,11,PL/SQL,GOOGLE FEED,None,GOOGLE FEED,46,None,None,204,3,Y,P_NOTIFGROUP,NOTIFICATION GROUP,CHAR,None,NONE,None,None,None
302,N,API,None,1,None,2011-12-31 12:44:16,29.0,2012-01-29 16:28:22,IMPEXP_PKG.EXPORT_ITEMTEMPLATE03,11,PL/SQL,GOOGLE FEED,None,GOOGLE FEED,46,None,None,205,4,Y,P_FORWHOM,FOR WHOM,CHAR,None,GOOGLE,None,None,None
303,N,API,None,1,None,2011-12-31 12:44:16,29.0,2012-01-29 16:28:22,IMPEXP_PKG.EXPORT_ITEMTEMPLATE03,11,PL/SQL,GOOGLE FEED,None,GOOGLE FEED,46,None,None,206,5,Y,P_HINT,HINT,CHAR,None,ALL,None,None,None
304,N,API,None,1,None,2011-12-31 12:44:16,29.0,2012-01-29 16:28:22,IMPEXP_PKG.EXPORT_ITEMTEMPLATE03,11,PL/SQL,GOOGLE FEED,None,GOOGLE FEED,46,None,None,207,6,Y,P_MULTIGROUP,MULTIGROUP,CHAR,None,N,None,None,None
305,N,API,None,1,None,2011-12-31 12:44:16,29.0,2012-01-29 16:28:22,IMPEXP_PKG.EXPORT_ITEMTEMPLATE03,11,PL/SQL,GOOGLE FEED,None,GOOGLE FEED,46,None,None,208,7,Y,P_INSTOCKONLY,INSTOCKONLY,CHAR,None,N,None,None,None
306,Y,API,None,1,None,2015-10-02 18:51:14,nan,2015-10-02 18:51:14,IMPEXPTRANS_PKG.IMPORT_EXTORDERS,1,PL/SQL,IMPORT OPENORDERS,None,IMPORT OPENORDERS,98,None,None,362,1,Y,P_FILENAME,FILE NAME,CHAR,None,openorders.csv,None,None,None
307,Y,API,None,1,None,2015-10-02 18:51:14,nan,2015-10-02 18:51:14,IMPEXPTRANS_PKG.IMPORT_EXTORDERS,1,PL/SQL,IMPORT OPENORDERS,None,IMPORT OPENORDERS,98,None,None,363,2,Y,P_DELIMITER,DELIMITER,CHAR,None,",",None,None,None
308,Y,API,None,1,None,2015-10-02 18:51:14,nan,2015-10-02 18:51:14,IMPEXPTRANS_PKG.IMPORT_EXTORDERS,1,PL/SQL,IMPORT OPENORDERS,None,IMPORT OPENORDERS,98,None,None,364,3,Y,P_INDIRECTORY,DIRECTORY,CHAR,None,DIR_DROPBOX,None,None,None
309,Y,API,None,1,None,2015-10-02 18:51:14,nan,2015-10-02 18:51:14,IMPEXP_PKG.EXPORT_VIEWDATA,1,PL/SQL,IMPT CATEGORY,None,IMPT CATEGORY,94,None,None,338,1,Y,P_VIEWNAME,VIEW NAME,CHAR,None,EXP_T_SUBCATEGORY_V,None,None,None
310,Y,API,None,1,None,2015-10-02 18:51:14,nan,2015-10-02 18:51:14,IMPEXP_PKG.EXPORT_VIEWDATA,1,PL/SQL,IMPT CATEGORY,None,IMPT CATEGORY,94,None,None,339,2,Y,P_DIRNAME,DIRECTORY,CHAR,None,DIR_INBOUND,None,None,None
311,Y,API,None,1,None,2015-10-02 18:51:14,nan,2015-10-02 18:51:14,IMPEXP_PKG.EXPORT_VIEWDATA,1,PL/SQL,IMPT CATEGORY,None,IMPT CATEGORY,94,None,None,340,3,Y,P_FILENAME,FILE NAME,CHAR,None,imp_sub_categories.csv,None,None,None
312,Y,API,None,1,None,2015-10-02 18:51:14,nan,2015-10-02 18:51:14,IMPEXP_PKG.EXPORT_VIEWDATA,1,PL/SQL,IMPT CATEGORY,None,IMPT CATEGORY,94,None,None,341,4,Y,P_CALLCODE,CALL CODE,CHAR,None,0,None,None,None
313,Y,API,None,1,None,2015-10-02 18:51:14,nan,2015-10-02 18:51:14,IMPEXP_PKG.EXPORT_VIEWDATA,1,PL/SQL,IMPT CATEGORY,None,IMPT CATEGORY,94,None,None,342,5,Y,P_DELIMITER,DELIMTER,CHAR,None,",",None,None,None
314,Y,API,None,1,None,2015-10-02 18:51:14,nan,2015-10-02 18:51:14,IMPEXP_PKG.EXPORT_VIEWDATA,1,PL/SQL,IMPT CATEGORY,None,IMPT CATEGORY,94,None,None,343,6,Y,P_NOTIFGROUP,NOTIFICATION GROUP,CHAR,None,NONE,None,None,None
315,Y,API,None,1,None,2015-10-02 18:51:14,nan,2015-10-02 18:51:14,IMPEXP_PKG.EXPORT_VIEWDATA,1,PL/SQL,IMPT CATEGORY,None,IMPT CATEGORY,94,None,None,344,7,Y,P_HINT,HINT,CHAR,None,ALL,None,None,None
316,Y,API,None,1,None,2015-10-02 18:51:14,nan,2015-10-02 18:51:14,IMPEXP_PKG.EXPORT_VIEWDATA,1,PL/SQL,IMPT GL CODES,None,IMPT GL CODES,92,None,None,324,1,Y,P_VIEWNAME,VIEW NAME,CHAR,None,EXP_T_GLCODES_V,None,None,None
317,Y,API,None,1,None,2015-10-02 18:51:14,nan,2015-10-02 18:51:14,IMPEXP_PKG.EXPORT_VIEWDATA,1,PL/SQL,IMPT GL CODES,None,IMPT GL CODES,92,None,None,325,2,Y,P_DIRNAME,DIRECTORY,CHAR,None,DIR_INBOUND,None,None,None
318,Y,API,None,1,None,2015-10-02 18:51:14,nan,2015-10-02 18:51:14,IMPEXP_PKG.EXPORT_VIEWDATA,1,PL/SQL,IMPT GL CODES,None,IMPT GL CODES,92,None,None,326,3,Y,P_FILENAME,FILE NAME,CHAR,None,imp_glcodes.csv,None,None,None
319,Y,API,None,1,None,2015-10-02 18:51:14,nan,2015-10-02 18:51:14,IMPEXP_PKG.EXPORT_VIEWDATA,1,PL/SQL,IMPT GL CODES,None,IMPT GL CODES,92,None,None,327,4,Y,P_CALLCODE,CALL CODE,CHAR,None,0,None,None,None
320,Y,API,None,1,None,2015-10-02 18:51:14,nan,2015-10-02 18:51:14,IMPEXP_PKG.EXPORT_VIEWDATA,1,PL/SQL,IMPT GL CODES,None,IMPT GL CODES,92,None,None,328,5,Y,P_DELIMITER,DELIMTER,CHAR,None,",",None,None,None
321,Y,API,None,1,None,2015-10-02 18:51:14,nan,2015-10-02 18:51:14,IMPEXP_PKG.EXPORT_VIEWDATA,1,PL/SQL,IMPT GL CODES,None,IMPT GL CODES,92,None,None,329,6,Y,P_NOTIFGROUP,NOTIFICATION GROUP,CHAR,None,NONE,None,None,None
322,Y,API,None,1,None,2015-10-02 18:51:14,nan,2015-10-02 18:51:14,IMPEXP_PKG.EXPORT_VIEWDATA,1,PL/SQL,IMPT GL CODES,None,IMPT GL CODES,92,None,None,330,7,Y,P_HINT,HINT,CHAR,None,ALL,None,None,None
323,Y,API,None,1,None,2015-10-02 18:51:14,nan,2015-10-02 18:51:14,IMPEXP_PKG.EXPORT_VIEWDATA,1,PL/SQL,IMPT MANUFACTURER,None,IMPT MANUFACTURER,91,None,None,317,1,Y,P_VIEWNAME,VIEW NAME,CHAR,None,EXP_T_MANF_V,None,None,None
324,Y,API,None,1,None,2015-10-02 18:51:14,nan,2015-10-02 18:51:14,IMPEXP_PKG.EXPORT_VIEWDATA,1,PL/SQL,IMPT MANUFACTURER,None,IMPT MANUFACTURER,91,None,None,318,2,Y,P_DIRNAME,DIRECTORY,CHAR,None,DIR_INBOUND,None,None,None
325,Y,API,None,1,None,2015-10-02 18:51:14,nan,2015-10-02 18:51:14,IMPEXP_PKG.EXPORT_VIEWDATA,1,PL/SQL,IMPT MANUFACTURER,None,IMPT MANUFACTURER,91,None,None,319,3,Y,P_FILENAME,FILE NAME,CHAR,None,imp_manf.csv,None,None,None
326,Y,API,None,1,None,2015-10-02 18:51:14,nan,2015-10-02 18:51:14,IMPEXP_PKG.EXPORT_VIEWDATA,1,PL/SQL,IMPT MANUFACTURER,None,IMPT MANUFACTURER,91,None,None,320,4,Y,P_CALLCODE,CALL CODE,CHAR,None,0,None,None,None
327,Y,API,None,1,None,2015-10-02 18:51:14,nan,2015-10-02 18:51:14,IMPEXP_PKG.EXPORT_VIEWDATA,1,PL/SQL,IMPT MANUFACTURER,None,IMPT MANUFACTURER,91,None,None,321,5,Y,P_DELIMITER,DELIMTER,CHAR,None,",",None,None,None
328,Y,API,None,1,None,2015-10-02 18:51:14,nan,2015-10-02 18:51:14,IMPEXP_PKG.EXPORT_VIEWDATA,1,PL/SQL,IMPT MANUFACTURER,None,IMPT MANUFACTURER,91,None,None,322,6,Y,P_NOTIFGROUP,NOTIFICATION GROUP,CHAR,None,NONE,None,None,None
329,Y,API,None,1,None,2015-10-02 18:51:14,nan,2015-10-02 18:51:14,IMPEXP_PKG.EXPORT_VIEWDATA,1,PL/SQL,IMPT MANUFACTURER,None,IMPT MANUFACTURER,91,None,None,323,7,Y,P_HINT,HINT,CHAR,None,ALL,None,None,None
330,Y,API,None,1,None,2015-10-02 18:51:14,nan,2015-10-02 18:51:14,IMPEXP_PKG.EXPORT_VIEWDATA,1,PL/SQL,IMPT SUB CATEGORY,None,IMPT SUB CATEGORIES,93,None,None,331,1,Y,P_VIEWNAME,VIEW NAME,CHAR,None,EXP_T_CATEGORY_V,None,None,None
331,Y,API,None,1,None,2015-10-02 18:51:14,nan,2015-10-02 18:51:14,IMPEXP_PKG.EXPORT_VIEWDATA,1,PL/SQL,IMPT SUB CATEGORY,None,IMPT SUB CATEGORIES,93,None,None,332,2,Y,P_DIRNAME,DIRECTORY,CHAR,None,DIR_INBOUND,None,None,None
332,Y,API,None,1,None,2015-10-02 18:51:14,nan,2015-10-02 18:51:14,IMPEXP_PKG.EXPORT_VIEWDATA,1,PL/SQL,IMPT SUB CATEGORY,None,IMPT SUB CATEGORIES,93,None,None,333,3,Y,P_FILENAME,FILE NAME,CHAR,None,imp_categories.csv,None,None,None
333,Y,API,None,1,None,2015-10-02 18:51:14,nan,2015-10-02 18:51:14,IMPEXP_PKG.EXPORT_VIEWDATA,1,PL/SQL,IMPT SUB CATEGORY,None,IMPT SUB CATEGORIES,93,None,None,334,4,Y,P_CALLCODE,CALL CODE,CHAR,None,0,None,None,None
334,Y,API,None,1,None,2015-10-02 18:51:14,nan,2015-10-02 18:51:14,IMPEXP_PKG.EXPORT_VIEWDATA,1,PL/SQL,IMPT SUB CATEGORY,None,IMPT SUB CATEGORIES,93,None,None,335,5,Y,P_DELIMITER,DELIMTER,CHAR,None,",",None,None,None
335,Y,API,None,1,None,2015-10-02 18:51:14,nan,2015-10-02 18:51:14,IMPEXP_PKG.EXPORT_VIEWDATA,1,PL/SQL,IMPT SUB CATEGORY,None,IMPT SUB CATEGORIES,93,None,None,336,6,Y,P_NOTIFGROUP,NOTIFICATION GROUP,CHAR,None,NONE,None,None,None
336,Y,API,None,1,None,2015-10-02 18:51:14,nan,2015-10-02 18:51:14,IMPEXP_PKG.EXPORT_VIEWDATA,1,PL/SQL,IMPT SUB CATEGORY,None,IMPT SUB CATEGORIES,93,None,None,337,7,Y,P_HINT,HINT,CHAR,None,ALL,None,None,None
337,Y,API,None,1,None,2015-10-02 18:51:14,nan,2015-10-02 18:51:14,IMPEXP_PKG.EXPORT_VIEWDATA,1,PL/SQL,IMPT SUPLIER,None,IMPT SUPPLIER,90,None,None,310,1,Y,P_VIEWNAME,VIEW NAME,CHAR,None,EXP_T_SUPPLIER_V,None,None,None
338,Y,API,None,1,None,2015-10-02 18:51:14,nan,2015-10-02 18:51:14,IMPEXP_PKG.EXPORT_VIEWDATA,1,PL/SQL,IMPT SUPLIER,None,IMPT SUPPLIER,90,None,None,311,2,Y,P_DIRNAME,DIRECTORY,CHAR,None,DIR_INBOUND,None,None,None
339,Y,API,None,1,None,2015-10-02 18:51:14,nan,2015-10-02 18:51:14,IMPEXP_PKG.EXPORT_VIEWDATA,1,PL/SQL,IMPT SUPLIER,None,IMPT SUPPLIER,90,None,None,312,3,Y,P_FILENAME,FILE NAME,CHAR,None,imp_suppliers.csv,None,None,None
340,Y,API,None,1,None,2015-10-02 18:51:14,nan,2015-10-02 18:51:14,IMPEXP_PKG.EXPORT_VIEWDATA,1,PL/SQL,IMPT SUPLIER,None,IMPT SUPPLIER,90,None,None,313,4,Y,P_CALLCODE,CALL CODE,CHAR,None,0,None,None,None
341,Y,API,None,1,None,2015-10-02 18:51:14,nan,2015-10-02 18:51:14,IMPEXP_PKG.EXPORT_VIEWDATA,1,PL/SQL,IMPT SUPLIER,None,IMPT SUPPLIER,90,None,None,314,5,Y,P_DELIMITER,DELIMTER,CHAR,None,",",None,None,None
342,Y,API,None,1,None,2015-10-02 18:51:14,nan,2015-10-02 18:51:14,IMPEXP_PKG.EXPORT_VIEWDATA,1,PL/SQL,IMPT SUPLIER,None,IMPT SUPPLIER,90,None,None,315,6,Y,P_NOTIFGROUP,NOTIFICATION GROUP,CHAR,None,NONE,None,None,None
343,Y,API,None,1,None,2015-10-02 18:51:14,nan,2015-10-02 18:51:14,IMPEXP_PKG.EXPORT_VIEWDATA,1,PL/SQL,IMPT SUPLIER,None,IMPT SUPPLIER,90,None,None,316,7,Y,P_HINT,HINT,CHAR,None,ALL,None,None,None
344,Y,API,None,1,None,2020-07-28 14:31:14,29.0,2020-07-28 14:34:36,IMPEXP2_PKG.EXPORT_INTRASTATE_DATA,1,PL/SQL,INTRASTATSEXPO,None,INTRASTATS EXPORT,126,None,None,433,1,Y,P_DIRNAME,DIRECTORY,CHAR,None,DIR_INTRA,None,None,None
345,Y,API,None,1,None,2020-07-28 14:31:14,29.0,2020-07-28 14:34:36,IMPEXP2_PKG.EXPORT_INTRASTATE_DATA,1,PL/SQL,INTRASTATSEXPO,None,INTRASTATS EXPORT,126,None,None,435,2,Y,P_LASTDAYSTO,LAST DAYSTO,NUMBER,None,2,None,None,None
346,Y,API,None,1,None,2020-07-28 14:31:14,29.0,2020-07-28 14:34:36,IMPEXP2_PKG.EXPORT_INTRASTATE_DATA,1,PL/SQL,INTRASTATSEXPO,None,INTRASTATS EXPORT,126,None,None,434,2,Y,P_LASTDAYSFROM,LAST DAYS FROM,NUMBER,None,1,None,None,None
347,Y,API,None,1,None,2019-04-20 13:25:47,nan,2019-04-20 13:25:47,IMPEXP_PKG.EXPORT_ITEMTEMPLATE03,0,PL/SQL,MAJENTOEXPORT,None,MAJENTOEXPORT,116,None,None,405,1,Y,P_FILENAME,FILE NAME,CHAR,None,all_products_majento.csv,None,None,None
348,Y,API,None,1,None,2019-04-20 13:25:47,nan,2019-04-20 13:25:47,IMPEXP_PKG.EXPORT_ITEMTEMPLATE03,0,PL/SQL,MAJENTOEXPORT,None,MAJENTOEXPORT,116,None,None,406,2,Y,P_DELIMITER,DELIMITER,CHAR,None,",",None,None,None
349,Y,API,None,1,None,2019-04-20 13:25:47,nan,2019-04-20 13:25:47,IMPEXP_PKG.EXPORT_ITEMTEMPLATE03,0,PL/SQL,MAJENTOEXPORT,None,MAJENTOEXPORT,116,None,None,407,3,Y,P_NOTIFGROUP,NOTIFICATION GROUP,CHAR,None,NONE,None,None,None
350,Y,API,None,1,None,2019-04-20 13:25:47,nan,2019-04-20 13:25:47,IMPEXP_PKG.EXPORT_ITEMTEMPLATE03,0,PL/SQL,MAJENTOEXPORT,None,MAJENTOEXPORT,116,None,None,408,4,Y,P_FORWHOM,FOR WHOM,CHAR,None,EBUK,None,None,None
351,Y,API,None,1,None,2019-04-20 13:25:47,nan,2019-04-20 13:25:47,IMPEXP_PKG.EXPORT_ITEMTEMPLATE03,0,PL/SQL,MAJENTOEXPORT,None,MAJENTOEXPORT,116,None,None,409,5,Y,P_HINT,HINT,CHAR,None,ALL,None,None,None
352,Y,API,None,1,None,2019-04-20 13:25:47,nan,2019-04-20 13:25:47,IMPEXP_PKG.EXPORT_ITEMTEMPLATE03,0,PL/SQL,MAJENTOEXPORT,None,MAJENTOEXPORT,116,None,None,410,7,Y,P_INSTOCKONLY,INSTOCKONLY,CHAR,None,N,None,None,None
353,Y,API,None,1,None,2019-04-20 13:25:47,nan,2019-04-20 13:25:47,IMPEXP_PKG.EXPORT_ITEMTEMPLATE03,0,PL/SQL,MAJENTOEXPORT,None,MAJENTOEXPORT,116,None,None,411,8,Y,P_SUBSTITUTE,SUBSTITUTE,CHAR,None,01,None,None,None
354,Y,API,None,1,None,2019-04-20 13:25:47,nan,2019-04-20 13:25:47,IMPEXP_PKG.EXPORT_ITEMTEMPLATE03,0,PL/SQL,MAJENTOEXPORT,None,MAJENTOEXPORT,116,None,None,412,9,Y,P_MULTIGROUP,MULTIGROUP,CHAR,None,Y,None,None,None
355,Y,API,None,1,None,2019-04-20 13:25:47,nan,2019-04-20 13:25:47,IMPEXP_PKG.EXPORT_ITEMTEMPLATE03,0,PL/SQL,MAJENTOEXPORT,None,MAJENTOEXPORT,116,None,None,413,10,Y,P_INCLUDEBOM,INCLUDEBOM,CHAR,None,Y,None,None,None
356,Y,API,None,1,None,2019-04-20 13:25:47,nan,2019-04-20 13:25:47,IMPEXP_PKG.EXPORT_ITEMTEMPLATE03,0,PL/SQL,MAJENTOEXPORT,None,MAJENTOEXPORT,116,None,None,414,11,Y,P_FILE1,FILE1,CHAR,None,vatcode.csv,None,None,None
357,Y,API,None,1,None,2019-04-20 13:25:47,nan,2019-04-20 13:25:47,IMPEXP_PKG.EXPORT_ITEMTEMPLATE03,0,PL/SQL,MAJENTOEXPORT,None,MAJENTOEXPORT,116,None,None,415,12,Y,P_FILE1HEADER,FILE1 HEADER,CHAR,None,":taxcode,:taxrate,:derived,derived1",None,None,None
358,Y,API,None,1,None,2019-04-20 13:25:47,nan,2019-04-20 13:25:47,IMPEXP_PKG.EXPORT_ITEMTEMPLATE03,0,PL/SQL,MAJENTOEXPORT,None,MAJENTOEXPORT,116,None,None,416,13,Y,P_FILE1COLUMNS,FILE1 COLUMNS,CHAR,None,"57,58,`VAT(`||~58~||`)`,`VAT(`||decode(~58~{`T1`{`S`{`T2`{`Z`{`T3`{`R`{`S`)||`)`",None,None,None
359,Y,API,None,1,None,2019-04-20 13:25:47,nan,2019-04-20 13:25:47,IMPEXP_PKG.EXPORT_ITEMTEMPLATE03,0,PL/SQL,MAJENTOEXPORT,None,MAJENTOEXPORT,116,None,None,417,14,Y,P_FILE2,FILE2,CHAR,None,None,None,None,None
360,Y,API,None,1,None,2019-04-20 13:25:47,nan,2019-04-20 13:25:47,IMPEXP_PKG.EXPORT_ITEMTEMPLATE03,0,PL/SQL,MAJENTOEXPORT,None,MAJENTOEXPORT,116,None,None,418,15,Y,P_FILE2HEADER,FILE2 HEADER,CHAR,None,None,None,None,None
361,Y,API,None,1,None,2019-04-20 13:25:47,nan,2019-04-20 13:25:47,IMPEXP_PKG.EXPORT_ITEMTEMPLATE03,0,PL/SQL,MAJENTOEXPORT,None,MAJENTOEXPORT,116,None,None,419,16,Y,P_FILE2COLUMNS,FILE2 COLUMNS,CHAR,None,None,None,None,None
362,Y,API,None,1,None,2019-04-20 13:25:47,nan,2019-04-20 13:25:47,IMPEXP_PKG.EXPORT_ITEMTEMPLATE03,0,PL/SQL,MAJENTOEXPORT,None,MAJENTOEXPORT,116,None,None,420,17,Y,P_APPLYSUFILTER,APPLY SU FILTER,NUMBER,None,0,None,None,None
363,Y,API,None,1,None,2019-04-20 13:25:47,nan,2019-04-20 13:25:47,IMPEXP_PKG.EXPORT_ITEMTEMPLATE03,0,PL/SQL,MAJENTOEXPORT,None,MAJENTOEXPORT,116,None,None,421,18,Y,P_STAGE,STAGE,CHAR,None,NO,None,None,None
364,Y,API,None,1,None,2019-04-20 13:25:47,nan,2019-04-20 13:25:47,IMPEXP_PKG.EXPORT_ITEMTEMPLATE03,0,PL/SQL,MAJENTOEXPORT,None,MAJENTOEXPORT,116,None,None,422,19,Y,P_FILE0HEADER,FILE0  HEADER,CHAR,None,":sku,:store_view_code,:attribute_set_code,:product_type,:categories,:product_websites,:name,:description,:short_description,:weight,:product_online,:tax_class_name,:visibility,:price,:special_price,:special_price_from_date,:special_price_to_date,:meta_title,:meta_keywords,:meta_description,:created_at,:updated_at,:new_from_date,:new_to_date,:display_product_options_in,:map_price,:msrp_display_actual_price_type,:country_of_manufacture,:additional_attributes,:qty,:out_of_stock_qty,:use_config_min_qty,:is_qty_decimal,:allow_backorders,:use_config_backorders,:min_cart_qty,:use_config_min_sale_qty,:max_cart_qty,:use_config_max_sale_qty,:is_in_stock,:use_config_notify_stock_qty,:manage_stock,:use_config_manage_stock,:use_config_qty_increments,:qty_increments,:use_config_enable_qty_inc,:enable_qty_increments,:is_decimal_divided,:website_id,:deferred_stock_update,:use_config_deferred_stock_update,:related_skus,:crosssell_skus,:upsell_skus",None,None,None
365,Y,API,None,1,None,2019-04-20 13:25:47,nan,2019-04-20 13:25:47,IMPEXP_PKG.EXPORT_ITEMTEMPLATE03,0,PL/SQL,MAJENTOEXPORT,None,MAJENTOEXPORT,116,None,None,423,20,Y,P_FILE0COLUMNS,FILE0 COLUMNS,CHAR,None,"2,,$Default,$simple,199,$base,10,70,9,108,$1,58,$Catalog.Search,131,,,,8,91,94,,,,,$Block after Info Column,,$Use config,,$has_options=0.quantity_and_stock_status=In Stock.required_options=0,63,$0,$1,$0,$0,$1,$1,$0,$0,$1,$1,$1,$0,$1,$1,$0,$1,$0,$0,$1,$0,$1,,,",None,None,None
366,N,API,None,1,None,2011-03-31 21:49:19,29.0,2012-01-29 16:28:22,NOTIFICATION_PKG.MONITORLAYAWAY,99,PL/SQL,MONITOR LAYAWAY,None,MONITOR LAYAWAY,32,None,None,137,1,Y,P_GROUP,GROUP,CHAR,None,MONITOR LAYAWAY,None,None,None
367,N,API,None,1,None,2011-04-24 21:32:39,29.0,2012-01-29 16:28:22,SNAPSHOT_PKG.POPALLSNAPSHOTS,99,PL/SQL,POPULATE SNAPSHOT,None,POPULATE ALL SNAPSHOTS,34,None,None,147,1,Y,P_WHAT,WHAT,CHAR,None,ALL,None,None,None
368,N,API,None,1,None,2011-04-24 21:32:39,29.0,2012-01-29 16:28:22,SNAPSHOT_PKG.POPALLSNAPSHOTS,99,PL/SQL,POPULATE SNAPSHOT,None,POPULATE ALL SNAPSHOTS,34,None,None,148,2,Y,P_NOTIFGROUP,NOTIFICATION GROUP,CHAR,None,NONE,None,None,None
369,Y,API,None,1,None,2015-10-02 18:51:14,nan,2015-10-02 18:51:14,PURGE_PKG.PURGE_TABLES,1,PL/SQL,PURGETABLES,None,PURGE TABLES,96,None,None,357,1,Y,P_LOOKUP,REFERENCE,CHAR,None,PURGE_TABLES,None,None,None
370,Y,API,None,1,None,2011-12-31 12:44:16,nan,2011-12-31 12:44:16,IMPEXP_PKG.EXPORT_QTYINSTOCK01,10,PL/SQL,QTY IN STOCKORDER,None,QTY IN STOCK AND ORDER,53,None,None,241,1,Y,P_FORWHOM,IDENTIFIER,CHAR,None,None,None,None,None
371,Y,API,None,1,None,2011-12-31 12:44:16,nan,2011-12-31 12:44:16,IMPEXP_PKG.EXPORT_QTYINSTOCK01,10,PL/SQL,QTY IN STOCKORDER,None,QTY IN STOCK AND ORDER,53,None,None,242,2,Y,P_FILENAME,FILENAME,CHAR,None,QTYINSTOCK.TXT,None,None,None
372,Y,API,None,1,None,2011-12-31 12:44:16,nan,2011-12-31 12:44:16,IMPEXP_PKG.EXPORT_QTYINSTOCK01,10,PL/SQL,QTY IN STOCKORDER,None,QTY IN STOCK AND ORDER,53,None,None,243,3,Y,P_NOTIFGROUP,NOTIFICATION GROUP,CHAR,None,NONE,None,None,None
373,Y,API,None,1,None,2011-12-31 12:44:16,nan,2011-12-31 12:44:16,IMPEXP_PKG.EXPORT_QTYINSTOCK01,10,PL/SQL,QTY IN STOCKORDER,None,QTY IN STOCK AND ORDER,53,None,None,244,4,Y,P_HINT,HINT,CHAR,None,FULL,None,None,None
374,Y,API,None,1,None,2011-12-31 12:44:16,nan,2011-12-31 12:44:16,IMPEXP_PKG.EXPORT_QTYINSTOCK01,10,PL/SQL,QTY IN STOCKORDER,None,QTY IN STOCK AND ORDER,53,None,None,245,5,Y,P_DELIMITER,DELIMITER,CHAR,None,|,None,None,None
375,Y,API,None,1,None,2011-12-31 12:44:16,nan,2011-12-31 12:44:16,IMPEXP_PKG.EXPORT_QTYINSTOCK01,10,PL/SQL,QTY IN STOCKORDER,None,QTY IN STOCK AND ORDER,53,None,None,283,6,Y,P_QTYPERCENT,QTY PERCENT,CHAR,None,100,None,None,None
376,Y,API,None,1,None,2011-12-31 12:44:16,nan,2011-12-31 12:44:16,IMPEXP_PKG.EXPORT_QTYINSTOCK01,10,PL/SQL,QTY IN STOCKORDER,None,QTY IN STOCK AND ORDER,53,None,None,396,7,Y,P_INCLUDEBOM,INCLUDE BOM,CHAR,None,N,None,None,None
377,Y,API,None,1,None,2012-03-18 18:34:36,nan,2012-03-18 18:34:36,INV_REQUISITION_PKG.AUTOMANAGE_REQUISITION,1,PL/SQL,REQAUTOAPPROVE,None,REQUISITION AUTO APPROVE,75,None,None,307,1,Y,P_TOLOCATIONID,LOCATION ID,CHAR,None,2,None,None,None
378,Y,API,None,1,None,2012-03-18 18:34:36,nan,2012-03-18 18:34:36,INV_REQUISITION_PKG.AUTOMANAGE_REQUISITION,1,PL/SQL,REQAUTOAPPROVE,None,REQUISITION AUTO APPROVE,75,None,None,308,2,Y,P_ITEMID,ITEM ID,NUMBER,None,-1,None,None,None
379,Y,API,None,1,None,2012-03-18 18:34:36,nan,2012-03-18 18:34:36,INV_REQUISITION_PKG.AUTOMANAGE_REQUISITION,1,PL/SQL,REQAUTOAPPROVE,None,REQUISITION AUTO APPROVE,75,None,None,309,3,Y,P_HINT,HINT,CHAR,None,APPROVE,None,None,None
380,Y,API,None,1,None,2011-06-25 10:18:59,nan,2011-06-25 10:18:59,INV_REQUISITION_PKG. POPULATEREQUISITIONPUB,99,PL/SQL,REQAUTOPOP,None,REQUISITION AUTO POPULATE,40,None,None,175,1,Y,P_TOLOCATIONID,TO LOCATION ID,NUMBER,None,2,None,None,None
381,Y,API,None,1,None,2011-06-25 10:18:59,nan,2011-06-25 10:18:59,INV_REQUISITION_PKG. POPULATEREQUISITIONPUB,99,PL/SQL,REQAUTOPOP,None,REQUISITION AUTO POPULATE,40,None,None,176,2,Y,P_HINT,HINT,CHAR,None,CREATEHEADER,None,None,None
382,Y,API,None,1,None,2011-06-25 10:18:59,nan,2011-06-25 10:18:59,INV_REQUISITION_PKG. POPULATEREQUISITIONPUB,99,PL/SQL,REQAUTOPOP,None,REQUISITION AUTO POPULATE,40,None,None,177,3,Y,P_USERID,USER ID,NUMBER,None,0,None,None,None
383,Y,API,None,1,None,2011-06-25 10:18:59,nan,2011-06-25 10:18:59,INV_REQUISITION_PKG. POPULATEREQUISITIONPUB,99,PL/SQL,REQAUTOPOP,None,REQUISITION AUTO POPULATE,40,None,None,178,4,Y,P_REQSTATUS,STATUS,CHAR,None,APPROVED,None,None,None
384,Y,API,None,1,None,2019-04-20 13:25:47,nan,2019-04-20 13:25:47,IMPEXP_PKG.EXPORT_VIEWDATAWITHFILTER,1,PL/SQL,SAGE_TRANS01,None,SAGE TRANS 01,117,None,None,424,1,Y,P_VIEWNAME,VIEW NAME,CHAR,None,EXP_SAGE_TRANS_V,None,None,None
385,Y,API,None,1,None,2019-04-20 13:25:47,nan,2019-04-20 13:25:47,IMPEXP_PKG.EXPORT_VIEWDATAWITHFILTER,1,PL/SQL,SAGE_TRANS01,None,SAGE TRANS 01,117,None,None,425,2,Y,P_DIRNAME,DIRECTORY,CHAR,None,DIR_OUTBOUND,None,None,None
386,Y,API,None,1,None,2019-04-20 13:25:47,nan,2019-04-20 13:25:47,IMPEXP_PKG.EXPORT_VIEWDATAWITHFILTER,1,PL/SQL,SAGE_TRANS01,None,SAGE TRANS 01,117,None,None,426,3,Y,P_FILENAME,FILE NAME,CHAR,None,sage_trans_$DATE$.csv,None,None,None
387,Y,API,None,1,None,2019-04-20 13:25:47,nan,2019-04-20 13:25:47,IMPEXP_PKG.EXPORT_VIEWDATAWITHFILTER,1,PL/SQL,SAGE_TRANS01,None,SAGE TRANS 01,117,None,None,427,4,Y,P_CALLCODE,CALL CODE,CHAR,None,0,None,None,None
388,Y,API,None,1,None,2019-04-20 13:25:47,nan,2019-04-20 13:25:47,IMPEXP_PKG.EXPORT_VIEWDATAWITHFILTER,1,PL/SQL,SAGE_TRANS01,None,SAGE TRANS 01,117,None,None,428,5,Y,P_DELIMITER,DELIMTER,CHAR,None,",",None,None,None
389,Y,API,None,1,None,2019-04-20 13:25:47,nan,2019-04-20 13:25:47,IMPEXP_PKG.EXPORT_VIEWDATAWITHFILTER,1,PL/SQL,SAGE_TRANS01,None,SAGE TRANS 01,117,None,None,429,6,Y,P_NOTIFGROUP,NOTIFICATION GROUP,CHAR,None,NONE,None,None,None
390,Y,API,None,1,None,2019-04-20 13:25:47,nan,2019-04-20 13:25:47,IMPEXP_PKG.EXPORT_VIEWDATAWITHFILTER,1,PL/SQL,SAGE_TRANS01,None,SAGE TRANS 01,117,None,None,430,7,Y,P_HINT,HINT,CHAR,None,ALL,None,None,None
391,Y,API,None,1,None,2019-04-20 13:25:47,nan,2019-04-20 13:25:47,IMPEXP_PKG.EXPORT_VIEWDATAWITHFILTER,1,PL/SQL,SAGE_TRANS01,None,SAGE TRANS 01,117,None,None,431,8,Y,P_WHERE,WHERE,CHAR,None,None,None,None,None
392,Y,API,None,1,None,2016-05-18 09:30:41,29.0,2016-05-18 14:26:04,IMPEXP_PKG.EXPORT_VIEWDATAWITHFILTER,1,PL/SQL,SAGE TRANS01,None,SAGE TRANS01,115,None,None,397,1,Y,P_VIEWNAME,VIEW NAME,CHAR,None,EXP_SAGE_TRANS_V,None,None,None
393,Y,API,None,1,None,2016-05-18 09:30:41,29.0,2016-05-18 14:26:04,IMPEXP_PKG.EXPORT_VIEWDATAWITHFILTER,1,PL/SQL,SAGE TRANS01,None,SAGE TRANS01,115,None,None,398,2,Y,P_DIRNAME,DIRECTORY,CHAR,None,DIR_OUTBOUND,None,None,None
394,Y,API,None,1,None,2016-05-18 09:30:41,29.0,2016-05-18 14:26:04,IMPEXP_PKG.EXPORT_VIEWDATAWITHFILTER,1,PL/SQL,SAGE TRANS01,None,SAGE TRANS01,115,None,None,399,3,Y,P_FILENAME,FILE NAME,CHAR,None,SAGE_TRANS_$DATE$.csv,None,None,None
395,Y,API,None,1,None,2016-05-18 09:30:41,29.0,2016-05-18 14:26:04,IMPEXP_PKG.EXPORT_VIEWDATAWITHFILTER,1,PL/SQL,SAGE TRANS01,None,SAGE TRANS01,115,None,None,400,4,Y,P_CALLCODE,CALL CODE,CHAR,None,0,None,None,None
396,Y,API,None,1,None,2016-05-18 09:30:41,29.0,2016-05-18 14:26:04,IMPEXP_PKG.EXPORT_VIEWDATAWITHFILTER,1,PL/SQL,SAGE TRANS01,None,SAGE TRANS01,115,None,None,401,5,Y,P_DELIMITER,DELIMTER,CHAR,None,",",None,None,None
397,Y,API,None,1,None,2016-05-18 09:30:41,29.0,2016-05-18 14:26:04,IMPEXP_PKG.EXPORT_VIEWDATAWITHFILTER,1,PL/SQL,SAGE TRANS01,None,SAGE TRANS01,115,None,None,402,6,Y,P_NOTIFGROUP,NOTIFICATION GROUP,CHAR,None,NONE,None,None,None
398,Y,API,None,1,None,2016-05-18 09:30:41,29.0,2016-05-18 14:26:04,IMPEXP_PKG.EXPORT_VIEWDATAWITHFILTER,1,PL/SQL,SAGE TRANS01,None,SAGE TRANS01,115,None,None,403,7,Y,P_HINT,HINT,CHAR,None,ALL,None,None,None
399,Y,API,None,1,None,2016-05-18 09:30:41,29.0,2016-05-18 14:26:04,IMPEXP_PKG.EXPORT_VIEWDATAWITHFILTER,1,PL/SQL,SAGE TRANS01,None,SAGE TRANS01,115,None,None,404,8,Y,P_WHERE,WHERE,CHAR,None,WHERE LAST_UPDATE_DATE >= Trunc(Sysdate)-8,None,None,None
400,Y,API,None,1,None,2012-01-29 16:13:22,nan,2012-01-29 16:13:22,IMPEXP_PKG.AUTOIMPORT,90,PL/SQL,SALORDERIMP01,None,SALESORDER IMPORT 01,54,None,None,246,1,Y,P_HINT,HINT,CHAR,None,SALESORDER,None,None,None
401,Y,API,None,1,None,2012-01-29 16:13:22,nan,2012-01-29 16:13:22,IMPEXP_PKG.AUTOIMPORT,90,PL/SQL,SALORDERIMP01,None,SALESORDER IMPORT 01,54,None,None,247,2,Y,P_FILEPREFIX,FILEPREFIX,CHAR,None,SO%,None,None,None
402,Y,API,None,1,None,2012-01-29 16:13:22,nan,2012-01-29 16:13:22,IMPEXP_PKG.AUTOIMPORT,90,PL/SQL,SALORDERIMP01,None,SALESORDER IMPORT 01,54,None,None,248,3,Y,P_INDIRECTORY,INBOUND DIRECTORY,CHAR,None,DIR_ARIMPORT,None,None,None
403,Y,API,None,1,None,2012-01-29 16:13:22,nan,2012-01-29 16:13:22,IMPEXP_PKG.AUTOIMPORT,90,PL/SQL,SALORDERIMP01,None,SALESORDER IMPORT 01,54,None,None,249,4,Y,P_FILENAME,FILENAME,CHAR,None,None,None,None,None
404,Y,API,None,1,None,2012-01-29 16:13:22,nan,2012-01-29 16:13:22,IMPEXP_PKG.AUTOIMPORT,90,PL/SQL,SALORDERIMP01,None,SALESORDER IMPORT 01,54,None,None,250,5,Y,P_NOTIFGROUP,NOTIFGROUP,CHAR,None,OWNER GROUP,None,None,None
405,Y,API,None,1,None,2012-01-29 16:13:22,nan,2012-01-29 16:13:22,IMPEXP_PKG.AUTOIMPORT,90,PL/SQL,SALORDERIMP01,None,SALESORDER IMPORT 01,54,None,None,251,6,Y,P_LOCATIONID,LOCATION ID,CHAR,None,2,None,None,None
406,Y,API,None,1,None,2012-01-29 16:13:22,nan,2012-01-29 16:13:22,IMPEXP_PKG.AUTOIMPORT,90,PL/SQL,SALORDERIMP01,None,SALESORDER IMPORT 01,54,None,None,299,7,Y,P_NEXTACTION,NEXT ACTION,CHAR,None,APPROVE,None,None,None
407,Y,API,None,1,None,2011-12-31 12:44:16,nan,2011-12-31 12:44:16,IMPEXP_PKG.EXPORT_VIEWDATA,12,PL/SQL,SIMILAR ITEMS 01,None,SIMILAR ITEMS 01,45,None,None,197,1,Y,P_VIEWNAME,VIEW NAME,CHAR,None, EXP_SIMILARITEMS1_V,None,None,None
408,Y,API,None,1,None,2011-12-31 12:44:16,nan,2011-12-31 12:44:16,IMPEXP_PKG.EXPORT_VIEWDATA,12,PL/SQL,SIMILAR ITEMS 01,None,SIMILAR ITEMS 01,45,None,None,198,2,Y,P_FILENAME,FILE NAME,CHAR,None,LINKEDITEMS.TXT,None,None,None
409,Y,API,None,1,None,2011-12-31 12:44:16,nan,2011-12-31 12:44:16,IMPEXP_PKG.EXPORT_VIEWDATA,12,PL/SQL,SIMILAR ITEMS 01,None,SIMILAR ITEMS 01,45,None,None,199,3,Y,P_CALLCODE,CALL CODE,CHAR,None,0,None,None,None
410,Y,API,None,1,None,2011-12-31 12:44:16,nan,2011-12-31 12:44:16,IMPEXP_PKG.EXPORT_VIEWDATA,12,PL/SQL,SIMILAR ITEMS 01,None,SIMILAR ITEMS 01,45,None,None,200,4,Y,P_DELIMITER,DELIMTER,CHAR,None,|,None,None,None
411,Y,API,None,1,None,2011-12-31 12:44:16,nan,2011-12-31 12:44:16,IMPEXP_PKG.EXPORT_VIEWDATA,12,PL/SQL,SIMILAR ITEMS 01,None,SIMILAR ITEMS 01,45,None,None,201,5,Y,P_NOTIFGROUP,NOTIFICATION GROUP,CHAR,None,NONE,None,None,None
412,Y,API,None,1,None,2011-12-31 12:44:16,nan,2011-12-31 12:44:16,IMPEXP_PKG.EXPORT_VIEWDATA,12,PL/SQL,SIMILAR ITEMS 01,None,SIMILAR ITEMS 01,45,None,None,258,6,Y,P_HINT,HINT,CHAR,None,ALL,None,None,None
413,N,API,None,1,None,2010-09-03 15:32:10,2.0,2011-01-21 12:35:26,SNAPSHOT_PKG.SNAP_ITEMSUBLOC,50,PL/SQL,SNAPDAILYSTOCK,None,SNAPSHOT DAILY STOCK,9,None,None,102,1,Y,P_NOTIFGROUP,NOTIFICATION GROUP,CHAR,None,NONE,None,None,None
414,N,API,None,1,None,2010-08-26 19:11:28,29.0,2012-01-29 16:28:22,SNAPSHOT_PKG.POPALLSNAPSHOTS,98,PL/SQL,SNAPALLSUMMARY,None,SNAPSHOT SUMMARIES,1,None,None,1,1,Y,P_WHAT,P_WHAT,CHAR,None,ALL,None,None,None
415,N,API,None,1,None,2010-08-26 19:11:28,29.0,2012-01-29 16:28:22,SNAPSHOT_PKG.POPALLSNAPSHOTS,98,PL/SQL,SNAPALLSUMMARY,None,SNAPSHOT SUMMARIES,1,None,None,105,2,Y,P_NOTIFGROUP,NOTIFICATION GROUP,CHAR,None,NONE,None,None,None
416,Y,API,None,1,None,2015-10-02 18:51:14,nan,2015-10-02 18:51:14,IMPEXP_PKG.EXPORT_ITEMTEMPLATE03,0,PL/SQL,EXPITEMSTOSTAGE,None,STAGE ITEMS,95,None,None,345,1,Y,P_BATCHID,BATCH ID,NUMBER,None,0,None,None,None
417,Y,API,None,1,None,2015-10-02 18:51:14,nan,2015-10-02 18:51:14,IMPEXP_PKG.EXPORT_ITEMTEMPLATE03,0,PL/SQL,EXPITEMSTOSTAGE,None,STAGE ITEMS,95,None,None,346,2,Y,P_FILENAME,FILE NAME,CHAR,None,ITEMSTAGE.CSV,None,None,None
418,Y,API,None,1,None,2015-10-02 18:51:14,nan,2015-10-02 18:51:14,IMPEXP_PKG.EXPORT_ITEMTEMPLATE03,0,PL/SQL,EXPITEMSTOSTAGE,None,STAGE ITEMS,95,None,None,347,3,Y,P_DELIMITER,DELIMITER,CHAR,None,",",None,None,None
419,Y,API,None,1,None,2015-10-02 18:51:14,nan,2015-10-02 18:51:14,IMPEXP_PKG.EXPORT_ITEMTEMPLATE03,0,PL/SQL,EXPITEMSTOSTAGE,None,STAGE ITEMS,95,None,None,348,4,Y,P_NOTIFGROUP,NOTIFICATION GROUP,CHAR,None,NONE,None,None,None
420,Y,API,None,1,None,2015-10-02 18:51:14,nan,2015-10-02 18:51:14,IMPEXP_PKG.EXPORT_ITEMTEMPLATE03,0,PL/SQL,EXPITEMSTOSTAGE,None,STAGE ITEMS,95,None,None,349,5,Y,P_FORWHOM,FOR WHOM,CHAR,None,EBUK,None,None,None
421,Y,API,None,1,None,2015-10-02 18:51:14,nan,2015-10-02 18:51:14,IMPEXP_PKG.EXPORT_ITEMTEMPLATE03,0,PL/SQL,EXPITEMSTOSTAGE,None,STAGE ITEMS,95,None,None,350,6,Y,P_HINT,HINT,CHAR,None,ALL,None,None,None
422,Y,API,None,1,None,2015-10-02 18:51:14,nan,2015-10-02 18:51:14,IMPEXP_PKG.EXPORT_ITEMTEMPLATE03,0,PL/SQL,EXPITEMSTOSTAGE,None,STAGE ITEMS,95,None,None,351,7,Y,P_INSTOCKONLY,INSTOCKONLY,CHAR,None,N,None,None,None
423,Y,API,None,1,None,2015-10-02 18:51:14,nan,2015-10-02 18:51:14,IMPEXP_PKG.EXPORT_ITEMTEMPLATE03,0,PL/SQL,EXPITEMSTOSTAGE,None,STAGE ITEMS,95,None,None,352,8,Y,P_SUBSTITUTE,SUBSTITUTE,CHAR,None,01,None,None,None
424,Y,API,None,1,None,2015-10-02 18:51:14,nan,2015-10-02 18:51:14,IMPEXP_PKG.EXPORT_ITEMTEMPLATE03,0,PL/SQL,EXPITEMSTOSTAGE,None,STAGE ITEMS,95,None,None,353,9,Y,P_MULTIGROUP,MULTIGROUP,CHAR,None,Y,None,None,None
425,Y,API,None,1,None,2015-10-02 18:51:14,nan,2015-10-02 18:51:14,IMPEXP_PKG.EXPORT_ITEMTEMPLATE03,0,PL/SQL,EXPITEMSTOSTAGE,None,STAGE ITEMS,95,None,None,354,10,Y,P_INCLUDEBOM,INCLUDEBOM,CHAR,None,Y,None,None,None
426,Y,API,None,1,None,2015-10-02 18:51:14,nan,2015-10-02 18:51:14,IMPEXP_PKG.EXPORT_ITEMTEMPLATE03,0,PL/SQL,EXPITEMSTOSTAGE,None,STAGE ITEMS,95,None,None,355,17,Y,P_APPLYSUFILTER,APPLY SU FILTER,NUMBER,None,0,None,None,None
427,Y,API,None,1,None,2015-10-02 18:51:14,nan,2015-10-02 18:51:14,IMPEXP_PKG.EXPORT_ITEMTEMPLATE03,0,PL/SQL,EXPITEMSTOSTAGE,None,STAGE ITEMS,95,None,None,356,18,Y,P_STAGE,STAGE,CHAR,None,YES,None,None,None
428,Y,API,None,1,None,2012-03-18 18:34:36,nan,2012-03-18 18:34:36,IMPEXP_PKG.EXPORT_ITEMOFFERS,11,PL/SQL,WEBSITEOFFER,None,WEB SITE OFFERS,74,None,None,300,1,Y,P_FILENAME,FILE NAME,CHAR,None,PRODUCT02.CSV,None,None,None
429,Y,API,None,1,None,2012-03-18 18:34:36,nan,2012-03-18 18:34:36,IMPEXP_PKG.EXPORT_ITEMOFFERS,11,PL/SQL,WEBSITEOFFER,None,WEB SITE OFFERS,74,None,None,301,2,Y,P_DELIMITER,DELIMITER,CHAR,None,",",None,None,None
430,Y,API,None,1,None,2012-03-18 18:34:36,nan,2012-03-18 18:34:36,IMPEXP_PKG.EXPORT_ITEMOFFERS,11,PL/SQL,WEBSITEOFFER,None,WEB SITE OFFERS,74,None,None,302,3,Y,P_NOTIFGROUP,NOTIFICATION GROUP,CHAR,None,NONE,None,None,None
431,Y,API,None,1,None,2012-03-18 18:34:36,nan,2012-03-18 18:34:36,IMPEXP_PKG.EXPORT_ITEMOFFERS,11,PL/SQL,WEBSITEOFFER,None,WEB SITE OFFERS,74,None,None,303,4,Y,P_FORWHOM,FOR WHOM,CHAR,None,AAF001,None,None,None
432,Y,API,None,1,None,2012-03-18 18:34:36,nan,2012-03-18 18:34:36,IMPEXP_PKG.EXPORT_ITEMOFFERS,11,PL/SQL,WEBSITEOFFER,None,WEB SITE OFFERS,74,None,None,304,5,Y,P_HINT,HINT,CHAR,None,NONE,None,None,None
433,Y,API,None,1,None,2012-03-18 18:34:36,nan,2012-03-18 18:34:36,IMPEXP_PKG.EXPORT_ITEMOFFERS,11,PL/SQL,WEBSITEOFFER,None,WEB SITE OFFERS,74,None,None,305,6,Y,P_MULTIGROUP,MULTIGROUP,CHAR,None,N,None,None,None
434,Y,API,None,1,None,2012-03-18 18:34:36,nan,2012-03-18 18:34:36,IMPEXP_PKG.EXPORT_ITEMOFFERS,11,PL/SQL,WEBSITEOFFER,None,WEB SITE OFFERS,74,None,None,306,7,Y,P_INSTOCKONLY,INSTOCKONLY,CHAR,None,N,None,None,None
435,Y,API,None,1,None,2020-05-11 17:23:20,29.0,2020-05-11 17:24:36,ZOHO_CRM_PKG.PUSH_ACCOUNTS,1,PL/SQL,ZOHO_PUSH_ACCOUNTS,None,ZOHO_PUSH_ACCOUNTS,125,None,None,432,1,Y,P_HINT,HINT,CHAR,None,MERGE,None,None,None
