,NAME,DEFAULT_TEXT,ACCESS_LEVEL,ATTACHMENT_CATEGORY,DESCRIPTION,SOURCE_REF2,SOURCE_REF1,SOURCE_ID2,SOURCE_ID1,SOURCE_OBJECT,UPDATE_SOURCE,DELETE_FLAG,BU_ID,CREATED_BY,CREATION_DATE,LAST_UPDATED_BY,LAST_UPDATE_DATE,ATTACHMENT_ID,ATTACHMENT_LINE_ID,LINE_NAME,LINE_TYPE,LINE_TEXT,CONCATENATED_COLUMNLIST,ENCLOSEDBY,DELIMITER,FILE_TYPE,FILE_NAME,FILE_DIRECTORY,HEADER_ROW,DERIVEDSELECT,DERIVEDFROM,DERIVEDWHERE,DERIVEDGROUPBY,DERIVEDORDERBY
0,ALL ITEM DETAILS,None,SYSTEM,None,KUBZ ALL ITEMS,None,None,None,None,AR_ALLAPPROVED_INVOICES_V,None,None,1,29.0,2012-09-16 12:16:34,29,2017-03-05 10:00:48,16,14,ITEM EXPORT,None,None,"ITEM_NUMBER||','||TECHNICAL_SPECS",None,",",.CSV,ITEMEXPORT,outbound\,"ITEM_NUMBER,TECHNICAL_SPECS","ITEM_NUMBER,TECHNICAL_SPECS",INV_ITEMEXPORT_V,None,None,None
1,ALL ITEM DETAILS,None,SYSTEM,None,KUBZ ALL ITEMS,None,None,None,None,AR_ALLAPPROVED_INVOICES_V,None,None,1,29.0,2012-09-16 12:16:34,29,2017-03-05 10:00:48,16,15,KUBZ,None,None,"ITEM_NUMBER||','||QTYINSTOCK||','",None,",",.CSV,KUBZ,outbound\,"ITEM_NUMBER,QTYINSTOCK,","ITEM_NUMBER,QTYINSTOCK,",INV_ITEMEXPORT_V,None,None,None
2,ALL ITEM DETAILS,None,SYSTEM,None,KUBZ ALL ITEMS,None,None,None,None,AR_ALLAPPROVED_INVOICES_V,None,None,1,29.0,2012-09-16 12:16:34,29,2017-03-05 10:00:48,16,18,ITEM EXPORT VINNY,None,None,"ITEM_NUMBER||','||ITEM_NAME||','||QTYINSTOCK||','||QTY_INSTOCK||','||SALEABLE||','||SUB_CATEGORY_NAME||','||UNIT_HEIGHT||','||UNIT_LENGTH||','||UNIT_VOLUME||','||UNIT_WIDTH||','||PUBLISH_TO_WEB||','||GROSS_UNIT_WEIGHT",None,",",.CSV,ITEMEXPORT,outbound\,"ITEM_NUMBER,ITEM_NAME,QTYINSTOCK,QTY_INSTOCK,SALEABLE,SUB_CATEGORY_NAME,UNIT_HEIGHT,UNIT_LENGTH,UNIT_VOLUME,UNIT_WIDTH,PUBLISH_TO_WEB,GROSS_UNIT_WEIGHT","ITEM_NUMBER,ITEM_NAME,QTYINSTOCK,QTY_INSTOCK,SALEABLE,SUB_CATEGORY_NAME,UNIT_HEIGHT,UNIT_LENGTH,UNIT_VOLUME,UNIT_WIDTH,PUBLISH_TO_WEB,GROSS_UNIT_WEIGHT",ITE,None,None,None
3,CUSTOMER SALES SUM,None,SYSTEM,None,None,None,None,None,None,REP_CUSTSALSUMSNAP_V,API,None,1,nan,2010-09-03 15:32:10,29,2017-03-05 10:00:48,7,3,CUSTOMER SALES SUM,None,None,"APR||','||AUG||','||CUSTOMER_ID||','||CUSTOMER_NAME||','||CUSTOMER_NUMBER||','||DAILYCHAR||','||DEC||','||FEB||','||HOURLY||','||HOURLYCHAR||','||JAN||','||JUL||','||JUN||','||LASTMONTH||','||LASTTRANDATE||','||LASTYEAR||','||MAR||','||MONTHLY||','||MONTHLYCHAR||','||NOV||','||OCT||','||REPORT_DATE||','||SEP||','||THISWEEK||','||TOTAL||','||WEEK1||','||WEEK2||','||WEEK3||','||WEEK4||','||WEEK5||','||WEEK6||','||WEEKLY||','||WEEKLYCHAR||','||YEAR2||','||YEAR3||','||YEAR4||','||YEARLY||','||YEARLYCHAR||','||YTD||','||MAY||','",None,",",.CSV,CUSTOMERSALESSUM,TMP\,"APR,AUG,CUSTOMER_ID,CUSTOMER_NAME,CUSTOMER_NUMBER,DAILYCHAR,DEC,FEB,HOURLY,HOURLYCHAR,JAN,JUL,JUN,LASTMONTH,LASTTRANDATE,LASTYEAR,MAR,MONTHLY,MONTHLYCHAR,NOV,OCT,REPORT_DATE,SEP,THISWEEK,TOTAL,WEEK1,WEEK2,WEEK3,WEEK4,WEEK5,WEEK6,WEEKLY,WEEKLYCHAR,YEAR2,YEAR3,YEAR4,YEARLY,YEARLYCHAR,YTD,MAY,","APR,AUG,CUSTOMER_ID,CUSTOMER_NAME,CUSTOMER_NUMBER,DAILYCHAR,DEC,FEB,HOURLY,HOURLYCHAR,JAN,JUL,JUN,LASTMONTH,LASTTRANDATE,LASTYEAR,MAR,MONTHLY,MONTHLYCHAR,NOV,OCT,REPORT_DATE,SEP,THISWEEK,TOTAL,WEEK1,WEEK2,WEEK3,WEEK4,WEEK5,WEEK6,WEEKLY,WEEKLYCHAR,YEAR2,YEAR3,YEAR4,YEARLY,YEARLYCHAR,YTD,MAY,",REP_CUSTSALSUMSNAP_V,None,None,None
4,CUSTOMER SALES SUM,None,SYSTEM,None,None,None,None,None,None,REP_CUSTSALSUMSNAP_V,API,None,1,nan,2010-09-03 15:32:10,29,2017-03-05 10:00:48,7,12,TEST,None,None,"JUL||','||AUG||','||SEP||','||OCT||','||NOV||','||DEC||','||YTD||','||LASTYEAR||','||YEAR2",None,",",.CSV,TEST,TMP\,"JUL,AUG,SEP,OCT,NOV,DEC,YTD,LASTYEAR,YEAR2","JUL,AUG,SEP,OCT,NOV,DEC,YTD,LASTYEAR,YEAR2",REP_CUSTSALSUMSNAP_V,None,None,None
5,CUSTOMER SUMMARY,None,SYSTEM,None,None,None,None,None,None,AR_BOUGHTBYCUSTOMERS_V,API,None,1,nan,2010-09-03 15:32:10,29,2017-03-05 10:00:48,8,4,CUSTOMER SUMMARY ALL,None,None,"BU_ID||','||CREATED_BY||','||CREATION_DATE||','||CUSTOMER_ID||','||DELETE_FLAG||','||INV_APR||','||INV_AUG||','||INV_DEC||','||INV_FEB||','||INV_JAN||','||INV_JUL||','||INV_JUN||','||INV_LASTMONTH||','||INV_LASTTRANDATE||','||INV_LASTYEAR||','||INV_MAR||','||INV_MAY||','||INV_NOV||','||INV_OCT||','||INV_SEP||','||INV_THISWEEK||','||INV_TOTAL||','||INV_WEEK2||','||INV_WEEK3||','||INV_WEEK4||','||INV_WEEK5||','||INV_WEEK6||','||INV_YEAR2||','||INV_YEAR3||','||INV_YEAR4||','||INV_YTD||','||LAST_UPDATED_BY||','||LAST_UPDATE_DATE||','||LOCATION_ID||','||PMNT_APR||','||PMNT_AUG||','||PMNT_DEC||','||PMNT_FEB||','||PMNT_JAN||','||PMNT_JUL||','||PMNT_JUN||','||PMNT_LASTMONTH||','||PMNT_LASTTRANDATE||','||PMNT_LASTYEAR||','||PMNT_MAR||','||PMNT_MAY||','||PMNT_NOV||','||PMNT_OCT||','||PMNT_SEP||','||PMNT_THISWEEK||','||PMNT_TOTAL||','||PMNT_WEEK1||','||PMNT_WEEK2||','||PMNT_WEEK3||','||PMNT_WEEK4||','||PMNT_WEEK5||','||PMNT_WEEK6||','||PMNT_YEAR2||','||PMNT_YEAR3||','||PMNT_YEAR4||','||PMNT_YTD||','||RECORD_STATUS||','||SNAPSHOT_DATE||','||SNAPSHOT_ID||','||SUB_LOCATION_ID||','||UPDATE_SOURCE||','||INV_WEEK1||','",None,",",.TXT,CUSTOMERSUMMARYALL,TMP\,"BU_ID,CREATED_BY,CREATION_DATE,CUSTOMER_ID,DELETE_FLAG,INV_APR,INV_AUG,INV_DEC,INV_FEB,INV_JAN,INV_JUL,INV_JUN,INV_LASTMONTH,INV_LASTTRANDATE,INV_LASTYEAR,INV_MAR,INV_MAY,INV_NOV,INV_OCT,INV_SEP,INV_THISWEEK,INV_TOTAL,INV_WEEK2,INV_WEEK3,INV_WEEK4,INV_WEEK5,INV_WEEK6,INV_YEAR2,INV_YEAR3,INV_YEAR4,INV_YTD,LAST_UPDATED_BY,LAST_UPDATE_DATE,LOCATION_ID,PMNT_APR,PMNT_AUG,PMNT_DEC,PMNT_FEB,PMNT_JAN,PMNT_JUL,PMNT_JUN,PMNT_LASTMONTH,PMNT_LASTTRANDATE,PMNT_LASTYEAR,PMNT_MAR,PMNT_MAY,PMNT_NOV,PMNT_OCT,PMNT_SEP,PMNT_THISWEEK,PMNT_TOTAL,PMNT_WEEK1,PMNT_WEEK2,PMNT_WEEK3,PMNT_WEEK4,PMNT_WEEK5,PMNT_WEEK6,PMNT_YEAR2,PMNT_YEAR3,PMNT_YEAR4,PMNT_YTD,RECORD_STATUS,SNAPSHOT_DATE,SNAPSHOT_ID,SUB_LOCATION_ID,UPDATE_SOURCE,INV_WEEK1,","BU_ID,CREATED_BY,CREATION_DATE,CUSTOMER_ID,DELETE_FLAG,INV_APR,INV_AUG,INV_DEC,INV_FEB,INV_JAN,INV_JUL,INV_JUN,INV_LASTMONTH,INV_LASTTRANDATE,INV_LASTYEAR,INV_MAR,INV_MAY,INV_NOV,INV_OCT,INV_SEP,INV_THISWEEK,INV_TOTAL,INV_WEEK2,INV_WEEK3,INV_WEEK4,INV_WEEK5,INV_WEEK6,INV_YEAR2,INV_YEAR3,INV_YEAR4,INV_YTD,LAST_UPDATED_BY,LAST_UPDATE_DATE,LOCATION_ID,PMNT_APR,PMNT_AUG,PMNT_DEC,PMNT_FEB,PMNT_JAN,PMNT_JUL,PMNT_JUN,PMNT_LASTMONTH,PMNT_LASTTRANDATE,PMNT_LASTYEAR,PMNT_MAR,PMNT_MAY,PMNT_NOV,PMNT_OCT,PMNT_SEP,PMNT_THISWEEK,PMNT_TOTAL,PMNT_WEEK1,PMNT_WEEK2,PMNT_WEEK3,PMNT_WEEK4,PMNT_WEEK5,PMNT_WEEK6,PMNT_YEAR2,PMNT_YEAR3,PMNT_YEAR4,PMNT_YTD,RECORD_STATUS,SNAPSHOT_DATE,SNAPSHOT_ID,SUB_LOCATION_ID,UPDATE_SOURCE,INV_WEEK1,",AR_CUSTSUM_SNAP_V,None,None,None
6,ITEM MASTERS,None,SYSTEM,None,None,None,None,None,None,EXP_ITEMADDITIONALINFO_V,API,None,1,nan,2010-09-03 15:32:10,29,2017-03-05 10:00:48,11,7,FOR BARCODE LABEL,None,None,"ITEM_NUMBER||','||ITEM_ID||','||ITEM_NAME",None,",",.CSV,VINNY,TMP\,"ITEM_NUMBER,ITEM_ID,ITEM_NAME","ITEM_NUMBER,ITEM_ID,ITEM_NAME",INV_ITEM_MASTERS_V,WHERE ITEM_NUMBER LIKE '||''''||'60%'||''''||',None,ORDER BY ITEM_NUMBER
7,ITEM MASTERS,None,SYSTEM,None,None,None,None,None,None,EXP_ITEMADDITIONALINFO_V,API,None,1,nan,2010-09-03 15:32:10,29,2017-03-05 10:00:48,11,17,ALL,None,None,"ALTERNATE_CASE_CP||','||ALTERNATE_UNIT_CP||','||APPLY_OFFER||','||AVERAGE_UNITCP||','||BALANCESHEET_GL_ACCOUNT_ID||','||BU_ID||','||CASE_CP||','||CASE_HEIGHT||','||CASE_LENGTH||','||CASE_UNIT||','||CASE_VOLUME||','||CASE_VOLUMETRIC_WEIGHT||','||CASE_WIDTH||','||CCC_ID||','||CLOSING_BALANCE||','||CMC_PC_ID||','||COSTOFSALES_GL_ACCOUNT_ID||','||CREATED_BY||','||CREATION_DATE||','||CTC_TAX_CODE_ID||','||CUSTOMER_NOTES1||','||CUSTOMER_NOTES2||','||CUSTOMER_NOTES3||','||DEFAULT_LABEL_NAME||','||DELETE_FLAG||','||DELIVERY_CHARGES||','||DEMO_VIDEO_FILE||','||END_DATE_ACTIVE||','||ENFORCE_REORDER_QTY||','||ENFORCE_TAX_CODE||','||EXCHANGE_RATE||','||EXTERNAL_REFERENCE||','||FLAGINDATEFROM||','||FLAGINDATETO||','||FLAGINWEBEXPORT||','||FREIGHT||','||FREIGHT_LINE_ID||','||FREIGHT_NAME||','||FREIGHT_PRICE_CRITERIA||','||GAC_GL_ACCOUNT_ID||','||GOODSIN_LOCATION_ID||','||GROSS_CASE_WEIGHT||','||GROSS_UNIT_WEIGHT||','||GROUP1||','||GROUP2||','||GROUP3||','||GROUP4||','||IIC_CATEGORY_ID||','||IISC_SUB_CATEGORY_ID||','||IMAGE_HINT||','||IM_MANF_ID||','||INNER_QTY||','||INSTRUNCTION||','||IPBH_PRICE_BREAK_ID||','||ITEM_CLASS_CATEGORY||','||ITEM_COLOUR||','||ITEM_COMMENT||','||ITEM_CONDITION||','||ITEM_DIMENSION||','||ITEM_DIMENSION_TYPE||','||ITEM_FITTING||','||ITEM_ID||','||ITEM_NAME||','||ITEM_NUMBER||','||ITEM_SIZE||','||ITEM_SPECIFICATIONS||','||ITEM_STATUS||','||ITEM_STYLE||','||IWC_CHARGE_ID||','||KEY_WORDS||','||LAST_BOUGHT_UNITCP||','||LAST_UPDATED_BY||','||LAST_UPDATE_DATE||','||LONG_DESC||','||MAX_QTY||','||MIN_PB_QTY||','||MIN_QTY||','||MKUPTEMP_ID||','||NET_CASE_WEIGHT||','||NET_INGREDIENT||','||NET_UNIT_WEIGHT||','||OPENING_BALANCE||','||PALLET_QTY||','||PICTURENAME||','||PICTURENAME1||','||PICTURENAME2||','||PICTURENAME3||','||PICTURETYPE||','||PNL_GL_ACCOUNT_ID||','||PRICEVARIANCE_GL_ACCOUNT_ID||','||PRINT_PICTURE||','||PUBLISH_TO_WEB||','||PURCHASEABLE||','||QTYINSTOCK||','||RECORD_STATUS||','||REORDER_INTERVAL||','||REORDER_QTY||','||REORDER_UOMID||','||REPLENISHED_FROM_LOCATION||','||REPLENISHMENT_OPTIONS||','||RESERVABLE||','||SALEABLE||','||SALES_GL_ACCOUNT_ID||','||SALES_LOCATION_ID||','||SALES_LOCATION_QTY||','||SEASON_CODE_ID||','||SERIAL_NUMBERED||','||SERVICEDITEM||','||SHORT_DESC||','||SIMILAR_ITEM_CONCATED||','||SIMILAR_ITEM_ID||','||START_DATE_ACTIVE||','||STOCKABLE||','||STOCK_HOLDING_UNIT||','||STOCK_TAKE_CATEGORY||','||STP_ID||','||STP_LEVEL1_ID||','||STP_LEVEL2_ID||','||STP_LEVEL3_ID||','||STP_LEVEL4_ID||','||STP_LEVEL5_ID||','||STP_LEVEL6_ID||','||SUPPLIER_CASE_CP||','||SUPPLIER_NOTES1||','||SUPPLIER_NOTES2||','||SUPPLIER_NOTES3||','||SUPPLIER_PRODUCT_CODE||','||SUPPLIER_UNIT_CP||','||SUP_SUPPLIER_ID||','||TAKE_SNAPSHOT||','||TECHNICAL_SPECS||','||TECHNICAL_SPECS_FILE||','||TRACK_USAGE||','||TRADING_CASECP||','||TRADING_UNITCP||','||UNIT_CP||','||UNIT_HEIGHT||','||UNIT_LENGTH||','||UNIT_VOLUME||','||UNIT_VOLUMETRIC_WEIGHT||','||UNIT_WIDTH||','||UPDATE_SOURCE||','||VALUABLE||','||VOLUME_UOMID||','||WARRANTIED||','||WARRANTY_PERIOD||','||WEB_EXPEDITE_FLAG||','||WEIGHED_ITEM||','||WEIGHT_UOMID||','||WHOSE_FOR||','||WWW_BARCODE_TYPE||','||WWW_DESIGN_PATTERN||','||WWW_PACKAGE_QUANTITY||','||WWW_PARENTAGE||','||WWW_PARENT_SKU||','||WWW_RELATIONSHIP_TYPE||','||WWW_VARIATION_THEME||','",None,",",.CSV,ITEMMASTER,outbound\,"ALTERNATE_CASE_CP,ALTERNATE_UNIT_CP,APPLY_OFFER,AVERAGE_UNITCP,BALANCESHEET_GL_ACCOUNT_ID,BU_ID,CASE_CP,CASE_HEIGHT,CASE_LENGTH,CASE_UNIT,CASE_VOLUME,CASE_VOLUMETRIC_WEIGHT,CASE_WIDTH,CCC_ID,CLOSING_BALANCE,CMC_PC_ID,COSTOFSALES_GL_ACCOUNT_ID,CREATED_BY,CREATION_DATE,CTC_TAX_CODE_ID,CUSTOMER_NOTES1,CUSTOMER_NOTES2,CUSTOMER_NOTES3,DEFAULT_LABEL_NAME,DELETE_FLAG,DELIVERY_CHARGES,DEMO_VIDEO_FILE,END_DATE_ACTIVE,ENFORCE_REORDER_QTY,ENFORCE_TAX_CODE,EXCHANGE_RATE,EXTERNAL_REFERENCE,FLAGINDATEFROM,FLAGINDATETO,FLAGINWEBEXPORT,FREIGHT,FREIGHT_LINE_ID,FREIGHT_NAME,FREIGHT_PRICE_CRITERIA,GAC_GL_ACCOUNT_ID,GOODSIN_LOCATION_ID,GROSS_CASE_WEIGHT,GROSS_UNIT_WEIGHT,GROUP1,GROUP2,GROUP3,GROUP4,IIC_CATEGORY_ID,IISC_SUB_CATEGORY_ID,IMAGE_HINT,IM_MANF_ID,INNER_QTY,INSTRUNCTION,IPBH_PRICE_BREAK_ID,ITEM_CLASS_CATEGORY,ITEM_COLOUR,ITEM_COMMENT,ITEM_CONDITION,ITEM_DIMENSION,ITEM_DIMENSION_TYPE,ITEM_FITTING,ITEM_ID,ITEM_NAME,ITEM_NUMBER,ITEM_SIZE,ITEM_SPECIFICATIONS,ITEM_STATUS,ITEM_STYLE,IWC_CHARGE_ID,KEY_WORDS,LAST_BOUGHT_UNITCP,LAST_UPDATED_BY,LAST_UPDATE_DATE,LONG_DESC,MAX_QTY,MIN_PB_QTY,MIN_QTY,MKUPTEMP_ID,NET_CASE_WEIGHT,NET_INGREDIENT,NET_UNIT_WEIGHT,OPENING_BALANCE,PALLET_QTY,PICTURENAME,PICTURENAME1,PICTURENAME2,PICTURENAME3,PICTURETYPE,PNL_GL_ACCOUNT_ID,PRICEVARIANCE_GL_ACCOUNT_ID,PRINT_PICTURE,PUBLISH_TO_WEB,PURCHASEABLE,QTYINSTOCK,RECORD_STATUS,REORDER_INTERVAL,REORDER_QTY,REORDER_UOMID,REPLENISHED_FROM_LOCATION,REPLENISHMENT_OPTIONS,RESERVABLE,SALEABLE,SALES_GL_ACCOUNT_ID,SALES_LOCATION_ID,SALES_LOCATION_QTY,SEASON_CODE_ID,SERIAL_NUMBERED,SERVICEDITEM,SHORT_DESC,SIMILAR_ITEM_CONCATED,SIMILAR_ITEM_ID,START_DATE_ACTIVE,STOCKABLE,STOCK_HOLDING_UNIT,STOCK_TAKE_CATEGORY,STP_ID,STP_LEVEL1_ID,STP_LEVEL2_ID,STP_LEVEL3_ID,STP_LEVEL4_ID,STP_LEVEL5_ID,STP_LEVEL6_ID,SUPPLIER_CASE_CP,SUPPLIER_NOTES1,SUPPLIER_NOTES2,SUPPLIER_NOTES3,SUPPLIER_PRODUCT_CODE,SUPPLIER_UNIT_CP,SUP_SUPPLIER_ID,TAKE_SNAPSHOT,TECHNICAL_SPECS,TECHNICAL_SPECS_FILE,TRACK_USAGE,TRADING_CASECP,TRADING_UNITCP,UNIT_CP,UNIT_HEIGHT,UNIT_LENGTH,UNIT_VOLUME,UNIT_VOLUMETRIC_WEIGHT,UNIT_WIDTH,UPDATE_SOURCE,VALUABLE,VOLUME_UOMID,WARRANTIED,WARRANTY_PERIOD,WEB_EXPEDITE_FLAG,WEIGHED_ITEM,WEIGHT_UOMID,WHOSE_FOR,WWW_BARCODE_TYPE,WWW_DESIGN_PATTERN,WWW_PACKAGE_QUANTITY,WWW_PARENTAGE,WWW_PARENT_SKU,WWW_RELATIONSHIP_TYPE,WWW_VARIATION_THEME,","ALTERNATE_CASE_CP,ALTERNATE_UNIT_CP,APPLY_OFFER,AVERAGE_UNITCP,BALANCESHEET_GL_ACCOUNT_ID,BU_ID,CASE_CP,CASE_HEIGHT,CASE_LENGTH,CASE_UNIT,CASE_VOLUME,CASE_VOLUMETRIC_WEIGHT,CASE_WIDTH,CCC_ID,CLOSING_BALANCE,CMC_PC_ID,COSTOFSALES_GL_ACCOUNT_ID,CREATED_BY,CREATION_DATE,CTC_TAX_CODE_ID,CUSTOMER_NOTES1,CUSTOMER_NOTES2,CUSTOMER_NOTES3,DEFAULT_LABEL_NAME,DELETE_FLAG,DELIVERY_CHARGES,DEMO_VIDEO_FILE,END_DATE_ACTIVE,ENFORCE_REORDER_QTY,ENFORCE_TAX_CODE,EXCHANGE_RATE,EXTERNAL_REFERENCE,FLAGINDATEFROM,FLAGINDATETO,FLAGINWEBEXPORT,FREIGHT,FREIGHT_LINE_ID,FREIGHT_NAME,FREIGHT_PRICE_CRITERIA,GAC_GL_ACCOUNT_ID,GOODSIN_LOCATION_ID,GROSS_CASE_WEIGHT,GROSS_UNIT_WEIGHT,GROUP1,GROUP2,GROUP3,GROUP4,IIC_CATEGORY_ID,IISC_SUB_CATEGORY_ID,IMAGE_HINT,IM_MANF_ID,INNER_QTY,INSTRUNCTION,IPBH_PRICE_BREAK_ID,ITEM_CLASS_CATEGORY,ITEM_COLOUR,ITEM_COMMENT,ITEM_CONDITION,ITEM_DIMENSION,ITEM_DIMENSION_TYPE,ITEM_FITTING,ITEM_ID,ITEM_NAME,ITEM_NUMBER,ITEM_SIZE,ITEM_SPECIFICATIONS,ITEM_STATUS,ITEM_STYLE,IWC_CHARGE_ID,KEY_WORDS,LAST_BOUGHT_UNITCP,LAST_UPDATED_BY,LAST_UPDATE_DATE,LONG_DESC,MAX_QTY,MIN_PB_QTY,MIN_QTY,MKUPTEMP_ID,NET_CASE_WEIGHT,NET_INGREDIENT,NET_UNIT_WEIGHT,OPENING_BALANCE,PALLET_QTY,PICTURENAME,PICTURENAME1,PICTURENAME2,PICTURENAME3,PICTURETYPE,PNL_GL_ACCOUNT_ID,PRICEVARIANCE_GL_ACCOUNT_ID,PRINT_PICTURE,PUBLISH_TO_WEB,PURCHASEABLE,QTYINSTOCK,RECORD_STATUS,REORDER_INTERVAL,REORDER_QTY,REORDER_UOMID,REPLENISHED_FROM_LOCATION,REPLENISHMENT_OPTIONS,RESERVABLE,SALEABLE,SALES_GL_ACCOUNT_ID,SALES_LOCATION_ID,SALES_LOCATION_QTY,SEASON_CODE_ID,SERIAL_NUMBERED,SERVICEDITEM,SHORT_DESC,SIMILAR_ITEM_CONCATED,SIMILAR_ITEM_ID,START_DATE_ACTIVE,STOCKABLE,STOCK_HOLDING_UNIT,STOCK_TAKE_CATEGORY,STP_ID,STP_LEVEL1_ID,STP_LEVEL2_ID,STP_LEVEL3_ID,STP_LEVEL4_ID,STP_LEVEL5_ID,STP_LEVEL6_ID,SUPPLIER_CASE_CP,SUPPLIER_NOTES1,SUPPLIER_NOTES2,SUPPLIER_NOTES3,SUPPLIER_PRODUCT_CODE,SUPPLIER_UNIT_CP,SUP_SUPPLIER_ID,TAKE_SNAPSHOT,TECHNICAL_SPECS,TECHNICAL_SPECS_FILE,TRACK_USAGE,TRADING_CASECP,TRADING_UNITCP,UNIT_CP,UNIT_HEIGHT,UNIT_LENGTH,UNIT_VOLUME,UNIT_VOLUMETRIC_WEIGHT,UNIT_WIDTH,UPDATE_SOURCE,VALUABLE,VOLUME_UOMID,WARRANTIED,WARRANTY_PERIOD,WEB_EXPEDITE_FLAG,WEIGHED_ITEM,WEIGHT_UOMID,WHOSE_FOR,WWW_BARCODE_TYPE,WWW_DESIGN_PATTERN,WWW_PACKAGE_QUANTITY,WWW_PARENTAGE,WWW_PARENT_SKU,WWW_RELATIONSHIP_TYPE,WWW_VARIATION_THEME,",INV_ITEM_MASTERS_V,None,None,None
8,STOCK TAKE AUDIT,None,SYSTEM,None,None,None,None,None,None,REP_STKTAKEAUDIT_V,API,None,1,nan,2010-09-03 15:32:10,29,2017-03-05 10:00:48,9,5,STOCK TAKE AUDIT,None,None,"AVERAGEVALUE||','||AVERAGE_UNITCP||','||BASEVALUE||','||BATCH_NAME||','||BU_ID||','||CATEGORY_NAME||','||COMMENTS||','||COUNT_DATE||','||COUNT_STATUS||','||CREATED_BY||','||CREATION_DATE||','||CTC_TAX_CODE_ID||','||DAILY||','||DAILYCHAR||','||DIFFQTY||','||HOURLY||','||HOURLYCHAR||','||ITEM_COUNT_HEADER_ID||','||ITEM_COUNT_LINE_ID||','||ITEM_ID||','||ITEM_NAME||','||ITEM_NUMBER||','||LASTBOUGHTVALUE||','||LAST_BOUGHT_UNITCP||','||LOCATION_ID||','||LOCATION_NAME||','||MINUS_QUANTITY||','||MONTHLY||','||MONTHLYCHAR||','||OPERATORNAME||','||PERCENTAGEDIFF||','||QTY_COUNTED||','||QTY_INSTOCK||','||REASON_CODE_ID||','||REASON_DESC||','||REASON_NAME||','||REPORT_DATE||','||STKTAKE_NAME||','||STKTAKE_TYPE||','||STKTAKE_TYPE_ID||','||STOCKABLE||','||SUB_CATEGORY_NAME||','||SUB_LOCATION_ID||','||SUB_LOCATION_NAME||','||SUPPLIER_ID||','||SUPPLIER_NAME||','||UNIT_CP||','||VALUABLE||','||WEEKLY||','||WEEKLYCHAR||','||YEARLY||','||YEARLYCHAR||','","""",",",.CSV,STOCKTAKEAUDIT,TMP\,"AVERAGEVALUE,AVERAGE_UNITCP,BASEVALUE,BATCH_NAME,BU_ID,CATEGORY_NAME,COMMENTS,COUNT_DATE,COUNT_STATUS,CREATED_BY,CREATION_DATE,CTC_TAX_CODE_ID,DAILY,DAILYCHAR,DIFFQTY,HOURLY,HOURLYCHAR,ITEM_COUNT_HEADER_ID,ITEM_COUNT_LINE_ID,ITEM_ID,ITEM_NAME,ITEM_NUMBER,LASTBOUGHTVALUE,LAST_BOUGHT_UNITCP,LOCATION_ID,LOCATION_NAME,MINUS_QUANTITY,MONTHLY,MONTHLYCHAR,OPERATORNAME,PERCENTAGEDIFF,QTY_COUNTED,QTY_INSTOCK,REASON_CODE_ID,REASON_DESC,REASON_NAME,REPORT_DATE,STKTAKE_NAME,STKTAKE_TYPE,STKTAKE_TYPE_ID,STOCKABLE,SUB_CATEGORY_NAME,SUB_LOCATION_ID,SUB_LOCATION_NAME,SUPPLIER_ID,SUPPLIER_NAME,UNIT_CP,VALUABLE,WEEKLY,WEEKLYCHAR,YEARLY,YEARLYCHAR,","AVERAGEVALUE,AVERAGE_UNITCP,BASEVALUE,BATCH_NAME,BU_ID,CATEGORY_NAME,COMMENTS,COUNT_DATE,COUNT_STATUS,CREATED_BY,CREATION_DATE,CTC_TAX_CODE_ID,DAILY,DAILYCHAR,DIFFQTY,HOURLY,HOURLYCHAR,ITEM_COUNT_HEADER_ID,ITEM_COUNT_LINE_ID,ITEM_ID,ITEM_NAME,ITEM_NUMBER,LASTBOUGHTVALUE,LAST_BOUGHT_UNITCP,LOCATION_ID,LOCATION_NAME,MINUS_QUANTITY,MONTHLY,MONTHLYCHAR,OPERATORNAME,PERCENTAGEDIFF,QTY_COUNTED,QTY_INSTOCK,REASON_CODE_ID,REASON_DESC,REASON_NAME,REPORT_DATE,STKTAKE_NAME,STKTAKE_TYPE,STKTAKE_TYPE_ID,STOCKABLE,SUB_CATEGORY_NAME,SUB_LOCATION_ID,SUB_LOCATION_NAME,SUPPLIER_ID,SUPPLIER_NAME,UNIT_CP,VALUABLE,WEEKLY,WEEKLYCHAR,YEARLY,YEARLYCHAR,",REP_STKTAKEAUDIT_V,None,None,None
9,TRANSACTION HISTORY,None,SYSTEM,None,None,None,None,None,None,INV_TRANSSUMMARY_V,API,None,1,nan,2010-09-03 15:32:10,29,2017-03-05 10:00:48,10,6,ALL COLUMNS,None,None,"TRANS_SOURCE||','||LOCATION_NAME||','||REPORT_DATE||','||SOURCE_HEADER_ID||','||SOURCE_INFO1||','||SOURCE_INFO2||','||SOURCE_TYPE||','||STATUS||','||STATUS_DATE||','||SUB_LOCATION||','||SUB_LOCATION_ID||','||SUB_LOCATION_NAME||','||SUB_LOC_GROUP_CODE||','||TRANS_SEQ||','||USER_NAME",None,",",.CSV,ALLCOLUMNS,TMP\,"TRANS SOURCE,LOCATION_NAME,REPORT_DATE,SOURCE_HEADER_ID,SOURCE_INFO1,SOURCE_INFO2,SOURCE_TYPE,STATUS,STATUS_DATE,SUB_LOCATION,SUB_LOCATION_ID,SUB_LOCATION_NAME,SUB_LOC_GROUP_CODE,TRANS_SEQ,TRANS_SOURCE,USER_NAME,","TRANS_SOURCE,LOCATION_NAME,REPORT_DATE,SOURCE_HEADER_ID,SOURCE_INFO1,SOURCE_INFO2,SOURCE_TYPE,STATUS,STATUS_DATE,SUB_LOCATION,SUB_LOCATION_ID,SUB_LOCATION_NAME,SUB_LOC_GROUP_CODE,TRANS_SEQ,USER_NAME",INV_TRANSSUMMARY_V,None,None,None
